company_code,invoice_date,sales_order_id,customer_id,amount
US001,2021-03-02,1,TSP782,5170.0000
US001,2021-03-19,2,HOI933,47520.0000
US001,2021-03-14,3,DTN343,83050.0000
US001,2021-03-28,4,RAO892,3692590.0000
US001,2021-03-26,5,WVD027,20570.0000
US001,2021-03-04,6,RYU403,73480.0000
US001,2021-03-28,7,KHV032,17380.0000
US001,2021-03-16,8,QSL660,3575000.0000
US001,2021-03-23,9,BUD620,78100.0000
US001,2021-03-18,10,LSW331,35640.0000
US001,2021-03-27,11,JBZ260,9130.0000
US001,2021-03-13,12,UPD089,7590.0000
US001,2021-03-17,13,TYV998,33000.0000
US001,2021-03-21,14,LSV777,3578080.0000
US001,2021-03-16,15,PVO164,1430.0000
US001,2021-03-18,16,UZN507,21010.0000
US001,2021-03-20,17,SEW943,12100.0000
US001,2021-03-21,18,TRZ779,15840.0000
US001,2021-03-27,19,RQS511,20900.0000
US001,2021-03-26,20,FKQ256,23100.0000
US001,2021-03-06,21,IHZ746,83050.0000
US001,2021-03-24,22,HOT627,148060.0000
US001,2021-03-09,23,TTM188,1650.0000
US001,2021-03-04,24,BTS265,61380.0000
US001,2021-03-27,25,XCL813,33000.0000
US001,2021-03-01,26,PJY992,1430.0000
US001,2021-03-08,27,VLR541,47850.0000
US001,2021-03-06,28,UVJ289,44880.0000
US001,2021-03-04,29,NAC877,16500.0000
US001,2021-03-08,30,QGB097,25850.0000
US001,2021-03-26,31,ROS735,17490.0000
US001,2021-03-19,32,FRD814,25520.0000
US001,2021-03-19,33,XME370,30140.0000
US001,2021-03-05,34,WVS165,12870.0000
US001,2021-03-12,35,SAT294,14630.0000
US001,2021-03-02,36,PPO933,3372930.0000
US001,2021-03-19,37,OJJ909,18480.0000
US001,2021-03-17,38,TZG527,45540.0000
US001,2021-03-19,39,XOS391,3300.0000
US001,2021-03-19,40,EUU464,42240.0000
US001,2021-03-05,41,XVL279,3676530.0000
US001,2021-03-21,42,EJY861,28160.0000
US001,2021-03-03,43,DJV444,3190.0000
US001,2021-03-20,44,ETS717,211310.0000
US001,2021-03-19,45,IXT084,61710.0000
US001,2021-03-16,46,WVY038,40920.0000
US001,2021-03-23,47,HYX243,43560.0000
US001,2021-03-04,48,FTG824,94050.0000
US001,2021-03-05,49,RAV577,3301320.0000
US001,2021-03-12,50,GQY458,1320.0000
US001,2021-03-01,51,RQY050,67100.0000
US001,2021-03-16,52,MOE604,14410.0000
US001,2021-03-08,53,VFY393,48400.0000
US001,2021-03-05,54,CBY397,21780.0000
US001,2021-03-16,55,NGV819,3577310.0000
US001,2021-03-16,56,IDS773,36300.0000
US001,2021-03-21,57,MSR362,7480.0000
US001,2021-03-04,58,MWL427,19910.0000
US001,2021-03-22,59,REN980,550.0000
US001,2021-03-30,60,OBF681,187660.0000
US001,2021-03-20,61,RBS197,79750.0000
US001,2021-03-25,62,IYY218,157850.0000
US001,2021-03-22,63,VHU076,84150.0000
US001,2021-03-25,64,XCE094,94270.0000
US001,2021-03-04,65,HII815,2860.0000
US001,2021-03-04,66,PNY563,2200.0000
US001,2021-03-08,67,TVF454,51920.0000
US001,2021-03-07,68,OTO243,36300.0000
US001,2021-03-07,69,WCC233,61710.0000
US001,2021-03-12,70,LJY157,146850.0000
US001,2021-03-14,71,QFS583,150700.0000
US001,2021-03-21,72,QOI655,440.0000
US001,2021-03-10,73,FCU623,18810.0000
US001,2021-03-21,74,KAX336,18370.0000
US001,2021-03-29,75,ZSS250,1320.0000
US001,2021-03-13,76,MBC532,21450.0000
US001,2021-03-03,77,LWQ997,60500.0000
US001,2021-03-16,78,QFC049,65890.0000
US001,2021-03-02,79,GKO468,213290.0000
US001,2021-03-07,80,CLR406,80520.0000
US001,2021-03-24,81,HFO855,67430.0000
US001,2021-03-17,82,KGL354,3300000.0000
US001,2021-03-03,83,QSS204,2640.0000
US001,2021-03-11,84,ZSO966,128150.0000
US001,2021-03-02,85,QPG742,104720.0000
US001,2021-03-01,86,XMN121,28380.0000
US001,2021-03-09,87,FXU477,31680.0000
US001,2021-03-16,88,XYZ540,170060.0000
US001,2021-03-13,89,RQK945,139700.0000
US001,2021-03-03,90,SNL181,16500.0000
US001,2021-03-17,91,KVY063,140250.0000
US001,2021-03-26,92,OCE516,29700.0000
US001,2021-03-19,93,ZJH019,42900.0000
US001,2021-03-03,94,MNG427,42900.0000
US001,2021-03-25,95,BAL665,3575000.0000
US001,2021-03-01,96,NHJ582,3427270.0000
US001,2021-03-30,97,UOY970,30030.0000
US001,2021-03-15,98,ZLE300,3601400.0000
US001,2021-03-09,99,WGT622,3080.0000
US001,2021-03-12,100,EFT262,118800.0000
US001,2021-03-15,101,IEX131,990.0000
US001,2021-03-29,102,DTH051,81950.0000
US001,2021-03-13,103,ZGZ378,113740.0000
US001,2021-03-11,104,BRT414,44220.0000
US001,2021-03-06,105,KWI008,6600.0000
US001,2021-03-21,106,TKM772,3358850.0000
US001,2021-03-18,107,YOY538,11880.0000
US001,2021-03-01,108,GGX198,175010.0000
US001,2021-03-28,109,WWU185,31350.0000
US001,2021-03-10,110,RFT246,19140.0000
US001,2021-03-08,111,GNW373,37730.0000
US001,2021-03-19,112,DDS389,16500.0000
US001,2021-03-06,113,YGJ942,60500.0000
US001,2021-03-04,114,ANP878,50600.0000
US001,2021-03-03,115,PQG517,36300.0000
US001,2021-03-21,116,JID033,2860.0000
US001,2021-03-13,117,OAK663,18040.0000
US001,2021-03-09,118,SAO825,47630.0000
US001,2021-03-13,119,KUW662,4950.0000
US001,2021-03-21,120,DSQ399,8800.0000
US001,2021-03-14,121,XHY195,1650.0000
US001,2021-03-04,122,LBJ138,48840.0000
US001,2021-03-07,123,LPB140,30250.0000
US001,2021-03-30,124,NYF809,156750.0000
US001,2021-03-07,125,LLB803,106150.0000
US001,2021-03-25,126,WKS378,173580.0000
US001,2021-03-15,127,DZV547,3620760.0000
US001,2021-03-20,128,QWQ967,330.0000
US001,2021-03-20,129,YZH887,3576870.0000
US001,2021-03-28,130,AOJ467,13200.0000
US001,2021-03-12,131,UED505,9900.0000
US001,2021-03-28,132,TWL118,17160.0000
US001,2021-03-28,133,JCR624,3575000.0000
US001,2021-03-12,134,HWE801,43560.0000
US001,2021-03-18,135,DZD767,27720.0000
US001,2021-03-11,136,SJO703,1980.0000
US001,2021-03-19,137,KKV615,3714370.0000
US001,2021-03-03,138,BGQ262,77000.0000
US001,2021-03-27,139,VAG838,380600.0000
US001,2021-03-10,140,CBG370,24970.0000
US001,2021-03-10,141,CDL964,143110.0000
US001,2021-03-06,142,KDL993,26400.0000
US001,2021-03-21,143,UYL807,174900.0000
US001,2021-03-15,144,WUK621,10450.0000
US001,2021-03-24,145,LOY148,660.0000
US001,2021-03-16,146,IIU882,69300.0000
US001,2021-03-28,148,HGG564,54780.0000
US001,2021-03-26,149,QPR679,40260.0000
US001,2021-03-20,150,UIW331,39600.0000
US001,2021-03-24,151,XSV950,6600.0000
US001,2021-03-03,152,XCX181,14850.0000
US001,2021-03-27,153,KQC735,66000.0000
US001,2021-03-24,154,TMN075,770.0000
US001,2021-03-29,155,TRN266,20790.0000
US001,2021-03-04,156,UFE936,24750.0000
US001,2021-03-30,157,UWZ687,33660.0000
US001,2021-03-30,158,OKF076,3582920.0000
US001,2021-03-18,159,IWQ225,139700.0000
US001,2021-03-28,160,HYV662,15290.0000
US001,2021-03-04,161,WRY029,11880.0000
US001,2021-03-04,162,LXT658,23320.0000
US001,2021-03-28,163,HCI446,49170.0000
US001,2021-03-20,164,CZW426,23210.0000
US001,2021-03-08,165,FNU541,35640.0000
US001,2021-03-21,166,JUG007,3300.0000
US001,2021-03-01,167,XHC845,18700.0000
US001,2021-03-26,168,BGN662,53460.0000
US001,2021-03-11,169,IBX330,48950.0000
US001,2021-03-28,170,VWL276,51150.0000
US001,2021-03-04,171,HWU522,6600.0000
US001,2021-03-05,172,EAH287,1430.0000
US001,2021-03-27,173,EGO049,220.0000
US001,2021-03-07,174,PGZ857,26400.0000
US001,2021-03-15,175,DFY381,106150.0000
US001,2021-03-01,176,OQH450,16500.0000
US001,2021-03-09,177,PBX100,42130.0000
US001,2021-03-20,178,LTS178,47850.0000
US001,2021-03-16,179,FTY176,8470.0000
US001,2021-03-24,180,MBD261,38940.0000
US001,2021-03-20,181,BHI211,3609100.0000
US001,2021-03-30,182,VBI076,62040.0000
US001,2021-03-28,183,YCJ069,3302640.0000
US001,2021-03-10,184,DWO108,17380.0000
US001,2021-03-07,185,DBH278,162250.0000
US001,2021-03-18,186,BXX907,120450.0000
US001,2021-03-11,187,IDE592,16170.0000
US001,2021-03-28,188,HNM191,59070.0000
US001,2021-03-21,189,EXY873,158290.0000
US001,2021-03-08,190,MJR811,3705240.0000
US001,2021-03-11,191,NHK576,117480.0000
US001,2021-03-14,192,ZBH742,53350.0000
US001,2021-03-24,193,ESL627,1870.0000
US001,2021-03-14,194,ADR478,19140.0000
US001,2021-03-13,195,YIY379,85910.0000
US001,2021-03-28,196,IMV189,40810.0000
US001,2021-03-19,197,BVO020,12540.0000
US001,2021-03-29,198,APK355,61600.0000
US001,2021-03-18,199,WOW201,38940.0000
US001,2021-03-07,200,NQR662,36960.0000
US001,2021-03-13,201,TRE596,17930.0000
US001,2021-03-05,202,MSO886,29700.0000
US001,2021-03-17,203,KME471,161700.0000
US001,2021-03-27,204,FSH295,40700.0000
US001,2021-03-16,205,HTK933,39600.0000
US001,2021-03-10,206,TAH862,152900.0000
US001,2021-03-02,207,RZS844,28050.0000
US001,2021-03-18,208,LBH619,2310.0000
US001,2021-03-14,209,XNE514,72930.0000
US001,2021-03-20,210,KJX401,3613500.0000
US001,2021-03-26,211,KKI892,3606460.0000
US001,2021-03-08,212,XGG594,3637920.0000
US001,2021-03-06,213,SGH323,57970.0000
US001,2021-03-06,214,AYL345,128150.0000
US001,2021-03-19,215,CVA671,54120.0000
US001,2021-03-14,216,WYE368,32890.0000
US001,2021-03-27,217,KSG580,69300.0000
US001,2021-03-19,218,CJC201,8250.0000
US001,2021-03-28,219,TFU276,660.0000
US001,2021-03-27,220,RWA412,2970.0000
US001,2021-03-26,221,ZDN812,84920.0000
US001,2021-03-18,222,UCJ446,74250.0000
US001,2021-03-13,223,GVJ601,82500.0000
US001,2021-03-16,224,PIS927,18150.0000
US001,2021-03-12,225,VQN845,14080.0000
US001,2021-03-15,226,PTT644,174900.0000
US001,2021-03-12,227,JXR839,1980.0000
US001,2021-03-02,228,NWX118,52250.0000
US001,2021-03-07,229,PGR067,20240.0000
US001,2021-03-11,230,DFW379,74800.0000
US001,2021-03-19,231,FHN146,129250.0000
US001,2021-03-25,232,GOP511,21450.0000
US001,2021-03-11,233,KUT318,139700.0000
US001,2021-03-21,234,MMM843,990.0000
US001,2021-03-28,235,EWU006,9900.0000
US001,2021-03-03,236,FOW399,33330.0000
US001,2021-03-17,237,EHO022,39490.0000
US001,2021-03-29,238,CYR150,66000.0000
US001,2021-03-17,239,FSS270,35750.0000
US001,2021-03-29,240,JET587,72600.0000
US001,2021-03-04,241,NPH897,2970.0000
US001,2021-03-28,242,QJU343,44880.0000
US001,2021-03-29,243,IWE175,60390.0000
US001,2021-03-25,244,VBG009,130350.0000
US001,2021-03-02,245,CFA625,6600.0000
US001,2021-03-11,246,PZP264,38280.0000
US001,2021-03-27,247,WAV772,11550.0000
US001,2021-03-09,248,PRA629,50050.0000
US001,2021-03-16,249,WLZ251,61600.0000
US001,2021-03-12,250,GMN722,170940.0000
US001,2021-03-29,251,JIV415,330.0000
US001,2021-03-14,252,DXG228,11000.0000
US001,2021-03-02,253,YGW577,9460.0000
US001,2021-03-20,254,QHK763,69960.0000
US001,2021-03-07,255,EBX252,14520.0000
US001,2021-03-23,256,NNH747,168300.0000
US001,2021-03-22,257,VRI811,98450.0000
US001,2021-03-01,258,KKF442,3602720.0000
US001,2021-03-28,259,MGF254,990.0000
US001,2021-03-25,260,GSI519,13200.0000
US001,2021-03-03,261,RCW622,82500.0000
US001,2021-03-24,262,AIF886,6160.0000
US001,2021-03-06,263,NIJ469,50050.0000
US001,2021-03-03,264,CYA745,70290.0000
US001,2021-03-08,265,RBT819,59070.0000
US001,2021-03-07,266,XAR312,24750.0000
US001,2021-03-27,267,OPV365,19250.0000
US001,2021-03-09,268,GDL884,97240.0000
US001,2021-03-16,269,RTR704,42020.0000
US001,2021-03-14,270,LHA586,17820.0000
US001,2021-03-10,271,LAM247,145200.0000
US001,2021-03-20,272,GDR512,3698860.0000
US001,2021-03-24,273,FLT128,3600080.0000
US001,2021-03-15,274,AAN129,19910.0000
US001,2021-03-19,275,HYB334,6600.0000
US001,2021-03-07,276,UZB487,26400.0000
US001,2021-03-19,277,GXX301,1540.0000
US001,2021-03-04,278,VZW762,1320.0000
US001,2021-03-26,279,MBF129,48840.0000
US001,2021-03-02,280,XMM137,3585560.0000
US001,2021-03-18,281,LTA026,17820.0000
US001,2021-03-20,282,GSL694,29700.0000
US001,2021-03-21,283,NDT170,59400.0000
US001,2021-03-10,284,LWO971,50490.0000
US001,2021-03-14,285,OYH021,6600.0000
US001,2021-03-19,286,LZL870,183480.0000
US001,2021-03-28,287,KYO716,38940.0000
US001,2021-03-28,288,ZKR810,29040.0000
US001,2021-03-30,289,KLG432,16500.0000
US001,2021-03-19,290,VXD532,3080.0000
US001,2021-03-18,291,JJS953,550.0000
US001,2021-03-03,292,UHB069,201850.0000
US001,2021-03-20,293,TPC435,28050.0000
US001,2021-03-22,294,GHJ260,3670040.0000
US001,2021-03-29,295,KRG907,31680.0000
US001,2021-03-12,296,WIC793,61380.0000
US001,2021-03-04,297,PNT418,22440.0000
US001,2021-03-24,298,SGA436,52470.0000
US001,2021-03-12,299,ASR518,58740.0000
US001,2021-03-22,300,LVT719,18150.0000
US001,2021-03-11,301,LAE649,127050.0000
US001,2021-03-24,302,XCH566,7590.0000
US001,2021-03-19,303,NAU844,1320.0000
US001,2021-03-10,304,UGV861,33440.0000
US001,2021-03-25,305,CEW414,47300.0000
US001,2021-03-10,306,IIA462,44990.0000
US001,2021-03-19,307,FMH600,9240.0000
US001,2021-03-14,308,ARC572,8250.0000
US001,2021-03-18,309,GTS773,3579400.0000
US001,2021-03-07,310,CSC229,10340.0000
US001,2021-03-25,311,KGS298,660.0000
US001,2021-03-15,312,CCV606,102410.0000
US001,2021-03-12,313,QRC323,14850.0000
US001,2021-03-03,314,BXR490,157850.0000
US001,2021-03-22,315,SST181,144210.0000
US001,2021-03-23,316,XYN774,33990.0000
US001,2021-03-25,317,LAW656,1430.0000
US001,2021-03-26,318,KSF438,68640.0000
US001,2021-03-15,319,PQR383,3747810.0000
US001,2021-03-04,320,IKP925,28050.0000
US001,2021-03-25,321,QMB680,2640.0000
US001,2021-03-10,322,GWL059,7150.0000
US001,2021-03-01,323,KKF719,42900.0000
US001,2021-03-14,324,PYM441,1760.0000
US001,2021-03-20,325,HCJ631,5830.0000
US001,2021-03-07,326,HZG363,127050.0000
US001,2021-03-24,327,EOT287,3301650.0000
US001,2021-03-21,328,VLN220,13200.0000
US001,2021-03-23,329,YHD981,3606240.0000
US001,2021-03-11,330,ABR097,165990.0000
US001,2021-03-04,331,JUK200,35640.0000
US001,2021-03-26,332,VPG296,3313200.0000
US001,2021-03-17,333,KTV367,33770.0000
US001,2021-03-27,334,KTC174,45210.0000
US001,2021-03-21,335,UAK254,46200.0000
US001,2021-03-20,336,FZN241,2420.0000
US001,2021-03-23,337,HCK118,41250.0000
US001,2021-03-09,338,JHW893,3734170.0000
US001,2021-03-12,339,GOO312,108350.0000
US001,2021-03-04,340,AMA328,3593040.0000
US001,2021-03-16,341,GIH400,2200.0000
US001,2021-03-07,342,VIT730,21450.0000
US001,2021-03-01,343,YSK070,22440.0000
US001,2021-03-22,344,KUH566,172590.0000
US001,2021-03-10,345,FTE905,3722400.0000
US001,2021-03-02,346,NTV942,15400.0000
US001,2021-03-22,347,VED019,29700.0000
US001,2021-03-15,348,FEV664,135300.0000
US001,2021-03-07,349,DGX668,3420120.0000
US001,2021-03-02,350,EED289,3300.0000
US001,2021-03-26,351,VMJ909,119680.0000
US001,2021-03-21,352,OBC089,141350.0000
US001,2021-03-16,353,DXU428,28160.0000
US001,2021-03-21,354,ELA095,48180.0000
US001,2021-03-14,355,FQO662,77000.0000
US001,2021-03-04,356,DZE354,23100.0000
US001,2021-03-22,357,EQE484,3577640.0000
US001,2021-03-05,358,YQD913,185900.0000
US001,2021-03-25,359,PTN182,121550.0000
US001,2021-03-11,360,CDC467,76120.0000
US001,2021-03-07,361,MFH489,40920.0000
US001,2021-03-10,362,YKL005,40920.0000
US001,2021-03-16,364,HNA940,1210.0000
US001,2021-03-26,365,QJQ466,3599860.0000
US001,2021-03-19,366,MJJ947,137500.0000
US001,2021-03-29,367,TUD174,53350.0000
US001,2021-03-11,368,PTL594,3575000.0000
US001,2021-03-12,369,GPU045,48950.0000
US001,2021-03-01,370,DSY200,150700.0000
US001,2021-03-18,371,BPK811,3300000.0000
US001,2021-03-02,372,GMN788,3331680.0000
US001,2021-03-28,373,DAB775,220.0000
US001,2021-03-20,374,UBS251,126720.0000
US001,2021-03-07,375,DED782,10780.0000
US001,2021-03-28,376,DXY557,4840.0000
US001,2021-03-29,377,JFQ688,50160.0000
US001,2021-03-14,378,WHU963,99550.0000
US001,2021-03-14,379,HMH735,3620320.0000
US001,2021-03-06,380,BLX126,3960.0000
US001,2021-03-22,381,VTV250,14520.0000
US001,2021-03-19,382,UFP375,96910.0000
US001,2021-03-03,383,PFL850,29700.0000
US001,2021-03-26,384,IPJ001,64130.0000
US001,2021-03-08,385,JDT206,118800.0000
US001,2021-03-19,386,HJN419,38610.0000
US001,2021-03-13,387,DFD657,24640.0000
US001,2021-03-12,388,SYP747,7920.0000
US001,2021-03-25,389,MCY459,1760.0000
US001,2021-03-03,390,YJS683,47080.0000
US001,2021-03-23,391,TGR477,31020.0000
US001,2021-03-21,392,SMW877,51700.0000
US001,2021-03-07,393,XZN274,3621090.0000
US001,2021-03-09,394,HWU705,3301980.0000
US001,2021-03-13,395,AEX530,16500.0000
US001,2021-03-07,396,QYA393,20900.0000
US001,2021-03-06,397,DBT501,1320.0000
US001,2021-03-06,398,RWY766,18480.0000
US001,2021-03-11,399,OAF639,70290.0000
US001,2021-03-10,400,DJG991,21120.0000
US001,2021-03-08,401,WMC508,3590840.0000
US001,2021-03-26,402,PCY088,36960.0000
US001,2021-03-07,403,SSD692,3580940.0000
US001,2021-03-29,404,JVQ055,29810.0000
US001,2021-03-22,405,TQK641,64130.0000
US001,2021-03-26,406,PVW580,15840.0000
US001,2021-03-23,407,VOZ837,110.0000
US001,2021-03-08,408,MGF559,126500.0000
US001,2021-03-24,409,JJG837,28930.0000
US001,2021-03-13,410,BLE951,1870.0000
US001,2021-03-07,411,AXA496,53130.0000
US001,2021-03-18,412,QZY062,3742860.0000
US001,2021-03-04,413,ORH904,440.0000
US001,2021-03-17,414,GHM986,3421550.0000
US001,2021-03-14,415,IUF960,32340.0000
US001,2021-03-30,416,MJT577,128040.0000
US001,2021-03-18,417,IZB977,27720.0000
US001,2021-03-25,418,RLF092,3300000.0000
US001,2021-03-17,419,YTH580,64900.0000
US001,2021-03-30,420,OJH642,7370.0000
US001,2021-03-05,421,AIR768,21120.0000
US001,2021-03-26,422,ONC532,130680.0000
US001,2021-03-16,423,ZGN598,2640.0000
US001,2021-03-27,424,MWE250,9900.0000
US001,2021-03-25,425,WCY129,22880.0000
US001,2021-03-20,426,IKN425,127270.0000
US001,2021-03-24,427,MHR474,79090.0000
US001,2021-03-14,428,DBE564,36960.0000
US001,2021-03-04,429,RNX045,29810.0000
US001,2021-03-25,430,LGS972,19470.0000
US001,2021-03-08,431,LQI719,51590.0000
US001,2021-03-19,432,OPO101,18810.0000
US001,2021-03-28,433,WMN993,6600.0000
US001,2021-03-18,434,OUS314,12210.0000
US001,2021-03-20,435,YLT964,42240.0000
US001,2021-03-20,436,OZR032,1760.0000
US001,2021-03-09,437,RIZ591,990.0000
US001,2021-03-02,438,SSG261,123200.0000
US001,2021-03-13,439,NYE795,21120.0000
US001,2021-03-20,440,YGV099,220.0000
US001,2021-03-30,441,HSV999,6600.0000
US001,2021-03-04,442,JTP063,9570.0000
US001,2021-03-28,443,QAO747,23100.0000
US001,2021-03-28,444,KII721,2530.0000
US001,2021-03-04,445,DZQ086,31570.0000
US001,2021-03-04,446,TAP397,3325850.0000
US001,2021-03-04,447,YQF366,40700.0000
US001,2021-03-09,448,KAG260,11220.0000
US001,2021-03-28,449,XOW239,166100.0000
US001,2021-03-24,450,HRG972,175670.0000
US001,2021-03-01,451,ZTV495,2640.0000
US001,2021-03-05,452,YAR477,31350.0000
US001,2021-03-20,453,EEF542,16170.0000
US001,2021-03-07,454,CSE412,28050.0000
US001,2021-03-15,455,BYK099,31350.0000
US001,2021-03-16,456,YRU043,185790.0000
US001,2021-03-28,457,EAG995,59620.0000
US001,2021-03-12,458,PTE847,3581270.0000
US001,2021-03-03,459,DBB233,87670.0000
US001,2021-03-03,460,VHL908,55550.0000
US001,2021-03-05,461,VVE100,12100.0000
US001,2021-03-01,462,WYU201,224180.0000
US001,2021-03-08,463,TTT930,43230.0000
US001,2021-03-06,464,RND057,23760.0000
US001,2021-03-17,465,XZF468,44880.0000
US001,2021-03-26,466,VLV803,40260.0000
US001,2021-03-15,467,BOD453,16500.0000
US001,2021-03-21,468,CFC834,22660.0000
US001,2021-03-07,469,ACC019,3778830.0000
US001,2021-03-27,470,TAT541,78870.0000
US001,2021-03-22,471,KZQ521,18150.0000
US001,2021-03-17,472,EET141,47520.0000
US001,2021-03-29,473,YAO246,46200.0000
US001,2021-03-14,474,ZNE412,29040.0000
US001,2021-03-04,475,WSH950,3575000.0000
US001,2021-03-27,476,MPW059,18480.0000
US001,2021-03-02,477,STS734,19580.0000
US001,2021-03-12,478,GBH553,1540.0000
US001,2021-03-05,479,ZEO810,3582920.0000
US001,2021-03-27,480,IFV722,123200.0000
US001,2021-03-23,481,RVQ532,1430.0000
US001,2021-03-19,482,PHB836,79200.0000
US001,2021-03-11,483,POA184,3643090.0000
US001,2021-03-04,484,XYO429,86900.0000
US001,2021-03-04,485,HIK936,19800.0000
US001,2021-03-01,486,YXS189,25520.0000
US001,2021-03-02,487,SVB601,119680.0000
US001,2021-03-16,488,ANC597,23100.0000
US001,2021-03-16,489,KNH519,9240.0000
US001,2021-03-11,490,UEX472,36960.0000
US001,2021-03-09,491,SHA364,3617240.0000
US001,2021-03-26,492,PTY339,8800.0000
US001,2021-03-02,493,CPG352,3671250.0000
US001,2021-03-20,494,DGS883,23980.0000
US001,2021-03-16,495,SUD607,55880.0000
US001,2021-03-15,496,GBR654,18150.0000
US001,2021-03-24,497,BCZ366,3575000.0000
US001,2021-03-06,498,PGQ993,34650.0000
US001,2021-03-11,499,UGW775,26950.0000
US001,2021-03-01,500,ZWG848,69630.0000
US001,2021-03-22,501,RCU260,26400.0000
US001,2021-03-10,502,GUV577,60500.0000
US001,2021-03-13,503,MDE713,161150.0000
US001,2021-03-24,504,PCW968,151250.0000
US001,2021-03-08,505,IRP262,106700.0000
US001,2021-03-25,506,IGG663,14300.0000
US001,2021-03-03,507,UDV911,68750.0000
US001,2021-03-27,508,MDM832,3080.0000
US001,2021-03-19,509,MRW514,51150.0000
US001,2021-03-12,510,FHO454,83490.0000
US001,2021-03-22,511,OAL743,3459500.0000
US001,2021-03-18,512,YCY324,140690.0000
US001,2021-03-17,513,DYG689,3300.0000
US001,2021-03-11,514,SSP789,990.0000
US001,2021-03-10,515,DDI029,6600.0000
US001,2021-03-04,516,HYB436,63470.0000
US001,2021-03-02,517,SEI080,3348950.0000
US001,2021-03-06,518,JKU451,65010.0000
US001,2021-03-02,519,XJJ797,2530.0000
US001,2021-03-28,520,OJV584,74580.0000
US001,2021-03-30,521,NHW535,83050.0000
US001,2021-03-13,522,KMW839,139150.0000
US001,2021-03-03,523,TTJ721,3740440.0000
US001,2021-03-20,524,QVP762,10230.0000
US001,2021-03-02,525,JIS873,58520.0000
US001,2021-03-06,526,IFW406,134750.0000
US001,2021-03-28,527,QNE455,39600.0000
US001,2021-03-08,528,LWX265,67980.0000
US001,2021-03-28,529,BOT477,11550.0000
US001,2021-03-03,530,DUJ561,660.0000
US001,2021-03-07,531,SDJ651,1760.0000
US001,2021-03-11,532,IFH930,29700.0000
US001,2021-03-09,533,BNQ828,3618560.0000
US001,2021-03-11,534,YCW789,3736150.0000
US001,2021-03-14,535,IAL256,18480.0000
US001,2021-03-10,536,JQE910,27390.0000
US001,2021-03-06,537,TAP248,44550.0000
US001,2021-03-11,538,SID364,131560.0000
US001,2021-03-15,539,JUB032,2200.0000
US001,2021-03-15,540,EPF879,39930.0000
US001,2021-03-18,541,LYE156,3618670.0000
US001,2021-03-13,542,HTF050,3435300.0000
US001,2021-03-09,543,NQT060,44880.0000
US001,2021-03-01,544,JWH892,26400.0000
US001,2021-03-23,545,PSO927,3301430.0000
US001,2021-03-14,546,TKL183,23430.0000
US001,2021-03-22,547,NLE064,86350.0000
US001,2021-03-20,548,TJK890,47520.0000
US001,2021-03-10,549,QKL088,25080.0000
US001,2021-03-11,550,HQZ160,44880.0000
US001,2021-03-21,551,SWT606,3729880.0000
US001,2021-03-02,552,JFS689,59730.0000
US001,2021-03-26,553,YHC866,3717890.0000
US001,2021-03-22,554,HYX822,990.0000
US001,2021-03-05,555,WXS194,118800.0000
US001,2021-03-14,556,DYH758,3707330.0000
US001,2021-03-07,557,CCP253,1430.0000
US001,2021-03-29,558,PAN600,44000.0000
US001,2021-03-19,559,QKF619,163350.0000
US001,2021-03-20,560,GHZ204,1540.0000
US001,2021-03-06,561,MPG624,24750.0000
US001,2021-03-25,562,ZIH603,3575000.0000
US001,2021-03-06,563,BUK592,40920.0000
US001,2021-03-24,564,LPH681,49830.0000
US001,2021-03-04,565,PBE223,3760350.0000
US001,2021-03-03,566,JOO557,59400.0000
US001,2021-03-26,567,XJK761,17160.0000
US001,2021-03-20,568,NZT582,19800.0000
US001,2021-03-22,569,LSJ703,1760.0000
US001,2021-03-25,570,VJY636,110550.0000
US001,2021-03-23,571,EWA519,1650.0000
US001,2021-03-26,572,XVS101,3300000.0000
US001,2021-03-10,573,MSW433,102410.0000
US001,2021-03-19,574,NHI497,11220.0000
US001,2021-03-25,575,GNS796,51810.0000
US001,2021-03-24,576,LJE930,11550.0000
US001,2021-03-11,577,HQU643,24860.0000
US001,2021-03-26,578,HQS911,133650.0000
US001,2021-03-17,579,ZCG582,15840.0000
US001,2021-03-27,580,LNO927,3575000.0000
US001,2021-03-06,581,ROA374,34320.0000
US001,2021-03-08,582,RCC872,27060.0000
US001,2021-03-09,583,ZQE228,1100.0000
US001,2021-03-29,584,HBJ207,14190.0000
US001,2021-03-25,585,LOP592,70950.0000
US001,2021-03-03,586,FCQ383,21120.0000
US001,2021-03-13,587,DTL207,45870.0000
US001,2021-03-10,588,JSB421,156530.0000
US001,2021-03-13,589,FHO792,135850.0000
US001,2021-03-03,590,DBZ452,2750.0000
US001,2021-03-16,591,DEY134,90200.0000
US001,2021-03-17,592,SFD031,1650.0000
US001,2021-03-18,593,UFX663,26400.0000
US001,2021-03-05,594,NCQ344,3689290.0000
US001,2021-03-05,595,JPI624,11220.0000
US001,2021-03-15,596,COM081,80850.0000
US001,2021-03-23,597,WDN031,60390.0000
US001,2021-03-12,598,TGS691,38280.0000
US001,2021-03-15,599,RIX545,3616030.0000
US001,2021-03-19,600,DGU038,107140.0000
US001,2021-03-15,601,ZYI496,3733510.0000
US001,2021-03-11,602,AIX493,62700.0000
US001,2021-03-01,603,JGU594,3448500.0000
US001,2021-03-04,604,ZCU480,8250.0000
US001,2021-03-21,605,JCM461,21450.0000
US001,2021-03-01,606,LMZ338,3575000.0000
US001,2021-03-08,607,VTS530,91630.0000
US001,2021-03-29,608,TBF373,3301430.0000
US001,2021-03-21,609,DOP805,40920.0000
US001,2021-03-13,610,XYW587,77550.0000
US001,2021-03-27,611,VCW195,31680.0000
US001,2021-03-21,612,QPW393,21450.0000
US001,2021-03-15,613,DNJ560,28050.0000
US001,2021-03-03,614,TLG314,31350.0000
US001,2021-03-28,615,YVN200,3341690.0000
US001,2021-03-03,616,PGE915,1650.0000
US001,2021-03-10,617,THJ447,19800.0000
US001,2021-03-18,618,DSU031,13200.0000
US001,2021-03-21,619,JVM798,19800.0000
US001,2021-03-19,620,WNV945,110000.0000
US001,2021-03-30,621,DYR353,51480.0000
US001,2021-03-17,622,ECN256,149600.0000
US001,2021-03-09,623,QLF553,14850.0000
US001,2021-03-13,624,CVU951,132000.0000
US001,2021-03-29,625,RYX800,59950.0000
US001,2021-03-06,626,BWJ110,4950.0000
US001,2021-03-14,627,CBN763,11550.0000
US001,2021-03-12,628,GBG624,166650.0000
US001,2021-03-30,629,WTZ710,11880.0000
US001,2021-03-19,630,EAM278,3333000.0000
US001,2021-03-12,632,HOG740,138050.0000
US001,2021-03-22,633,VHY939,32340.0000
US001,2021-03-09,634,YYC095,22440.0000
US001,2021-03-26,635,MLE237,31130.0000
US001,2021-03-07,636,TPP964,29370.0000
US001,2021-03-27,637,NPB485,42570.0000
US001,2021-03-06,638,UOQ315,21010.0000
US001,2021-03-20,639,SKP804,10560.0000
US001,2021-03-18,640,WAM119,3576430.0000
US001,2021-03-11,641,WBX271,3575000.0000
US001,2021-03-25,642,RYK575,3575000.0000
US001,2021-03-05,643,ETC745,26400.0000
US001,2021-03-11,644,MHO188,14520.0000
US001,2021-03-14,645,LHE722,47520.0000
US001,2021-03-26,646,PGF809,24310.0000
US001,2021-03-20,647,TKA576,42680.0000
US001,2021-03-23,648,WBL464,51480.0000
US001,2021-03-02,649,AJY109,2530.0000
US001,2021-03-12,650,PFB813,50160.0000
US001,2021-03-11,651,RUL775,9240.0000
US001,2021-03-11,652,DGM903,3586220.0000
US001,2021-03-28,653,RNZ070,61050.0000
US001,2021-03-21,654,PCI097,129800.0000
US001,2021-03-20,655,VOM818,90750.0000
US001,2021-03-07,656,QOY901,150260.0000
US001,2021-03-30,657,CRI537,1540.0000
US001,2021-03-27,658,JGV872,19140.0000
US001,2021-03-04,659,QCG224,65340.0000
US001,2021-03-27,660,EWH829,96800.0000
US001,2021-03-17,661,CHG584,2090.0000
US001,2021-03-08,662,FTU258,990.0000
US001,2021-03-17,663,LNB930,3705900.0000
US001,2021-03-21,664,AOI380,166100.0000
US001,2021-03-18,665,TTG337,3602830.0000
US001,2021-03-20,666,PHO972,5280.0000
US001,2021-03-21,667,LWS219,3300000.0000
US001,2021-03-29,668,YZP880,61380.0000
US001,2021-03-29,669,HGP815,53460.0000
US001,2021-03-25,670,IXY540,3080.0000
US001,2021-03-24,671,SSG309,1650.0000
US001,2021-03-07,672,UPR924,3678950.0000
US001,2021-03-20,673,ULB065,50050.0000
US001,2021-03-27,674,SOU875,115940.0000
US001,2021-03-17,675,GND695,136400.0000
US001,2021-03-22,676,AVL477,7700.0000
US001,2021-03-28,677,HSE583,42240.0000
US001,2021-03-22,678,DEV395,3682470.0000
US001,2021-03-03,679,MIF581,28600.0000
US001,2021-03-30,680,PGA407,107250.0000
US001,2021-03-26,681,TQV129,87670.0000
US001,2021-03-05,682,AAY363,1540.0000
US001,2021-03-19,683,IKV997,127820.0000
US001,2021-03-25,684,WYD511,4290.0000
US001,2021-03-16,685,OFL717,3589520.0000
US001,2021-03-28,686,JBU747,4950.0000
US001,2021-03-01,687,QBE151,64680.0000
US001,2021-03-13,688,CEU369,87120.0000
US001,2021-03-19,689,OOG541,25850.0000
US001,2021-03-03,690,YZW069,35750.0000
US001,2021-03-17,691,IGQ227,3190.0000
US001,2021-03-15,692,NFE415,88000.0000
US001,2021-03-04,693,FLR947,113850.0000
US001,2021-03-11,694,NWD861,18810.0000
US001,2021-03-19,695,CQN767,2310.0000
US001,2021-03-04,696,HPP414,17160.0000
US001,2021-03-18,697,EOA138,175450.0000
US001,2021-03-17,698,WMQ907,3603930.0000
US001,2021-03-11,699,EDL627,11880.0000
US001,2021-03-28,700,QAB941,31350.0000
US001,2021-03-14,701,DGA616,3301760.0000
US001,2021-03-26,702,WWU767,57200.0000
US001,2021-03-15,703,GWM205,69850.0000
US001,2021-03-01,704,TKD291,3584900.0000
US001,2021-03-08,705,VYV038,3637920.0000
US001,2021-03-19,706,ZOL445,15840.0000
US001,2021-03-05,707,GVF115,74910.0000
US001,2021-03-12,708,BZO426,3417480.0000
US001,2021-03-17,709,IMC111,29370.0000
US001,2021-03-29,710,QLB740,80300.0000
US001,2021-03-08,711,RQW774,40920.0000
US001,2021-03-26,712,XSB266,24750.0000
US001,2021-03-13,713,AFQ790,12650.0000
US001,2021-03-28,714,UOB630,31350.0000
US001,2021-03-09,715,FPV417,88000.0000
US001,2021-03-03,716,OIX235,3080.0000
US001,2021-03-01,717,OMC539,19690.0000
US001,2021-03-05,718,LBH807,44880.0000
US001,2021-03-14,719,GLV175,13200.0000
US001,2021-03-06,720,ZTW055,59400.0000
US001,2021-03-16,721,GSB552,28050.0000
US001,2021-03-25,722,MCM365,61710.0000
US001,2021-03-17,723,VHX203,30360.0000
US001,2021-03-17,724,KWW321,3300000.0000
US001,2021-03-01,725,IOA525,114400.0000
US001,2021-03-17,726,JTS095,17160.0000
US001,2021-03-18,727,SRT492,67650.0000
US001,2021-03-03,728,SKT971,770.0000
US001,2021-03-07,729,YWJ357,43890.0000
US001,2021-03-05,730,SYQ495,3300.0000
US001,2021-03-21,731,CSD969,22440.0000
US001,2021-03-07,732,QZS252,2200.0000
US001,2021-03-20,733,TAE791,50820.0000
US001,2021-03-06,734,CKW624,43230.0000
US001,2021-03-10,735,PAD973,31350.0000
US001,2021-03-04,736,MNO430,8250.0000
US001,2021-03-11,737,GIP649,3190.0000
US001,2021-03-07,738,KNO530,11550.0000
US001,2021-03-18,739,ZWY087,27940.0000
US001,2021-03-22,740,ZMI102,56760.0000
US001,2021-03-17,741,UTI946,102300.0000
US001,2021-03-13,742,PQD191,43560.0000
US001,2021-03-14,743,IPZ665,31350.0000
US001,2021-03-11,744,EEK189,19800.0000
US001,2021-03-17,745,KVD615,63910.0000
US001,2021-03-13,746,PQM342,46200.0000
US001,2021-03-02,747,JMB336,5280.0000
US001,2021-03-22,748,ARR363,440.0000
US001,2021-03-14,749,KJW360,3576320.0000
US001,2021-03-24,750,GXW517,2640.0000
US001,2021-03-22,751,GBZ761,12650.0000
US001,2021-03-17,752,ECV152,1650.0000
US001,2021-03-01,753,JZX592,10890.0000
US001,2021-03-10,754,IUT981,3190.0000
US001,2021-03-22,755,WMK494,8580.0000
US001,2021-03-28,756,DXL594,3410.0000
US001,2021-03-30,757,SGP805,11440.0000
US001,2021-03-18,758,ZRM437,3300.0000
US001,2021-03-28,759,YCB027,9020.0000
US001,2021-03-11,760,DZB167,7700.0000
US001,2021-03-10,761,OHM775,9900.0000
US001,2021-03-10,762,HPW567,1650.0000
US001,2021-03-16,763,UMZ439,16940.0000
US001,2021-03-03,764,NOL778,9790.0000
US001,2021-03-25,765,YHS899,4620.0000
US001,2021-03-02,766,KQA514,8250.0000
US001,2021-03-18,767,FBE152,12870.0000
US001,2021-03-22,768,GOA883,1320.0000
US001,2021-03-18,769,RKY256,10890.0000
US001,2021-03-16,770,DOC182,2970.0000
US001,2021-03-06,771,UDL113,1320.0000
US001,2021-03-02,772,XEH652,8360.0000
US001,2021-03-18,773,SYW011,2970.0000
US001,2021-03-24,774,JUY742,1320.0000
US001,2021-03-27,775,GAN666,2640.0000
US001,2021-03-28,776,VFN845,1320.0000
US001,2021-03-03,777,SEP322,4620.0000
US001,2021-03-21,778,MGH043,13530.0000
US001,2021-03-08,779,HUB717,15840.0000
US001,2021-03-13,780,LZF368,2640.0000
US001,2021-03-30,781,RAH995,2970.0000
US001,2021-03-11,782,RFU752,6160.0000
US001,2021-03-27,783,ZLJ429,4950.0000
US001,2021-03-02,784,FJW753,8910.0000
US001,2021-03-02,785,AOU981,6710.0000
US001,2021-03-09,786,CPO614,2090.0000
US001,2021-03-24,787,GMR129,2090.0000
US001,2021-03-02,788,ZEY383,2970.0000
US001,2021-03-28,789,WWF162,1650.0000
US001,2021-03-12,790,RRI827,1650.0000
US001,2021-03-06,791,WDO809,9900.0000
US001,2021-03-23,792,UFZ292,2970.0000
US001,2021-03-28,793,TDG455,6710.0000
US001,2021-03-23,794,KIZ475,3300.0000
US001,2021-03-01,795,YQJ752,4730.0000
US001,2021-03-29,796,QXP035,1320.0000
US001,2021-03-06,797,TWI877,4730.0000
US001,2021-03-22,798,LEN930,1650.0000
US001,2021-03-12,799,WTA154,1650.0000
US001,2021-03-11,800,ARQ002,1650.0000
US001,2021-03-06,801,XFQ192,12760.0000
US001,2021-03-05,802,CBH463,11880.0000
US001,2021-03-27,803,EXJ091,1320.0000
US001,2021-03-27,804,VKE359,6050.0000
US001,2021-03-26,805,ETD784,12650.0000
US001,2021-03-30,806,SWD721,1650.0000
US001,2021-03-25,807,VHS185,2970.0000
US001,2021-03-27,808,JHV612,7810.0000
US001,2021-03-20,809,CRB603,5390.0000
US001,2021-03-12,810,JME026,1320.0000
US001,2021-03-21,811,SUL320,1650.0000
US001,2021-03-13,812,IQZ955,7150.0000
US001,2021-03-30,813,JAD002,4620.0000
US001,2021-03-12,814,NDN897,1320.0000
US001,2021-03-26,815,RRC142,1650.0000
US001,2021-03-12,816,NSZ867,6270.0000
US001,2021-03-22,817,GMK761,6490.0000
US001,2021-03-18,818,FGB980,12540.0000
US001,2021-03-15,819,DRE015,2750.0000
US001,2021-03-01,820,XCZ105,13420.0000
US001,2021-03-02,821,KWE080,8470.0000
US001,2021-03-14,822,ARG087,6930.0000
US001,2021-03-17,823,WTM769,9570.0000
US001,2021-03-17,824,DXW929,3960.0000
US001,2021-03-24,825,TRV775,3080.0000
US001,2021-03-21,826,WRO517,7040.0000
US001,2021-03-05,827,AHN888,3960.0000
US001,2021-03-17,828,QQL832,3300.0000
US001,2021-03-15,829,EQL602,8250.0000
US001,2021-03-29,830,NWR677,2970.0000
US001,2021-03-18,831,YKZ313,2420.0000
US001,2021-03-08,832,RDG234,5170.0000
US001,2021-03-20,833,RPX617,11550.0000
US001,2021-03-02,834,GNB526,2970.0000
US001,2021-03-26,835,TSP886,1320.0000
US001,2021-03-10,836,FAH195,6270.0000
US001,2021-03-15,837,FJN469,1650.0000
US001,2021-03-28,838,RSS879,1320.0000
US001,2021-03-01,839,HGJ830,4950.0000
US001,2021-03-06,840,DJO043,6490.0000
US001,2021-03-13,841,JDE871,4290.0000
US001,2021-03-28,842,SZU002,3410.0000
US001,2021-03-07,843,HKO138,2970.0000
US001,2021-03-19,844,WIS446,2970.0000
US001,2021-03-25,845,YIV653,1540.0000
US001,2021-03-23,846,EPH075,13090.0000
US001,2021-03-29,847,IYE138,1320.0000
US001,2021-03-14,848,KYD001,6710.0000
US001,2021-03-27,849,FWR975,1320.0000
US001,2021-03-27,850,IJK288,4950.0000
US001,2021-03-28,851,JGD421,13860.0000
US001,2021-03-10,852,XYQ116,10120.0000
US001,2021-03-14,853,STF148,1320.0000
US001,2021-03-10,854,GHN363,7920.0000
US001,2021-03-07,855,YGN153,10890.0000
US001,2021-03-13,856,UDY955,7590.0000
US001,2021-03-14,857,URP418,2970.0000
US001,2021-03-16,858,RYL726,6270.0000
US001,2021-03-24,859,XNW767,1320.0000
US001,2021-03-18,860,YIL419,1650.0000
US001,2021-03-17,861,GEJ220,12100.0000
US001,2021-03-23,862,GOS928,9790.0000
US001,2021-03-22,863,QYJ824,14190.0000
US001,2021-03-04,864,WJE984,13200.0000
US001,2021-03-02,865,QCY107,7590.0000
US001,2021-03-23,866,NOI909,220.0000
US001,2021-03-05,867,AAC862,1650.0000
US001,2021-03-15,868,IEE278,6930.0000
US001,2021-03-08,869,SSR195,8360.0000
US001,2021-03-01,870,TBT620,10010.0000
US001,2021-03-12,871,XTJ648,8140.0000
US001,2021-03-25,872,KGV367,10890.0000
US001,2021-03-12,873,UKN587,11770.0000
US001,2021-03-13,874,ITL929,4070.0000
US001,2021-03-01,875,ZNG075,13310.0000
US001,2021-03-30,876,AAQ907,6270.0000
US001,2021-03-06,877,CVT115,6490.0000
US001,2021-03-20,878,LKU211,13530.0000
US001,2021-03-07,879,PRR437,12980.0000
US001,2021-03-28,880,FJL905,1320.0000
US001,2021-03-18,881,ZYZ992,10340.0000
US001,2021-03-05,882,TTT027,3850.0000
US001,2021-03-10,883,GLD294,8470.0000
US001,2021-03-16,884,CUV866,5610.0000
US001,2021-03-28,885,EMU368,4730.0000
US001,2021-03-18,886,EJN295,5170.0000
US001,2021-03-01,887,ALF485,13750.0000
US001,2021-03-15,888,GXD677,6270.0000
US001,2021-03-23,889,DWJ593,6820.0000
US001,2021-03-24,890,ERG119,4730.0000
US001,2021-03-12,891,GUZ245,18700.0000
US001,2021-03-18,892,VVF639,10340.0000
US001,2021-03-26,893,WPB113,4620.0000
US001,2021-03-09,894,VBM062,2640.0000
US001,2021-03-08,895,UDL615,1320.0000
US001,2021-03-14,896,YPA691,1650.0000
US001,2021-03-30,897,THZ305,13090.0000
US001,2021-03-01,898,HMA060,4510.0000
US001,2021-03-07,899,DGW742,6930.0000
US001,2021-03-09,900,WBM809,8250.0000
US001,2021-03-05,901,TDJ500,1320.0000
US001,2021-03-05,902,EFJ522,1650.0000
US001,2021-03-29,903,TWB387,6050.0000
US001,2021-03-22,904,NPX144,4950.0000
US001,2021-03-30,905,HHY767,2420.0000
US001,2021-03-25,906,LJC723,10670.0000
US001,2021-03-05,907,DOZ536,4950.0000
US001,2021-03-15,908,VUS342,11110.0000
US001,2021-03-30,909,YJM957,8360.0000
US001,2021-03-17,910,BYL978,12650.0000
US001,2021-03-29,911,FNC361,12980.0000
US001,2021-03-09,912,GIR824,4950.0000
US001,2021-03-27,913,QVL746,4070.0000
US001,2021-03-23,914,FVM818,9900.0000
US001,2021-03-26,915,CSF816,6930.0000
US001,2021-03-29,916,OUN200,2640.0000
US001,2021-03-30,917,TQH906,1320.0000
US001,2021-03-11,918,DJQ136,12430.0000
US001,2021-03-05,919,ZWK335,4290.0000
US001,2021-03-28,920,FDS191,13310.0000
US001,2021-03-27,921,LOA013,8580.0000
US001,2021-03-26,922,PVX163,1320.0000
US001,2021-03-06,923,JYJ373,2970.0000
US001,2021-03-17,924,AMG551,10890.0000
US001,2021-03-22,925,LYW282,11990.0000
US001,2021-03-12,926,NGT031,7920.0000
US001,2021-03-09,927,FWJ982,9020.0000
US001,2021-03-19,928,TLJ515,2970.0000
US001,2021-03-13,929,HKK502,2970.0000
US001,2021-03-20,930,DFT748,9570.0000
US001,2021-03-09,931,XNE662,1650.0000
US001,2021-03-04,932,CHH643,1650.0000
US001,2021-03-01,933,ICS637,6270.0000
US001,2021-03-17,934,DQC873,8580.0000
US001,2021-03-15,935,DIK641,11660.0000
US001,2021-03-28,936,DAN985,6600.0000
US001,2021-03-21,937,CPP191,8140.0000
US001,2021-03-12,938,WSK125,2310.0000
US001,2021-03-10,939,GEU133,1320.0000
US001,2021-03-06,940,HCM624,8360.0000
US001,2021-03-26,941,LHV186,11990.0000
US001,2021-03-04,942,OVK665,7260.0000
US001,2021-03-09,943,LGK502,7810.0000
US001,2021-03-30,944,WZI522,18150.0000
US001,2021-03-04,945,LSQ942,5500.0000
US001,2021-03-04,946,CPI888,11660.0000
US001,2021-03-02,947,VRY673,7590.0000
US001,2021-03-03,948,UZH497,2970.0000
US001,2021-03-23,949,WPD772,5060.0000
US001,2021-03-14,950,GTY219,1650.0000
US001,2021-03-09,951,BBN475,1540.0000
US001,2021-03-23,952,TVM896,9240.0000
US001,2021-03-15,953,FTD761,5280.0000
US001,2021-03-19,954,MVX347,9680.0000
US001,2021-03-18,955,DVM604,9240.0000
US001,2021-03-23,956,EZP961,6050.0000
US001,2021-03-17,957,VQR442,2970.0000
US001,2021-03-25,958,FST392,10230.0000
US001,2021-03-17,959,SQX397,5390.0000
US001,2021-03-21,960,DIC335,9240.0000
US001,2021-03-06,961,AKP163,4510.0000
US001,2021-03-05,962,FQA516,1320.0000
US001,2021-03-23,963,LVI329,12430.0000
US001,2021-03-20,964,NTR928,6160.0000
US001,2021-03-22,965,IFC138,7040.0000
US001,2021-03-07,966,DJB176,1320.0000
US001,2021-03-13,967,UVI164,6270.0000
US001,2021-03-06,968,OHM039,10560.0000
US001,2021-03-29,969,UUB796,11880.0000
US001,2021-03-28,970,XVS618,3520.0000
US001,2021-03-29,971,IPA851,5280.0000
US001,2021-03-25,972,RFZ497,7040.0000
US001,2021-03-13,973,WOY650,2970.0000
US001,2021-03-07,974,HTI379,1650.0000
US001,2021-03-14,975,JUJ463,6710.0000
US001,2021-03-07,976,ZMM254,13200.0000
US001,2021-03-05,977,XTB907,4400.0000
US001,2021-03-27,978,ORL769,10340.0000
US001,2021-03-13,979,LTE813,15400.0000
US001,2021-03-23,980,ZQF341,4620.0000
US001,2021-03-09,981,WMT907,1320.0000
US001,2021-03-21,982,AVM628,10780.0000
US001,2021-03-29,983,BRB808,8250.0000
US001,2021-03-18,985,NWH160,1320.0000
US001,2021-03-24,986,YZF859,1320.0000
US001,2021-03-10,987,GZW899,9460.0000
US001,2021-03-11,988,FRF453,6490.0000
US001,2021-03-28,989,NSO329,6710.0000
US001,2021-03-25,990,ZHG854,3960.0000
US001,2021-03-15,991,UTW451,1650.0000
US001,2021-03-14,992,ZDU514,10340.0000
US001,2021-03-03,993,EQD808,1650.0000
US001,2021-03-30,994,VNV890,1320.0000
US001,2021-03-21,995,QIF852,9460.0000
US001,2021-03-08,996,IVD416,2970.0000
US001,2021-03-02,997,YGC266,11330.0000
US001,2021-03-02,998,KFE956,4620.0000
US001,2021-03-14,999,HPG626,1650.0000
US001,2021-03-19,1000,GQA401,7040.0000
US001,2021-03-14,1001,VDZ946,2970.0000
US001,2021-03-28,1002,FVS139,1650.0000
US001,2021-03-30,1003,JSS376,220.0000
US001,2021-03-23,1004,SZV525,7810.0000
US001,2021-03-24,1005,RDE559,11000.0000
US001,2021-03-27,1006,IVA700,6600.0000
US001,2021-03-04,1007,HAP535,2970.0000
US001,2021-03-04,1008,QCA997,7920.0000
US001,2021-03-18,1009,GEK441,4730.0000
US001,2021-03-05,1010,CBJ289,8250.0000
US001,2021-03-21,1011,ZHV097,13530.0000
US001,2021-03-12,1012,SAP845,1320.0000
US001,2021-03-08,1013,INP732,6270.0000
US001,2021-03-09,1014,PVU009,9350.0000
US001,2021-03-19,1015,ZEM774,9790.0000
US001,2021-03-24,1016,KMX175,2970.0000
US001,2021-03-02,1017,IJG613,6270.0000
US001,2021-03-26,1018,HLF016,8250.0000
US001,2021-03-24,1019,RZJ480,6820.0000
US001,2021-03-19,1020,QZG823,11220.0000
US001,2021-03-19,1021,XBH050,9020.0000
US001,2021-03-01,1022,YQT238,6930.0000
US001,2021-03-30,1023,LHM190,11220.0000
US001,2021-03-08,1024,FWO558,2970.0000
US001,2021-03-30,1025,PWH972,2970.0000
US001,2021-03-26,1026,BSJ995,12100.0000
US001,2021-03-10,1027,SKQ187,6050.0000
US001,2021-03-10,1028,AGW752,1320.0000
US001,2021-03-02,1029,DWR531,5280.0000
US001,2021-03-09,1030,HZU123,1320.0000
US001,2021-03-22,1031,RII130,9020.0000
US001,2021-03-17,1032,RMX247,16170.0000
US001,2021-03-22,1033,ZJL116,3080.0000
US001,2021-03-13,1034,XGL558,1650.0000
US001,2021-03-24,1035,BYM990,4290.0000
US001,2021-03-28,1036,JEL393,4730.0000
US001,2021-03-11,1037,DXA803,1320.0000
US001,2021-03-16,1038,ZDS353,11550.0000
US001,2021-03-14,1039,JCH336,1760.0000
US001,2021-03-19,1040,FPN428,9900.0000
US001,2021-03-26,1041,BAV649,9570.0000
US001,2021-03-27,1042,XLE847,1650.0000
US001,2021-03-20,1043,YMR562,3960.0000
US001,2021-03-22,1044,EZE635,6600.0000
US001,2021-03-09,1045,DYB547,11880.0000
US001,2021-03-30,1046,DFS685,1320.0000
US001,2021-03-04,1047,JJO102,11220.0000
US001,2021-03-29,1048,RMO898,7810.0000
US001,2021-03-23,1049,OBJ248,1650.0000
US001,2021-03-11,1050,RVG609,10340.0000
US001,2021-03-10,1051,CJQ548,1320.0000
US001,2021-03-16,1052,VBH963,4620.0000
US001,2021-03-30,1053,XHG374,12980.0000
US001,2021-03-29,1054,NDK338,2970.0000
US001,2021-03-27,1055,UYZ611,8690.0000
US001,2021-03-11,1056,BLZ145,7480.0000
US001,2021-03-15,1057,KKF066,14740.0000
US001,2021-03-23,1058,ZIM016,13310.0000
US001,2021-03-07,1059,HZP170,2970.0000
US001,2021-03-03,1060,ZWP296,6600.0000
US001,2021-03-01,1061,HXH785,4620.0000
US001,2021-03-05,1062,KFJ208,14300.0000
US001,2021-03-18,1063,NHN789,14740.0000
US001,2021-03-01,1064,FWP286,5280.0000
US001,2021-03-24,1065,AKJ742,4290.0000
US001,2021-03-27,1066,SXO536,10780.0000
US001,2021-03-03,1067,JFP165,8910.0000
US001,2021-03-13,1068,GQS364,3300.0000
US001,2021-03-14,1069,YKD059,5060.0000
US001,2021-03-02,1070,RDQ688,2970.0000
US001,2021-03-12,1071,JWK661,10890.0000
US001,2021-03-15,1072,VOP189,13310.0000
US001,2021-03-16,1073,OKB456,11550.0000
US001,2021-03-15,1074,HAD609,2970.0000
US001,2021-03-20,1075,KFN021,10670.0000
US001,2021-03-26,1076,MYW461,15290.0000
US001,2021-03-15,1077,QFK300,6160.0000
US001,2021-03-18,1078,UUM817,1320.0000
US001,2021-03-23,1079,XPT130,1320.0000
US001,2021-03-05,1080,AWI801,6820.0000
US001,2021-03-08,1081,JQR282,15400.0000
US001,2021-03-22,1082,XBC986,1320.0000
US001,2021-03-24,1083,LPK498,2860.0000
US001,2021-03-23,1084,LGS093,8030.0000
US001,2021-03-16,1085,VNH609,1650.0000
US001,2021-03-12,1086,ORO336,10120.0000
US001,2021-03-19,1087,TNJ449,2970.0000
US001,2021-03-23,1088,SAO436,2970.0000
US001,2021-03-20,1089,QRZ993,8250.0000
US001,2021-03-27,1090,NQB225,5060.0000
US001,2021-03-29,1091,DXC728,1650.0000
US001,2021-03-25,1092,SPH407,2970.0000
US001,2021-03-14,1093,FCG808,1540.0000
US001,2021-03-01,1094,IFD912,3300.0000
US001,2021-03-13,1095,PHZ502,6820.0000
US001,2021-03-23,1096,VXS200,9240.0000
US001,2021-03-18,1097,YJX726,2970.0000
US001,2021-03-17,1098,FTC390,1320.0000
US001,2021-03-21,1099,QVW372,16500.0000
US001,2021-03-15,1100,WWT029,5170.0000
US001,2021-03-08,1101,IAS157,11110.0000
US001,2021-03-03,1102,XCU520,2970.0000
US001,2021-03-15,1103,YVF736,3960.0000
US001,2021-03-26,1104,QUM979,9680.0000
US001,2021-03-14,1105,JBO205,4290.0000
US001,2021-03-17,1106,MZW409,1650.0000
US001,2021-03-14,1107,LZQ861,5610.0000
US001,2021-03-30,1108,CXS815,770.0000
US001,2021-03-16,1109,RNZ941,10780.0000
US001,2021-03-10,1110,NTM367,5830.0000
US001,2021-03-02,1111,MOD593,5940.0000
US001,2021-03-15,1112,ZND557,12210.0000
US001,2021-03-05,1113,ENN985,4620.0000
US001,2021-03-02,1114,ITC845,10780.0000
US001,2021-03-24,1115,KHU688,9680.0000
US001,2021-03-11,1116,JWC548,7810.0000
US001,2021-03-28,1117,PYY737,13310.0000
US001,2021-03-08,1118,XIA237,2420.0000
US001,2021-03-03,1119,AFU613,10780.0000
US001,2021-03-13,1120,OYD559,1320.0000
US001,2021-03-13,1121,TSD207,3300.0000
US001,2021-03-06,1122,WIF109,12100.0000
US001,2021-03-30,1123,GCT040,15070.0000
US001,2021-03-10,1124,TZT043,1650.0000
US001,2021-03-20,1125,WQD527,15950.0000
US001,2021-03-11,1126,NDS987,1650.0000
US001,2021-03-13,1127,KLT777,1320.0000
US001,2021-03-15,1128,OKF755,10560.0000
US001,2021-03-27,1129,CIG820,10670.0000
US001,2021-03-15,1130,WWO981,1650.0000
US001,2021-03-05,1131,FFI790,7700.0000
US001,2021-03-21,1132,DUL565,8580.0000
US001,2021-03-29,1133,KEV298,6820.0000
US001,2021-03-21,1134,MEY694,5940.0000
US001,2021-03-16,1136,COM111,2970.0000
US001,2021-03-19,1137,XCB728,6710.0000
US001,2021-03-14,1138,FVL666,7700.0000
US001,2021-03-18,1139,ZHL762,2970.0000
US001,2021-03-17,1140,NCG589,14410.0000
US001,2021-03-25,1141,RKX058,3630.0000
US001,2021-03-21,1142,HSH798,1320.0000
US001,2021-03-02,1143,RIQ803,9460.0000
US001,2021-03-12,1144,HMH805,11440.0000
US001,2021-03-30,1145,JTD346,8250.0000
US001,2021-03-22,1146,ZIJ141,3960.0000
US001,2021-03-26,1147,JJF779,1320.0000
US001,2021-03-02,1148,CVJ842,1650.0000
US001,2021-03-28,1149,JED310,11220.0000
US001,2021-03-03,1150,NRU637,5610.0000
US001,2021-03-05,1151,RYL111,11000.0000
US001,2021-03-21,1152,VOW140,3520.0000
US001,2021-03-08,1153,GEJ811,3190.0000
US001,2021-03-13,1154,OQY341,4290.0000
US001,2021-03-20,1155,UZK984,1320.0000
US001,2021-03-14,1156,QML543,4950.0000
US001,2021-03-28,1157,GKZ812,5280.0000
US001,2021-03-19,1158,QWE043,5060.0000
US001,2021-03-15,1159,INF441,8030.0000
US001,2021-03-08,1160,WGM405,2970.0000
US001,2021-03-27,1161,LEL870,4290.0000
US001,2021-03-06,1162,AHK708,5280.0000
US001,2021-03-20,1163,ICR878,3080.0000
US001,2021-03-30,1164,DUX937,1320.0000
US001,2021-03-01,1165,WQU638,4290.0000
US001,2021-03-04,1166,XJY163,1650.0000
US001,2021-03-01,1167,HNQ923,10560.0000
US001,2021-03-30,1168,HHS472,1320.0000
US001,2021-03-04,1169,VKT552,4620.0000
US001,2021-03-13,1170,JRN261,1320.0000
US001,2021-03-15,1171,IWZ522,11110.0000
US001,2021-03-27,1172,HFL672,9790.0000
US001,2021-03-25,1173,NLE255,4950.0000
US001,2021-03-07,1174,ICU541,13530.0000
US001,2021-03-03,1175,PIV748,220.0000
US001,2021-03-21,1176,TEL477,2970.0000
US001,2021-03-25,1177,XGQ961,8360.0000
US001,2021-03-21,1178,FGL878,4070.0000
US001,2021-03-06,1179,TLC100,9790.0000
US001,2021-03-13,1180,PAZ204,5280.0000
US001,2021-03-13,1181,YKM804,2200.0000
US001,2021-03-28,1182,XRD305,6160.0000
US001,2021-03-07,1183,WBX573,8030.0000
US001,2021-03-05,1184,JPQ733,10010.0000
US001,2021-03-05,1185,ESP152,9680.0000
US001,2021-03-06,1186,QUJ709,1320.0000
US001,2021-03-30,1187,XUR803,4180.0000
US001,2021-03-19,1188,MYP321,1320.0000
US001,2021-03-02,1189,QDY065,5830.0000
US001,2021-03-24,1190,ZTU954,14190.0000
US001,2021-03-09,1191,MNA958,3190.0000
US001,2021-03-01,1192,NFC750,8140.0000
US001,2021-03-05,1193,TSF853,5170.0000
US001,2021-03-22,1194,PJD328,9570.0000
US001,2021-03-21,1195,KAE509,4400.0000
US001,2021-03-08,1196,TBS103,13750.0000
US001,2021-03-16,1197,SEY515,6710.0000
US001,2021-03-17,1198,JKX112,10560.0000
US001,2021-03-10,1199,BBI754,1320.0000
US001,2021-03-17,1200,XJA913,8250.0000
US001,2021-03-09,1201,TLU843,5610.0000
US001,2021-03-24,1202,RWE375,7040.0000
US001,2021-03-14,1203,QZL865,12870.0000
US001,2021-03-13,1204,XLD728,4840.0000
US001,2021-03-25,1205,FIE031,3300.0000
US001,2021-03-17,1206,VXY568,6380.0000
US001,2021-03-10,1207,MQW503,10230.0000
US001,2021-03-16,1208,BQK984,1320.0000
US001,2021-03-12,1209,UVW046,1320.0000
US001,2021-03-25,1210,KXE763,13860.0000
US001,2021-03-06,1211,FAH230,3410.0000
US001,2021-03-10,1212,UMB995,2970.0000
US001,2021-03-11,1213,KWP581,1320.0000
US001,2021-03-21,1214,ZCA250,12320.0000
US001,2021-03-10,1215,SBS717,6270.0000
US001,2021-03-23,1216,YDM332,2970.0000
US001,2021-03-23,1217,XQA755,8250.0000
US001,2021-03-11,1218,QSZ290,2970.0000
US001,2021-03-04,1219,IEC693,1760.0000
US001,2021-03-04,1220,HHS294,1650.0000
US001,2021-03-24,1221,QPJ086,15730.0000
US001,2021-03-23,1222,KYQ688,2970.0000
US001,2021-03-19,1223,FSX297,8580.0000
US001,2021-03-23,1224,VVW035,17270.0000
US001,2021-03-23,1225,FSO815,7700.0000
US001,2021-03-05,1226,GGH734,2970.0000
US001,2021-03-20,1227,LLR591,6160.0000
US001,2021-03-12,1228,EER173,1320.0000
US001,2021-03-07,1229,LLW428,1320.0000
US001,2021-03-27,1230,QNJ652,8030.0000
US001,2021-03-09,1231,ADZ753,2640.0000
US001,2021-03-20,1232,UYE907,5830.0000
US001,2021-03-15,1233,NQW408,10340.0000
US001,2021-03-07,1234,IQW340,6930.0000
US001,2021-03-20,1235,UKY318,1320.0000
US001,2021-03-06,1236,HLB463,8360.0000
US001,2021-03-07,1237,MII087,3300.0000
US001,2021-03-17,1238,AXB184,10010.0000
US001,2021-03-05,1239,KKS403,11770.0000
US001,2021-03-24,1240,DMJ676,4290.0000
US001,2021-03-08,1241,XCH553,11440.0000
US001,2021-03-28,1242,ZBB467,6270.0000
US001,2021-03-10,1243,WBL527,1650.0000
US001,2021-03-13,1244,LPR973,8800.0000
US001,2021-03-05,1245,WPY522,9680.0000
US001,2021-03-02,1246,UMG233,8250.0000
US001,2021-03-27,1247,SQP579,12210.0000
US001,2021-03-23,1248,WIR167,4840.0000
US001,2021-03-23,1249,HYL350,11220.0000
US001,2021-03-21,1250,CCA485,14190.0000
US001,2021-03-05,1251,ZTA624,2970.0000
US001,2021-03-14,1252,SAQ888,10670.0000
US001,2021-03-16,1253,HVB933,5610.0000
US001,2021-03-28,1254,YXS890,5720.0000
US001,2021-03-11,1255,QOX133,1320.0000
US001,2021-03-15,1256,IWS966,6380.0000
US001,2021-03-11,1257,SNE404,2970.0000
US001,2021-03-18,1258,RMG341,1650.0000
US001,2021-03-08,1259,AGG058,2640.0000
US001,2021-03-04,1260,CNX613,4950.0000
US001,2021-03-28,1261,XEZ618,1320.0000
US001,2021-03-20,1262,RZO193,14190.0000
US001,2021-03-12,1263,MDI114,1650.0000
US001,2021-03-19,1264,LYD517,11110.0000
US001,2021-03-18,1265,THA934,3850.0000
US001,2021-03-29,1266,TVO930,4950.0000
US001,2021-03-10,1267,EOG349,3960.0000
US001,2021-03-09,1268,COW206,5280.0000
US001,2021-03-02,1269,ADC172,4840.0000
US001,2021-03-14,1270,KWE572,10780.0000
US001,2021-03-18,1271,DED409,8360.0000
US001,2021-03-21,1272,ROV012,6600.0000
US001,2021-03-04,1273,XZP775,10560.0000
US001,2021-03-26,1274,DNK141,8030.0000
US001,2021-03-13,1275,GHW505,10890.0000
US001,2021-03-27,1276,HVZ772,1320.0000
US001,2021-03-30,1277,EGU075,1650.0000
US001,2021-03-17,1278,OAW365,2970.0000
US001,2021-03-30,1279,ZTZ207,2970.0000
US001,2021-03-27,1280,ZGV562,10670.0000
US001,2021-03-10,1281,FVG096,1540.0000
US001,2021-03-23,1282,ZEE141,2970.0000
US001,2021-03-29,1283,FYM363,1650.0000
US001,2021-03-12,1284,MTE451,6930.0000
US001,2021-03-18,1285,ULR547,2530.0000
US001,2021-03-16,1286,MKB040,7590.0000
US001,2021-03-18,1287,PFV472,4950.0000
US001,2021-03-18,1288,BFX214,4950.0000
US001,2021-03-12,1289,DIP585,1320.0000
US001,2021-03-18,1290,REE757,1320.0000
US001,2021-03-11,1291,BNQ199,12210.0000
US001,2021-03-22,1292,JCC036,4290.0000
US001,2021-03-12,1293,EGJ359,1320.0000
US001,2021-03-14,1294,PJT657,1650.0000
US001,2021-03-10,1295,TQB010,4950.0000
US001,2021-03-27,1296,EHU134,9460.0000
US001,2021-03-01,1297,KXL457,11550.0000
US001,2021-03-28,1298,ZMW101,3740.0000
US001,2021-03-23,1299,LWC433,13970.0000
US001,2021-03-06,1300,ESD045,2970.0000
US001,2021-03-14,1301,YWN464,11880.0000
US001,2021-03-25,1302,PGP559,2970.0000
US001,2021-03-14,1303,IRG316,7370.0000
US001,2021-03-06,1304,WWH228,11660.0000
US001,2021-03-10,1305,ENT871,7810.0000
US001,2021-03-12,1306,JHK753,11000.0000
US001,2021-03-22,1307,FYX404,2970.0000
US001,2021-03-25,1308,WCL565,1650.0000
US001,2021-03-20,1309,DBY137,2970.0000
US001,2021-03-01,1310,OSN455,2970.0000
US001,2021-03-11,1311,AXC660,2970.0000
US001,2021-03-06,1312,HMC538,3630.0000
US001,2021-03-07,1313,QJD881,9680.0000
US001,2021-03-27,1314,ZGJ203,1320.0000
US001,2021-03-28,1315,AQQ414,4400.0000
US001,2021-03-02,1316,TXJ091,8030.0000
US001,2021-03-19,1317,ZHW992,10010.0000
US001,2021-03-18,1318,WNO078,7590.0000
US001,2021-03-02,1319,JGS511,7590.0000
US001,2021-03-30,1320,MZZ850,1650.0000
US001,2021-03-11,1321,REW610,3300.0000
US001,2021-03-12,1322,DNO226,1320.0000
US001,2021-03-20,1323,ZXI960,7150.0000
US001,2021-03-16,1324,XSR730,10230.0000
US001,2021-03-24,1325,HSB578,9240.0000
US001,2021-03-22,1326,PDZ065,1650.0000
US001,2021-03-16,1327,EOD180,11110.0000
US001,2021-03-21,1328,PLU502,6380.0000
US001,2021-03-16,1329,PRY003,1320.0000
US001,2021-03-11,1330,CJL475,9020.0000
US001,2021-03-26,1331,WLD726,5500.0000
US001,2021-03-03,1332,RNG375,6160.0000
US001,2021-03-02,1333,NBJ861,2970.0000
US001,2021-03-22,1334,UVR928,10780.0000
US001,2021-03-08,1335,FLX035,3080.0000
US001,2021-03-24,1336,WQH151,4730.0000
US001,2021-03-12,1337,MPE678,1650.0000
US001,2021-03-12,1338,JJY063,8030.0000
US001,2021-03-23,1339,WGB569,9240.0000
US001,2021-03-15,1340,GCB208,2970.0000
US001,2021-03-30,1341,STF211,6490.0000
US001,2021-03-20,1342,ODS530,6490.0000
US001,2021-03-22,1343,QLY355,2970.0000
US001,2021-03-27,1344,EQD551,1320.0000
US001,2021-03-05,1345,GVU194,2420.0000
US001,2021-03-12,1346,XET324,12210.0000
US001,2021-03-28,1347,LWO925,13310.0000
US001,2021-03-23,1348,TGN542,4950.0000
US001,2021-03-26,1349,CZZ229,1320.0000
US001,2021-03-03,1350,CNE666,15620.0000
US001,2021-03-10,1351,DLE760,1320.0000
US001,2021-03-27,1352,MXB188,12760.0000
US001,2021-03-26,1353,MSF765,550.0000
US001,2021-03-28,1354,GVT565,3630.0000
US001,2021-03-04,1355,RCX517,8690.0000
US001,2021-03-18,1356,FNG130,7590.0000
US001,2021-03-19,1357,NOU086,2640.0000
US001,2021-03-24,1358,NZA403,1980.0000
US001,2021-03-23,1359,CMO453,8470.0000
US001,2021-03-19,1360,POB732,2970.0000
US001,2021-03-18,1361,FYM212,1320.0000
US001,2021-03-21,1362,UIA374,9130.0000
US001,2021-03-11,1363,QVP089,1650.0000
US001,2021-03-11,1364,PCF503,10450.0000
US001,2021-03-18,1365,TID087,8470.0000
US001,2021-03-07,1366,JNU910,4950.0000
US001,2021-03-20,1367,HRC357,10230.0000
US001,2021-03-02,1368,UXW470,3080.0000
US001,2021-03-15,1369,CBD045,5170.0000
US001,2021-03-11,1370,WVC481,13310.0000
US001,2021-03-10,1371,OBW293,6820.0000
US001,2021-03-23,1372,HUM711,14410.0000
US001,2021-03-07,1373,AGE347,10340.0000
US001,2021-03-14,1374,DVS621,1650.0000
US001,2021-03-01,1375,TRI355,6600.0000
US001,2021-03-05,1376,ZXU155,4950.0000
US001,2021-03-05,1377,GGT445,1650.0000
US001,2021-03-04,1378,FAY882,2640.0000
US001,2021-03-06,1379,EHK806,5830.0000
US001,2021-03-24,1380,EMW438,5500.0000
US001,2021-03-18,1381,CZB245,4950.0000
US001,2021-03-25,1382,ULJ214,6270.0000
US001,2021-03-27,1383,YBR626,1320.0000
US001,2021-03-24,1384,XIA707,10230.0000
US001,2021-03-19,1385,PZQ680,2970.0000
US001,2021-03-11,1386,LHJ595,3960.0000
US001,2021-03-11,1387,FQQ254,5500.0000
US001,2021-03-11,1388,SQS921,1320.0000
US001,2021-03-30,1389,ELH459,2970.0000
US001,2021-03-14,1390,AWO958,660.0000
US001,2021-03-03,1391,LSP191,13090.0000
US001,2021-03-06,1392,JCO559,12100.0000
US001,2021-03-17,1393,NWS003,8690.0000
US001,2021-03-25,1394,PPJ815,5500.0000
US001,2021-03-01,1395,BDN846,4400.0000
US001,2021-03-08,1396,MAI280,6930.0000
US001,2021-03-19,1397,EHF174,1650.0000
US001,2021-03-08,1398,BEN311,12100.0000
US001,2021-03-20,1399,TSP125,12980.0000
US001,2021-03-30,1400,TUL028,1320.0000
US001,2021-03-22,1401,TLY112,1320.0000
US001,2021-03-06,1402,EAG730,5610.0000
US001,2021-03-09,1403,DNF547,6930.0000
US001,2021-03-11,1404,BVD706,9570.0000
US001,2021-03-23,1405,BNG382,7590.0000
US001,2021-03-28,1406,ZRV603,10230.0000
US001,2021-03-29,1407,IWT462,4290.0000
US001,2021-03-09,1408,XHU651,3300.0000
US001,2021-03-08,1409,ELT197,7480.0000
US001,2021-03-13,1410,DWC627,5280.0000
US001,2021-03-29,1411,IJY577,8800.0000
US001,2021-03-18,1412,KTL200,13200.0000
US001,2021-03-30,1413,OFC624,6600.0000
US001,2021-03-20,1414,ZAE893,1320.0000
US001,2021-03-12,1415,UXU142,9240.0000
US001,2021-03-28,1416,RVQ665,13860.0000
US001,2021-03-22,1417,TFX545,1320.0000
US001,2021-03-08,1418,CXU553,1320.0000
US001,2021-03-20,1419,WQM948,1320.0000
US001,2021-03-12,1420,UQK135,10230.0000
US001,2021-03-25,1421,MST370,11220.0000
US001,2021-03-04,1422,WYQ635,13860.0000
US001,2021-03-22,1423,JKL876,10780.0000
US001,2021-03-03,1424,HSE322,2640.0000
US001,2021-03-05,1425,WAS319,1320.0000
US001,2021-03-19,1426,TOB257,4730.0000
US001,2021-03-23,1427,RQH586,2970.0000
US001,2021-03-09,1428,DXN197,11990.0000
US001,2021-03-06,1429,WRV082,6380.0000
US001,2021-03-17,1430,KNW044,11550.0000
US001,2021-03-27,1431,FHJ084,16170.0000
US001,2021-03-20,1432,VQH419,4620.0000
US001,2021-03-03,1433,BHX954,7260.0000
US001,2021-03-08,1434,BTK211,4510.0000
US001,2021-03-07,1435,QAE607,4510.0000
US001,2021-03-11,1436,BHA484,4290.0000
US001,2021-03-17,1437,TPJ967,2970.0000
US001,2021-03-21,1438,LFW025,4950.0000
US001,2021-03-27,1439,FLE386,10230.0000
US001,2021-03-10,1440,WIY142,3080.0000
US001,2021-03-12,1441,ILE739,1320.0000
US001,2021-03-01,1442,AQY857,1650.0000
US001,2021-03-13,1443,SZQ469,4290.0000
US001,2021-03-27,1444,PHA240,4620.0000
US001,2021-03-05,1445,LZK166,4620.0000
US001,2021-03-10,1446,FLU196,6710.0000
US001,2021-03-23,1447,KKK612,9350.0000
US001,2021-03-15,1448,SXW985,13200.0000
US001,2021-03-10,1449,OOR640,15620.0000
US001,2021-03-21,1450,WTQ460,11110.0000
US001,2021-03-11,1451,VAK616,2970.0000
US001,2021-03-06,1452,NNN572,8580.0000
US001,2021-03-01,1453,MTC151,4070.0000
US001,2021-03-01,1454,LEU420,2640.0000
US001,2021-03-09,1455,YCQ964,8690.0000
US001,2021-03-28,1456,JZK525,17050.0000
US001,2021-03-06,1457,PEN674,10780.0000
US001,2021-03-03,1458,YPO509,6050.0000
US001,2021-03-04,1459,GOY892,1320.0000
US001,2021-03-24,1460,HLM478,12650.0000
US001,2021-03-07,1461,BTR004,1650.0000
US001,2021-03-18,1462,HXJ243,10450.0000
US001,2021-03-27,1463,SPN343,8910.0000
US001,2021-03-22,1464,DFG902,1650.0000
US001,2021-03-17,1465,OFM840,6270.0000
US001,2021-03-08,1466,FPJ699,10560.0000
US001,2021-03-30,1467,SAI587,5500.0000
US001,2021-03-05,1468,SKW284,1320.0000
US001,2021-03-18,1469,GRH912,1320.0000
US001,2021-03-27,1470,YOL171,11330.0000
US001,2021-03-16,1471,ONJ882,2970.0000
US001,2021-03-13,1472,RDH841,11000.0000
US001,2021-03-19,1473,FSO923,5280.0000
US001,2021-03-29,1474,VQB522,11000.0000
US001,2021-03-23,1475,HYV875,3410.0000
US001,2021-03-09,1476,SLC356,2970.0000
US001,2021-03-07,1477,DHY809,2640.0000
US001,2021-03-07,1478,TXP208,3190.0000
US001,2021-03-09,1479,IJN277,8690.0000
US001,2021-03-05,1480,PZO049,5610.0000
US001,2021-03-21,1481,BXB531,2970.0000
US001,2021-03-19,1482,JML177,8910.0000
US001,2021-03-21,1483,XBK112,1430.0000
US001,2021-03-07,1484,BJQ441,5610.0000
US001,2021-03-17,1485,QNP365,1320.0000
US001,2021-03-26,1486,FJF189,1650.0000
US001,2021-03-14,1487,RRL855,3960.0000
US001,2021-03-29,1488,WPD284,1650.0000
US001,2021-03-27,1489,VSL459,9570.0000
US001,2021-03-29,1490,BRF212,14410.0000
US001,2021-03-05,1491,ABZ556,10670.0000
US001,2021-03-09,1492,TUP356,1650.0000
US001,2021-03-04,1493,PXG193,12540.0000
US001,2021-03-06,1494,ACA937,3300.0000
US001,2021-03-22,1495,TGF940,1650.0000
US001,2021-03-15,1496,OSN507,1320.0000
US001,2021-03-26,1497,RFJ006,1320.0000
US001,2021-03-30,1498,VMF461,8360.0000
US001,2021-03-11,1499,HIY598,10890.0000
US001,2021-03-05,1500,LMV919,3850.0000
US001,2021-03-26,1501,AOR869,3300.0000
US001,2021-03-10,1502,HRE519,8250.0000
US001,2021-03-28,1503,LWS627,9790.0000
US001,2021-03-09,1504,VHX005,11220.0000
US001,2021-03-21,1505,HAL560,2640.0000
US001,2021-03-06,1506,ZNL690,7260.0000
US001,2021-03-19,1507,SFK393,13530.0000
US001,2021-03-13,1508,BGN454,4620.0000
US001,2021-03-01,1509,FTV193,5830.0000
US001,2021-03-22,1510,VTD577,7480.0000
US001,2021-03-03,1511,CRC908,1430.0000
US001,2021-03-23,1512,ABE476,6930.0000
US001,2021-03-04,1513,VSG389,2970.0000
US001,2021-03-19,1514,OWZ722,2970.0000
US001,2021-03-12,1515,TYU642,2420.0000
US001,2021-03-19,1516,SQC578,1650.0000
US001,2021-03-01,1517,VQH287,5830.0000
US001,2021-03-20,1518,IGL605,1650.0000
US001,2021-03-25,1519,LIF260,2970.0000
US001,2021-03-05,1520,SRJ270,6160.0000
US001,2021-03-21,1521,XIC245,2970.0000
US001,2021-03-19,1522,VBC189,3960.0000
US001,2021-03-22,1523,KWK313,3190.0000
US001,2021-03-09,1524,GLI575,4950.0000
US001,2021-03-28,1525,KFH780,5940.0000
US001,2021-03-05,1526,KNY356,7040.0000
US001,2021-03-20,1527,MYW912,14410.0000
US001,2021-03-30,1528,QWF801,1320.0000
US001,2021-03-04,1529,KGV629,11440.0000
US001,2021-03-15,1530,JIM020,1650.0000
US001,2021-03-18,1531,ACC960,2640.0000
US001,2021-03-10,1532,WUW540,4840.0000
US001,2021-03-13,1533,RDJ017,4290.0000
US001,2021-03-15,1534,ZWG173,6710.0000
US001,2021-03-07,1535,TZM727,3630.0000
US001,2021-03-18,1536,EEF832,7920.0000
US001,2021-03-20,1537,WKI358,2970.0000
US001,2021-03-29,1538,TPM416,6490.0000
US001,2021-03-07,1539,NSZ941,12650.0000
US001,2021-03-17,1540,YCE198,7700.0000
US001,2021-03-02,1541,PBA663,2970.0000
US001,2021-03-09,1542,ITA136,6930.0000
US001,2021-03-14,1543,BZA957,14190.0000
US001,2021-03-03,1544,OEE983,2970.0000
US001,2021-03-04,1545,AYF436,9900.0000
US001,2021-03-28,1546,NDH402,3080.0000
US001,2021-03-15,1547,UHU403,10890.0000
US001,2021-03-26,1548,PTA126,3300.0000
US001,2021-03-18,1549,SWO587,14850.0000
US001,2021-03-23,1550,DMQ005,2970.0000
US001,2021-03-02,1551,ZWZ419,3960.0000
US001,2021-03-07,1552,RET625,2640.0000
US001,2021-03-28,1553,RRL224,3080.0000
US001,2021-03-29,1554,SXM736,9460.0000
US001,2021-03-06,1555,VPV584,2970.0000
US001,2021-03-16,1556,CTG081,8250.0000
US001,2021-03-20,1557,IBP303,8250.0000
US001,2021-03-23,1558,NZO356,6930.0000
US001,2021-03-02,1559,ZVR141,4840.0000
US001,2021-03-02,1560,ELW827,1650.0000
US001,2021-03-22,1561,CGR147,5940.0000
US001,2021-03-17,1562,JCH140,5170.0000
US001,2021-03-14,1563,WAK421,10890.0000
US001,2021-03-26,1564,UBK006,14300.0000
US001,2021-03-14,1565,ECC361,3410.0000
US001,2021-03-26,1566,YBK832,5940.0000
US001,2021-03-17,1567,JKG832,2970.0000
US001,2021-03-26,1568,CZH685,2970.0000
US001,2021-03-15,1569,GBL156,10890.0000
US001,2021-03-14,1570,FXG238,10340.0000
US001,2021-03-10,1571,QVL496,11770.0000
US001,2021-03-08,1572,NPX724,13420.0000
US001,2021-03-23,1573,QKW927,1650.0000
US001,2021-03-28,1574,JVK421,12870.0000
US001,2021-03-17,1575,PPK345,1320.0000
US001,2021-03-30,1576,CDP861,6710.0000
US001,2021-03-19,1577,OPD241,1650.0000
US001,2021-03-30,1578,BHN005,9020.0000
US001,2021-03-07,1579,FPF776,2640.0000
US001,2021-03-17,1580,YHO109,5280.0000
US001,2021-03-11,1581,GIL352,4290.0000
US001,2021-03-30,1582,ZDO352,8140.0000
US001,2021-03-12,1583,KXF853,1650.0000
US001,2021-03-01,1584,CJN703,1320.0000
US001,2021-03-17,1585,SWI289,1320.0000
US001,2021-03-29,1586,JAA951,1980.0000
US001,2021-03-18,1587,SPQ040,4950.0000
US001,2021-03-07,1588,YEY769,1650.0000
US001,2021-03-02,1589,ZUN580,12430.0000
US001,2021-03-07,1590,RJI574,14080.0000
US001,2021-03-28,1591,LUP246,4400.0000
US001,2021-03-14,1592,ZIX123,1320.0000
US001,2021-03-06,1593,BSA231,1320.0000
US001,2021-03-21,1594,OYB261,1650.0000
US001,2021-03-30,1595,OLC453,1650.0000
US001,2021-03-09,1596,DYO780,7920.0000
US001,2021-03-17,1597,XPR299,9570.0000
US001,2021-03-07,1598,ZSY947,12320.0000
US001,2021-03-02,1599,EYD035,10230.0000
US001,2021-03-27,1600,DJI923,1650.0000
US001,2021-03-01,1601,KZR505,10010.0000
US001,2021-03-19,1602,WGC028,13090.0000
US001,2021-03-28,1603,OUT504,2970.0000
US001,2021-03-15,1604,GQH434,1320.0000
US001,2021-03-08,1605,BJP340,9240.0000
US001,2021-03-25,1606,WZC418,9130.0000
US001,2021-03-22,1607,YSL001,2970.0000
US001,2021-03-21,1608,XBZ990,3410.0000
US001,2021-03-13,1609,OGV454,12210.0000
US001,2021-03-30,1610,ZPK329,1650.0000
US001,2021-03-13,1611,KVJ290,7150.0000
US001,2021-03-05,1612,XGF803,6270.0000
US001,2021-03-05,1613,JVK776,4510.0000
US001,2021-03-29,1614,ODG221,8250.0000
US001,2021-03-03,1615,DUD598,12210.0000
US001,2021-03-22,1616,IMF756,9240.0000
US001,2021-03-04,1617,EHK942,2090.0000
US001,2021-03-11,1618,LKG450,12760.0000
US001,2021-03-05,1619,LZU404,12540.0000
US001,2021-03-24,1621,QPJ851,1320.0000
US001,2021-03-18,1622,BTZ779,8910.0000
US001,2021-03-09,1623,HAK422,5830.0000
US001,2021-03-20,1624,JVR544,8800.0000
US001,2021-03-29,1625,NAP418,7150.0000
US001,2021-03-30,1626,IBS304,11220.0000
US001,2021-03-01,1627,PQP850,2970.0000
US001,2021-03-10,1628,GUN546,5940.0000
US001,2021-03-28,1629,QQL881,5720.0000
US001,2021-03-12,1630,BCU964,5280.0000
US001,2021-03-15,1631,JRU984,1320.0000
US001,2021-03-30,1632,PXZ082,1320.0000
US001,2021-03-08,1633,BAR725,7040.0000
US001,2021-03-22,1634,WOS888,1760.0000
US001,2021-03-17,1635,DGS171,6050.0000
US001,2021-03-05,1636,OEF969,10670.0000
US001,2021-03-02,1637,AWJ663,5610.0000
US001,2021-03-12,1638,SZD829,8910.0000
US001,2021-03-24,1639,AMU267,1320.0000
US001,2021-03-06,1640,SYV513,7590.0000
US001,2021-03-22,1641,CTS846,4950.0000
US001,2021-03-23,1642,HPP139,3080.0000
US001,2021-03-26,1643,HIK419,2970.0000
US001,2021-03-22,1644,XBU803,11660.0000
US001,2021-03-19,1645,VCI952,6710.0000
US001,2021-03-16,1646,DPK070,3300.0000
US001,2021-03-17,1647,UMC703,3190.0000
US001,2021-03-02,1648,MHC752,9130.0000
US001,2021-03-17,1649,EZF473,15180.0000
US001,2021-03-04,1650,YJA693,10670.0000
US001,2021-03-08,1651,WCM178,1650.0000
US001,2021-03-21,1652,KWH258,10670.0000
US001,2021-03-17,1653,IWX486,13970.0000
US001,2021-03-04,1654,YHL341,12100.0000
US001,2021-03-08,1655,SDC005,4950.0000
US001,2021-03-22,1656,HTK299,8690.0000
US001,2021-03-03,1657,DQZ839,8690.0000
US001,2021-03-22,1658,LEK481,1320.0000
US001,2021-03-29,1659,JTB688,5170.0000
US001,2021-03-05,1660,JMF055,3300.0000
US001,2021-03-20,1661,LVP430,11220.0000
US001,2021-03-25,1662,LGI973,9790.0000
US001,2021-03-27,1663,TXX099,8470.0000
US001,2021-03-18,1664,THV167,4400.0000
US001,2021-03-21,1665,IEY846,6930.0000
US001,2021-03-02,1666,ABZ467,1650.0000
US001,2021-03-27,1667,HMR953,6930.0000
US001,2021-03-10,1668,QBI609,1650.0000
US001,2021-03-08,1669,JJR594,12100.0000
US001,2021-03-23,1670,JXW735,1320.0000
US001,2021-03-01,1671,EVS656,9680.0000
US001,2021-03-11,1672,LGE001,1320.0000
US001,2021-03-10,1673,LYY041,1320.0000
US001,2021-03-06,1674,PJB416,1650.0000
US001,2021-03-03,1675,QJZ489,1650.0000
US001,2021-03-19,1676,QTB718,4730.0000
US001,2021-03-13,1677,VYF954,3190.0000
US001,2021-03-23,1678,WOU763,1320.0000
US001,2021-03-23,1679,EJQ814,2970.0000
US001,2021-03-29,1680,DUS813,8470.0000
US001,2021-03-17,1681,EQX021,3850.0000
US001,2021-03-27,1682,UEU642,5610.0000
US001,2021-03-16,1683,QEO949,8030.0000
US001,2021-03-30,1684,GDW988,5610.0000
US001,2021-03-24,1685,JSI508,11110.0000
US001,2021-03-16,1686,QBH277,12210.0000
US001,2021-03-01,1687,GWL383,12210.0000
US001,2021-03-23,1688,PCO815,11550.0000
US001,2021-03-11,1689,SMW536,7700.0000
US001,2021-03-14,1690,HKU771,7480.0000
US001,2021-03-20,1691,LQS623,8140.0000
US001,2021-03-28,1692,ISS598,3520.0000
US001,2021-03-05,1693,WQU396,4510.0000
US001,2021-03-07,1694,JHS211,2970.0000
US001,2021-03-24,1695,ONF683,5940.0000
US001,2021-03-07,1696,NUP823,2640.0000
US001,2021-03-18,1697,TFV962,11220.0000
US001,2021-03-29,1698,LJX603,9680.0000
US001,2021-03-28,1699,DVC265,16720.0000
US001,2021-03-12,1700,BPP506,12980.0000
US001,2021-03-04,1701,XGS498,1320.0000
US001,2021-03-15,1702,VZX872,6490.0000
US001,2021-03-10,1703,WSD349,1650.0000
US001,2021-03-22,1704,TAG084,8360.0000
US001,2021-03-26,1705,BPK981,11660.0000
US001,2021-03-30,1706,IOJ405,1650.0000
US001,2021-03-11,1707,LEM329,8470.0000
US001,2021-03-18,1708,ZWT064,6930.0000
US001,2021-03-09,1709,BSP037,6930.0000
US001,2021-03-15,1710,VEY534,1650.0000
US001,2021-03-23,1711,AHA684,2970.0000
US001,2021-03-21,1712,SPL477,1650.0000
US001,2021-03-21,1713,ZER000,4950.0000
US001,2021-03-04,1714,ETS252,11110.0000
US001,2021-03-20,1715,SVJ353,1650.0000
US001,2021-03-18,1716,XNK473,1320.0000
US001,2021-03-09,1717,VER558,13310.0000
US001,2021-03-17,1718,TRG781,4290.0000
US001,2021-03-29,1719,BRA440,9240.0000
US001,2021-03-23,1720,TES049,1650.0000
US001,2021-03-08,1721,AGY312,2640.0000
US001,2021-03-28,1722,OXQ085,9020.0000
US001,2021-03-30,1723,ZRM035,11660.0000
US001,2021-03-09,1724,UHO938,11550.0000
US001,2021-03-24,1725,UJW140,13090.0000
US001,2021-03-01,1726,UAY046,1320.0000
US001,2021-03-12,1727,ETS091,6820.0000
US001,2021-03-08,1728,WIA721,4950.0000
US001,2021-03-05,1729,JPW524,3960.0000
US001,2021-03-22,1730,PTW008,5390.0000
US001,2021-03-26,1731,RVR905,3410.0000
US001,2021-03-24,1732,FDI672,2970.0000
US001,2021-03-22,1733,AFS410,16720.0000
US001,2021-03-29,1734,IWX558,10340.0000
US001,2021-03-27,1735,GQP457,6600.0000
US001,2021-03-15,1736,QAX275,2640.0000
US001,2021-03-06,1737,BGB271,2640.0000
US001,2021-03-06,1738,UQD956,11660.0000
US001,2021-03-19,1739,JBI067,4620.0000
US001,2021-03-07,1740,CSP208,2640.0000
US001,2021-03-16,1741,RHI482,9350.0000
US001,2021-03-17,1742,SLH289,2970.0000
US001,2021-03-26,1743,EKF595,5610.0000
US001,2021-03-25,1744,FCB444,8250.0000
US001,2021-03-01,1745,CDM680,14300.0000
US001,2021-03-12,1746,SNM621,11110.0000
US001,2021-03-27,1747,XAE096,4620.0000
US001,2021-03-04,1748,LIU565,3850.0000
US001,2021-03-09,1749,UCI288,4290.0000
US001,2021-03-16,1750,DIJ876,1650.0000
US001,2021-03-12,1751,LCO612,13310.0000
US001,2021-03-15,1752,KMN574,4730.0000
US001,2021-03-26,1753,QHR278,3960.0000
US001,2021-03-27,1754,AVW429,8250.0000
US001,2021-03-09,1755,QJZ891,8910.0000
US001,2021-03-07,1756,XRQ263,4290.0000
US001,2021-03-17,1757,MAD893,1320.0000
US001,2021-03-08,1758,SOP260,4290.0000
US001,2021-03-09,1759,YGZ376,12870.0000
US001,2021-03-25,1760,IBN816,11110.0000
US001,2021-03-07,1761,TPA709,16830.0000
US001,2021-03-09,1762,WOH812,1320.0000
US001,2021-03-01,1763,AJZ964,1320.0000
US001,2021-03-13,1764,YAP937,15180.0000
US001,2021-03-01,1765,SHB691,8910.0000
US001,2021-03-07,1766,PVK401,2530.0000
US001,2021-03-06,1767,PWX574,5610.0000
US001,2021-03-17,1768,GRX845,1320.0000
US001,2021-03-08,1769,TUD247,14300.0000
US001,2021-03-13,1770,DMV973,2750.0000
US001,2021-03-13,1771,VHS689,1650.0000
US001,2021-03-06,1772,TAT160,6380.0000
US001,2021-03-27,1773,DYV909,7810.0000
US001,2021-03-28,1774,UNV340,5280.0000
US001,2021-03-10,1775,BVO614,1650.0000
US001,2021-03-28,1776,ATV788,440.0000
US001,2021-03-21,1777,MYR194,10120.0000
US001,2021-03-21,1778,JVT970,4290.0000
US001,2021-03-10,1779,PZS550,9680.0000
US001,2021-03-24,1780,KAX950,7810.0000
US001,2021-03-23,1781,UBD646,1320.0000
US001,2021-03-09,1782,MRG885,6380.0000
US001,2021-03-11,1783,JXZ317,8250.0000
US001,2021-03-13,1784,DII713,15730.0000
US001,2021-03-21,1785,ZMO417,13310.0000
US001,2021-03-30,1786,DJT056,17600.0000
US001,2021-03-11,1787,DXS670,1320.0000
US001,2021-03-12,1788,DHV129,7700.0000
US001,2021-03-10,1789,DTS395,12760.0000
US001,2021-03-09,1790,ZTF832,1320.0000
US001,2021-03-03,1791,OFO384,2970.0000
US001,2021-03-26,1792,DZS431,10450.0000
US001,2021-03-03,1793,BCV208,1980.0000
US001,2021-03-25,1794,KUP243,4510.0000
US001,2021-03-27,1795,MIK102,2970.0000
US001,2021-03-07,1796,VIQ361,5060.0000
US001,2021-03-23,1797,PBQ354,2970.0000
US001,2021-03-26,1798,AFI584,10340.0000
US001,2021-03-09,1799,QOD591,13310.0000
US001,2021-03-20,1800,JFS170,11220.0000
US001,2021-03-02,1801,XDM006,8250.0000
US001,2021-03-15,1802,JXQ932,5830.0000
US001,2021-03-30,1803,VNH921,1650.0000
US001,2021-03-28,1804,UBX055,7590.0000
US001,2021-03-14,1805,VIO485,4950.0000
US001,2021-03-08,1806,RRT341,2970.0000
US001,2021-03-23,1807,FXB152,9240.0000
US001,2021-03-23,1808,ACL494,8140.0000
US001,2021-03-11,1809,WVN004,12980.0000
US001,2021-03-08,1810,UHW695,1320.0000
US001,2021-03-25,1811,OXN619,3300.0000
US001,2021-03-11,1812,QBJ799,1760.0000
US001,2021-03-20,1813,UDC780,2970.0000
US001,2021-03-18,1814,EKR534,770.0000
US001,2021-03-22,1815,XJB722,13750.0000
US001,2021-03-22,1816,CNA420,2970.0000
US001,2021-03-26,1817,PQC870,2970.0000
US001,2021-03-15,1818,VAM159,13310.0000
US001,2021-03-15,1819,PGN301,9680.0000
US001,2021-03-22,1820,FZQ957,1650.0000
US001,2021-03-22,1821,OZI990,13970.0000
US001,2021-03-21,1822,ZSZ230,1320.0000
US001,2021-03-27,1823,HZJ404,12320.0000
US001,2021-03-11,1824,JFA878,5280.0000
US001,2021-03-30,1825,YAW280,1650.0000
US001,2021-03-18,1826,NYW625,1320.0000
US001,2021-03-21,1827,BNF393,6270.0000
US001,2021-03-10,1828,GCU820,10450.0000
US001,2021-03-02,1829,DEL730,1650.0000
US001,2021-03-07,1830,EPG191,10120.0000
US001,2021-03-16,1831,FFF330,6160.0000
US001,2021-03-30,1832,OHV737,8800.0000
US001,2021-03-29,1833,JWU329,5390.0000
US001,2021-03-11,1834,FPW875,3960.0000
US001,2021-03-23,1835,WCZ693,4620.0000
US001,2021-03-08,1836,ZBT659,1320.0000
US001,2021-03-06,1837,GPB478,7810.0000
US001,2021-03-12,1838,ZPI835,1320.0000
US001,2021-03-25,1839,TJH969,13530.0000
US001,2021-03-17,1840,JNV776,3300.0000
US001,2021-03-24,1841,WED026,14850.0000
US001,2021-03-12,1842,BWN713,4510.0000
US001,2021-03-04,1843,HFX035,2310.0000
US001,2021-03-15,1844,AWB191,17930.0000
US001,2021-03-05,1845,MWA189,1650.0000
US001,2021-03-17,1846,YJC304,1650.0000
US001,2021-03-19,1847,YMQ204,13750.0000
US001,2021-03-12,1848,ZNH758,11990.0000
US001,2021-03-08,1849,FKC182,8470.0000
US001,2021-03-24,1850,DRQ770,8910.0000
US001,2021-03-01,1851,DTL984,8250.0000
US001,2021-03-08,1852,NSJ315,1650.0000
US001,2021-03-28,1853,XCD525,2750.0000
US001,2021-03-22,1854,JNS212,10340.0000
US001,2021-03-30,1855,RDA709,2970.0000
US001,2021-03-27,1856,BXP255,10450.0000
US001,2021-03-03,1857,QRR516,1320.0000
US001,2021-03-08,1858,BWK775,2970.0000
US001,2021-03-13,1859,BAX826,2970.0000
US001,2021-03-29,1860,WHH556,2970.0000
US001,2021-03-03,1861,CEB884,3300.0000
US001,2021-03-24,1862,WKI420,1320.0000
US001,2021-03-25,1863,WZI907,2640.0000
US001,2021-03-21,1864,QWZ631,10780.0000
US001,2021-03-12,1865,SLH031,12540.0000
US001,2021-03-08,1866,WCB892,1320.0000
US001,2021-03-17,1867,GBA741,4290.0000
US001,2021-03-28,1868,JGX662,4730.0000
US001,2021-03-19,1869,KQF393,1650.0000
US001,2021-03-24,1870,NTZ495,1320.0000
US001,2021-03-15,1871,VWL262,9570.0000
US001,2021-03-12,1872,WHT838,2970.0000
US001,2021-03-08,1873,GOR831,5940.0000
US001,2021-03-24,1874,VWR326,2970.0000
US001,2021-03-22,1875,UBZ263,4290.0000
US001,2021-03-14,1876,JSR992,2200.0000
US001,2021-03-03,1877,ZNL908,3850.0000
US001,2021-03-18,1878,JOS352,1650.0000
US001,2021-03-02,1879,DRH922,330.0000
US001,2021-03-13,1880,XJE840,990.0000
US001,2021-03-24,1881,EGP953,3300.0000
US001,2021-03-02,1882,OTM609,2970.0000
US001,2021-03-08,1883,TSH811,990.0000
US001,2021-03-01,1884,ADO438,7040.0000
US001,2021-03-24,1885,TIE594,5500.0000
US001,2021-03-08,1886,FPP204,13090.0000
US001,2021-03-14,1887,GYF199,4950.0000
US001,2021-03-23,1888,DDU654,4840.0000
US001,2021-03-20,1889,YSP498,3410.0000
US001,2021-03-24,1890,SCK794,9020.0000
US001,2021-03-15,1891,GYV436,7920.0000
US001,2021-03-04,1892,ZVN609,1650.0000
US001,2021-03-13,1893,TER119,2970.0000
US001,2021-03-10,1894,UKB795,1320.0000
US001,2021-03-09,1895,EQF357,8360.0000
US001,2021-03-17,1896,JXJ238,1320.0000
US001,2021-03-27,1897,CIG169,10230.0000
US001,2021-03-30,1898,IBM911,1320.0000
US001,2021-03-08,1899,LOP797,1320.0000
US001,2021-03-05,1900,TTO220,6380.0000
US001,2021-03-06,1901,TCP649,1320.0000
US001,2021-03-10,1902,IYM453,11220.0000
US001,2021-03-11,1903,LKU934,5610.0000
US001,2021-03-06,1904,PQC497,16280.0000
US001,2021-03-06,1905,MWZ631,6710.0000
US001,2021-03-30,1906,OZN867,16610.0000
US001,2021-03-13,1907,UXS997,4290.0000
US001,2021-03-30,1908,TTM162,13750.0000
US001,2021-03-04,1909,JWC629,1650.0000
US001,2021-03-01,1910,IPT952,6380.0000
US001,2021-03-23,1911,DVC925,10670.0000
US001,2021-03-22,1912,NSU732,1650.0000
US001,2021-03-04,1913,ZQH065,330.0000
US001,2021-03-12,1914,FXL054,14410.0000
US001,2021-03-27,1915,LUQ978,1320.0000
US001,2021-03-04,1916,AGY322,5610.0000
US001,2021-03-10,1917,TZB721,2970.0000
US001,2021-03-27,1918,VMH170,8250.0000
US001,2021-03-30,1919,JYK093,8030.0000
US001,2021-03-10,1920,BFH135,1320.0000
US001,2021-03-25,1921,BNO425,6600.0000
US001,2021-03-01,1922,NGK915,13420.0000
US001,2021-03-13,1923,MYC451,10230.0000
US001,2021-03-08,1924,AXL608,9240.0000
US001,2021-03-25,1925,JVO684,7150.0000
US001,2021-03-26,1926,ALI670,2970.0000
US001,2021-03-06,1927,UQU328,770.0000
US001,2021-03-17,1928,CCJ989,14080.0000
US001,2021-03-11,1929,VEA231,6160.0000
US001,2021-03-19,1930,DAA503,13530.0000
US001,2021-03-17,1931,CIE553,3410.0000
US001,2021-03-27,1932,HSD604,3300.0000
US001,2021-03-28,1933,UBW521,8360.0000
US001,2021-03-26,1934,WQF281,3630.0000
US001,2021-03-25,1935,ZWS876,5720.0000
US001,2021-03-25,1936,ZZN697,11660.0000
US001,2021-03-02,1937,UPV351,13200.0000
US001,2021-03-22,1938,XJD494,13200.0000
US001,2021-03-13,1939,AXF841,11990.0000
US001,2021-03-05,1940,HVM166,1320.0000
US001,2021-03-26,1941,PVS695,9790.0000
US001,2021-03-28,1942,DIP574,8690.0000
US001,2021-03-03,1943,RRN195,1650.0000
US001,2021-03-07,1944,MOG893,10450.0000
US001,2021-03-12,1945,DMJ483,9240.0000
US001,2021-03-18,1946,XHY892,7700.0000
US001,2021-03-21,1947,CXK625,6600.0000
US001,2021-03-25,1948,ETG317,4840.0000
US001,2021-03-06,1949,DFV199,2750.0000
US001,2021-03-09,1950,TRL622,1320.0000
US001,2021-03-25,1951,SLZ383,5610.0000
US001,2021-03-25,1952,CIT440,12100.0000
US001,2021-03-22,1953,VMX140,1760.0000
US001,2021-03-06,1954,DIF430,4730.0000
US001,2021-03-03,1955,KWI550,15620.0000
US001,2021-03-21,1956,IPM189,12430.0000
US001,2021-03-18,1957,MEX939,12650.0000
US001,2021-03-06,1958,SBI836,9790.0000
US001,2021-03-11,1959,AIK748,4290.0000
US001,2021-03-03,1960,CVM966,1320.0000
US001,2021-03-29,1961,NCH609,1650.0000
US001,2021-03-30,1962,KLR242,1650.0000
US001,2021-03-03,1963,RKR810,2640.0000
US001,2021-03-30,1964,MJM178,8360.0000
US001,2021-03-17,1965,KIH597,8030.0000
US001,2021-03-05,1966,HTM299,11440.0000
US001,2021-03-08,1967,HPK533,1320.0000
US001,2021-03-23,1968,MDN801,2970.0000
US001,2021-03-21,1969,MQG788,2970.0000
US001,2021-03-12,1970,EVJ076,2750.0000
US001,2021-03-05,1971,NZN876,1650.0000
US001,2021-03-21,1972,KMY979,2970.0000
US001,2021-03-06,1973,QNL728,6710.0000
US001,2021-03-12,1974,NQV335,11880.0000
US001,2021-03-27,1975,HDD643,2970.0000
US001,2021-03-07,1976,DDB164,17160.0000
US001,2021-03-19,1977,XIJ608,12320.0000
US001,2021-03-20,1978,NYY796,2970.0000
US001,2021-03-15,1979,JYR740,9460.0000
US001,2021-03-06,1980,CXH411,1650.0000
US001,2021-03-02,1981,TUA347,4620.0000
US001,2021-03-30,1982,TTA988,1320.0000
US001,2021-03-03,1983,LCZ590,1650.0000
US001,2021-03-21,1984,XOQ351,6930.0000
US001,2021-03-20,1985,ONZ113,11440.0000
US001,2021-03-13,1986,GEE290,6820.0000
US001,2021-03-10,1987,YUH411,1320.0000
US001,2021-03-17,1988,GVN540,1320.0000
US001,2021-03-28,1989,RIG142,1650.0000
US001,2021-03-02,1990,VMK439,6930.0000
US001,2021-03-06,1992,EGT770,1650.0000
US001,2021-03-29,1993,PYI046,1320.0000
US001,2021-03-16,1994,GJJ101,7810.0000
US001,2021-03-30,1995,ILH563,2970.0000
US001,2021-03-15,1996,RRH095,10890.0000
US001,2021-03-01,1997,VUS154,14190.0000
US001,2021-03-14,1998,MPO501,7480.0000
US001,2021-03-16,1999,FSJ450,13640.0000
US001,2021-03-18,2000,LOL035,15070.0000
US001,2021-03-15,2001,TFG823,13640.0000
US001,2021-03-17,2002,UNL235,4950.0000
US001,2021-03-21,2003,UOM762,15950.0000
US001,2021-03-22,2004,OPO379,4840.0000
US001,2021-03-23,2005,IYW452,5060.0000
US001,2021-03-02,2006,FDY056,2970.0000
US001,2021-03-27,2007,BKW318,10670.0000
US001,2021-03-29,2008,EVD988,4950.0000
US001,2021-03-09,2009,MFH704,3740.0000
US001,2021-03-14,2010,JLO382,9570.0000
US001,2021-03-21,2011,TGO173,4290.0000
US001,2021-03-12,2012,HMM244,5610.0000
US001,2021-03-23,2013,LCD388,1650.0000
US001,2021-03-23,2014,TIH911,2530.0000
US001,2021-03-19,2015,VFL699,12980.0000
US001,2021-03-11,2016,KWD543,2200.0000
US001,2021-03-04,2017,YRM254,12870.0000
US001,2021-03-03,2018,MKX174,1320.0000
US001,2021-03-02,2019,YVF073,2970.0000
US001,2021-03-04,2020,CBE514,9350.0000
US001,2021-03-02,2021,QZE797,4290.0000
US001,2021-03-10,2022,ZTM902,1650.0000
US001,2021-03-11,2023,JVF121,6160.0000
US001,2021-03-06,2024,IVX124,12320.0000
US001,2021-03-10,2025,ZZD620,2970.0000
US001,2021-03-23,2026,AWK692,4950.0000
US001,2021-03-25,2027,YOL182,15180.0000
US001,2021-03-15,2028,RMN252,3190.0000
US001,2021-03-23,2029,JWC354,5280.0000
US001,2021-03-30,2030,NNG468,2970.0000
US001,2021-03-11,2031,VWX325,5610.0000
US001,2021-03-07,2032,MJB795,6490.0000
US001,2021-03-28,2033,RLP431,7590.0000
US001,2021-03-05,2034,PUA877,9900.0000
US001,2021-03-27,2035,ZRG482,3630.0000
US001,2021-03-07,2036,WKJ757,13420.0000
US001,2021-03-20,2037,PYD118,1980.0000
US001,2021-03-15,2038,ZKE592,1320.0000
US001,2021-03-16,2039,HRP792,16940.0000
US001,2021-03-01,2040,GUX873,12320.0000
US001,2021-03-07,2041,BSS281,3300.0000
US001,2021-03-14,2042,SSV440,1980.0000
US001,2021-03-19,2043,RHJ635,1320.0000
US001,2021-03-15,2044,YGE913,2970.0000
US001,2021-03-20,2045,RSE559,2640.0000
US001,2021-03-21,2046,CSC846,3960.0000
US001,2021-03-13,2047,CUA951,4180.0000
US001,2021-03-25,2048,GLE828,1650.0000
US001,2021-03-03,2049,XTQ060,8030.0000
US001,2021-03-27,2050,DHY091,7370.0000
US001,2021-03-25,2051,GZB338,8250.0000
US001,2021-03-08,2052,SKN332,1320.0000
US001,2021-03-27,2053,GSX759,2970.0000
US001,2021-03-27,2054,PXJ317,7590.0000
US001,2021-03-06,2055,XMN268,15510.0000
US001,2021-03-21,2056,MRO859,1320.0000
US001,2021-03-30,2057,UJZ814,4290.0000
US001,2021-03-10,2058,TOP217,4400.0000
US001,2021-03-10,2059,XYL890,6160.0000
US001,2021-03-24,2060,JTG022,8360.0000
US001,2021-03-23,2061,XRT657,10120.0000
US001,2021-03-15,2062,UMI661,1320.0000
US001,2021-03-07,2063,PGJ802,11440.0000
US001,2021-03-12,2064,WUZ060,13530.0000
US001,2021-03-28,2065,VTJ103,7150.0000
US001,2021-03-19,2066,CVQ213,12870.0000
US001,2021-03-18,2067,HAR622,2970.0000
US001,2021-03-30,2068,IVW979,4950.0000
US001,2021-03-10,2069,RCF925,3300.0000
US001,2021-03-27,2070,ZIC817,5280.0000
US001,2021-03-06,2071,PDS196,2420.0000
US001,2021-03-15,2072,ZZW931,13750.0000
US001,2021-03-01,2073,YCV459,11880.0000
US001,2021-03-05,2074,CJU901,2970.0000
US001,2021-03-15,2075,SJA983,2750.0000
US001,2021-03-04,2076,AYF524,16500.0000
US001,2021-03-29,2077,VFZ242,1320.0000
US001,2021-03-03,2078,OMK280,6710.0000
US001,2021-03-29,2079,RMB559,1320.0000
US001,2021-03-18,2080,ELS258,1320.0000
US001,2021-03-01,2081,QBQ811,110.0000
US001,2021-03-03,2082,CGF222,9570.0000
US001,2021-03-24,2083,DRP283,1870.0000
US001,2021-03-30,2084,BYV287,11550.0000
US001,2021-03-19,2085,WSN925,9020.0000
US001,2021-03-27,2086,FDJ858,1650.0000
US001,2021-03-17,2087,PFJ444,8580.0000
US001,2021-03-04,2088,PLL625,12320.0000
US001,2021-03-12,2089,FLR305,4620.0000
US001,2021-03-29,2090,XFK046,9790.0000
US001,2021-03-10,2091,RQG258,13970.0000
US001,2021-03-04,2092,QSJ968,1650.0000
US001,2021-03-20,2093,UIM420,1320.0000
US001,2021-03-05,2094,APY325,11770.0000
US001,2021-03-01,2095,XDY227,6600.0000
US001,2021-03-14,2096,IOS684,2970.0000
US001,2021-03-11,2097,SLK578,2970.0000
US001,2021-03-27,2098,BKA566,4950.0000
US001,2021-03-14,2099,YJL847,3520.0000
US001,2021-03-15,2100,GRC289,12760.0000
US001,2021-03-11,2101,HZV371,7370.0000
US001,2021-03-28,2102,HZL634,1980.0000
US001,2021-03-08,2103,SSR539,6160.0000
US001,2021-03-01,2104,MXK318,1320.0000
US001,2021-03-25,2105,LMR528,12870.0000
US001,2021-03-30,2106,YSQ649,6490.0000
US001,2021-03-10,2107,HRM521,2970.0000
US001,2021-03-24,2108,WOF603,6380.0000
US001,2021-03-30,2109,LKQ732,1320.0000
US001,2021-03-16,2110,FNV398,1650.0000
US001,2021-03-06,2111,EIX687,9240.0000
US001,2021-03-13,2112,FLA208,15400.0000
US001,2021-03-05,2113,XHU402,1320.0000
US001,2021-03-28,2114,MFN591,7150.0000
US001,2021-03-16,2115,JZW346,12870.0000
US001,2021-03-28,2116,FMO052,6930.0000
US001,2021-03-07,2117,GFY335,4620.0000
US001,2021-03-03,2118,EKJ732,1650.0000
US001,2021-03-22,2119,NNT305,4070.0000
US001,2021-03-19,2120,IBX696,2970.0000
US001,2021-03-22,2121,VAT486,11330.0000
US001,2021-03-24,2122,DOJ283,8800.0000
US001,2021-03-04,2123,LQI711,4840.0000
US001,2021-03-09,2124,QTA969,12210.0000
US001,2021-03-03,2125,BAA761,6380.0000
US001,2021-03-18,2126,XIA572,7150.0000
US001,2021-03-18,2127,EWJ400,7370.0000
US001,2021-03-15,2128,IEU938,2970.0000
US001,2021-03-22,2129,XUW518,1650.0000
US001,2021-03-18,2130,VZW554,7920.0000
US001,2021-03-08,2131,WOD917,9240.0000
US001,2021-03-06,2132,LDQ953,1650.0000
US001,2021-03-28,2133,KAO827,12540.0000
US001,2021-03-29,2134,KSM543,7480.0000
US001,2021-03-15,2135,NQZ201,1320.0000
US001,2021-03-18,2136,CIQ203,5830.0000
US001,2021-03-23,2137,SYK188,12980.0000
US001,2021-03-22,2138,VAM174,8580.0000
US001,2021-03-11,2139,RJU185,1320.0000
US001,2021-03-29,2140,LMP284,11660.0000
US001,2021-03-24,2141,OHI378,1650.0000
US001,2021-03-12,2142,GQG968,7040.0000
US001,2021-03-29,2143,HKP552,12100.0000
US001,2021-03-28,2144,JCZ485,5280.0000
US001,2021-03-07,2145,BLC694,7700.0000
US001,2021-03-19,2146,UIV918,8140.0000
US001,2021-03-02,2147,OZU597,9350.0000
US001,2021-03-11,2148,NIT791,7700.0000
US001,2021-03-12,2149,JRO225,6270.0000
US001,2021-03-06,2150,SPP356,3190.0000
US001,2021-03-22,2151,ZPU866,2420.0000
US001,2021-03-19,2152,HMR760,8470.0000
US001,2021-03-12,2153,RLI659,1650.0000
US001,2021-03-09,2154,VVE118,11000.0000
US001,2021-03-11,2155,RVI826,1650.0000
US001,2021-03-28,2156,LJA127,7700.0000
US001,2021-03-19,2157,XLL991,11330.0000
US001,2021-03-08,2158,JHC237,13090.0000
US001,2021-03-26,2159,LCP702,12650.0000
US001,2021-03-12,2160,GUT776,1650.0000
US001,2021-03-22,2161,DHK866,10670.0000
US001,2021-03-13,2162,TKK768,2860.0000
US001,2021-03-07,2163,APK225,9350.0000
US001,2021-03-28,2164,JJR919,11880.0000
US001,2021-03-10,2165,LAX292,9570.0000
US001,2021-03-18,2166,UOH847,2090.0000
US001,2021-03-24,2167,SGS700,2970.0000
US001,2021-03-04,2168,OPA401,1320.0000
US001,2021-03-09,2169,ZBR946,1320.0000
US001,2021-03-01,2170,GWH352,6930.0000
US001,2021-03-10,2171,JZS373,9130.0000
US001,2021-03-07,2172,QRJ920,14520.0000
US001,2021-03-15,2173,PCC421,10120.0000
US001,2021-03-19,2174,WCF856,1650.0000
US001,2021-03-26,2175,JVG308,7920.0000
US001,2021-03-20,2176,BLS179,10340.0000
US001,2021-03-06,2177,QGU612,5830.0000
US001,2021-03-18,2178,ZGC993,11550.0000
US001,2021-03-05,2179,QJW587,13970.0000
US001,2021-03-22,2180,NLT466,1650.0000
US001,2021-03-11,2181,LMR591,10340.0000
US001,2021-03-10,2182,JPC465,16610.0000
US001,2021-03-02,2183,BTF952,1650.0000
US001,2021-03-16,2184,GGY799,7920.0000
US001,2021-03-28,2185,NSV990,9460.0000
US001,2021-03-01,2186,BXN258,6930.0000
US001,2021-03-30,2187,NVF724,1650.0000
US001,2021-03-06,2188,WMB729,6820.0000
US001,2021-03-27,2189,CUP541,6270.0000
US001,2021-03-19,2190,ZWK156,9240.0000
US001,2021-03-09,2191,ZHG300,3960.0000
US001,2021-03-23,2192,PRW597,1320.0000
US001,2021-03-03,2193,SSK238,1320.0000
US001,2021-03-01,2194,UCS986,11110.0000
US001,2021-03-01,2195,MIZ191,8030.0000
US001,2021-03-27,2196,LJI113,7480.0000
US001,2021-03-02,2197,GDJ238,3300.0000
US001,2021-03-26,2198,URN842,11000.0000
US001,2021-03-09,2199,ANY699,9130.0000
US001,2021-03-28,2200,UNH986,1650.0000
US001,2021-03-14,2201,VET459,9240.0000
US001,2021-03-16,2202,TVV767,2970.0000
US001,2021-03-06,2203,XWI565,10560.0000
US001,2021-03-19,2204,WMM299,7370.0000
US001,2021-03-27,2205,ICG487,1320.0000
US001,2021-03-08,2206,BLX297,14410.0000
US001,2021-03-05,2207,BFB619,3960.0000
US001,2021-03-20,2208,TKI992,7260.0000
US001,2021-03-11,2209,QSO639,15840.0000
US001,2021-03-28,2210,MAM584,7480.0000
US001,2021-03-22,2211,VZF978,1320.0000
US001,2021-03-22,2212,GAO715,6270.0000
US001,2021-03-05,2213,FAE553,1320.0000
US001,2021-03-25,2214,OOZ774,1650.0000
US001,2021-03-03,2215,TQS264,11770.0000
US001,2021-03-01,2216,HQU893,1870.0000
US001,2021-03-01,2217,TOE731,8140.0000
US001,2021-03-11,2218,MIL263,9460.0000
US001,2021-03-30,2219,SCK338,10780.0000
US001,2021-03-22,2220,DAH213,7810.0000
US001,2021-03-30,2221,YWJ848,2970.0000
US001,2021-03-29,2222,RJI166,4620.0000
US001,2021-03-17,2223,POH333,5940.0000
US001,2021-03-16,2224,NKS694,2970.0000
US001,2021-03-16,2225,MTE775,6930.0000
US001,2021-03-03,2226,KCJ224,10890.0000
US001,2021-03-27,2227,MXT835,1320.0000
US001,2021-03-18,2228,NBI860,11880.0000
US001,2021-03-06,2229,UCK262,12210.0000
US001,2021-03-26,2230,VOK885,4180.0000
US001,2021-03-25,2231,JTK042,5280.0000
US001,2021-03-09,2232,FMZ949,6490.0000
US001,2021-03-21,2233,OFI971,4950.0000
US001,2021-03-20,2234,GJJ491,1650.0000
US001,2021-03-15,2235,VVW603,11990.0000
US001,2021-03-17,2236,FXF645,1320.0000
US001,2021-03-21,2237,WDA335,10340.0000
US001,2021-03-13,2238,WOJ881,11990.0000
US001,2021-03-30,2239,LNV183,1650.0000
US001,2021-03-19,2240,ZEB620,3960.0000
US001,2021-03-15,2241,QGN495,8800.0000
US001,2021-03-19,2242,XIK431,3960.0000
US001,2021-03-17,2243,EGJ593,1650.0000
US001,2021-03-08,2244,JLM509,4730.0000
US001,2021-03-11,2245,ICB274,6050.0000
US001,2021-03-24,2246,QNB363,10780.0000
US001,2021-03-28,2247,XQC500,15950.0000
US001,2021-03-22,2248,DJY680,2970.0000
US001,2021-03-15,2249,GGI348,7040.0000
US001,2021-03-28,2250,VQJ877,7590.0000
US001,2021-03-14,2251,LLR075,12210.0000
US001,2021-03-30,2252,NWS994,4620.0000
US001,2021-03-08,2253,MGK996,10120.0000
US001,2021-03-01,2254,FMN674,6710.0000
US001,2021-03-12,2255,INS948,2970.0000
US001,2021-03-10,2256,VEV189,2970.0000
US001,2021-03-25,2257,OIE287,4290.0000
US001,2021-03-08,2258,WZD569,8030.0000
US001,2021-03-14,2259,FLU615,3960.0000
US001,2021-03-15,2260,TFJ153,10340.0000
US001,2021-03-07,2261,FOM931,2970.0000
US001,2021-03-14,2262,PTZ094,6490.0000
US001,2021-03-02,2263,UMP080,17160.0000
US001,2021-03-11,2264,LEY847,4070.0000
US001,2021-03-05,2265,SOK010,7150.0000
US001,2021-03-14,2266,VDJ415,4840.0000
US001,2021-03-20,2267,OSK408,3300.0000
US001,2021-03-27,2268,GSM930,8910.0000
US001,2021-03-21,2269,NFP880,8470.0000
US001,2021-03-27,2270,QUI021,2970.0000
US001,2021-03-29,2271,BCL565,1650.0000
US001,2021-03-01,2272,CDA521,4840.0000
US001,2021-03-08,2273,VHM323,1650.0000
US001,2021-03-30,2274,DNQ237,220.0000
US001,2021-03-28,2275,XKY289,10890.0000
US001,2021-03-30,2276,QFB294,2970.0000
US001,2021-03-09,2277,AUA162,6270.0000
US001,2021-03-26,2278,DZK363,3300.0000
US001,2021-03-15,2279,DDG342,15950.0000
US001,2021-03-22,2280,UFJ329,2970.0000
US001,2021-03-02,2281,APH277,1320.0000
US001,2021-03-09,2282,FRO535,13420.0000
US001,2021-03-02,2283,NWV518,2970.0000
US001,2021-03-16,2284,PUU278,1650.0000
US001,2021-03-27,2285,VEA792,2970.0000
US001,2021-03-14,2286,QPT288,4730.0000
US001,2021-03-13,2287,NPP827,6160.0000
US001,2021-03-27,2288,TQC325,1320.0000
US001,2021-03-05,2289,OWU198,6820.0000
US001,2021-03-24,2291,VSD470,3960.0000
US001,2021-03-23,2292,XQF995,12540.0000
US001,2021-03-20,2293,HQF567,10230.0000
US001,2021-03-07,2294,EIP167,2970.0000
US001,2021-03-19,2295,FML675,1320.0000
US001,2021-03-20,2296,FAK522,2310.0000
US001,2021-03-26,2297,JTV782,2970.0000
US001,2021-03-02,2298,GVK048,12430.0000
US001,2021-03-16,2299,TBV827,2970.0000
US001,2021-03-06,2300,NUP535,4290.0000
US001,2021-03-24,2301,IDZ682,9900.0000
US001,2021-03-03,2302,MIN185,2970.0000
US001,2021-03-21,2303,VPR913,10560.0000
US001,2021-03-06,2304,FHB753,2970.0000
US001,2021-03-24,2305,KNU952,2970.0000
US001,2021-03-13,2306,DUF596,4950.0000
US001,2021-03-14,2307,OUD793,5500.0000
US001,2021-03-07,2308,KOF854,4290.0000
US001,2021-03-09,2309,RHK743,4950.0000
US001,2021-03-12,2310,ABK009,6050.0000
US001,2021-03-05,2311,EJQ502,12430.0000
US001,2021-03-15,2312,GVL437,6270.0000
US001,2021-03-23,2313,NGO482,6270.0000
US001,2021-03-07,2314,DYR415,13640.0000
US001,2021-03-20,2315,BLO179,14850.0000
US001,2021-03-06,2316,VYG942,1320.0000
US001,2021-03-16,2317,ZVK434,8690.0000
US001,2021-03-06,2318,WFB194,3520.0000
US001,2021-03-16,2319,RME231,11880.0000
US001,2021-03-15,2320,QJR562,12650.0000
US001,2021-03-14,2321,ZLF639,1760.0000
US001,2021-03-30,2322,WOS150,3520.0000
US001,2021-03-19,2323,KZC035,1320.0000
US001,2021-03-21,2324,KDN465,4620.0000
US001,2021-03-27,2325,AXH697,10670.0000
US001,2021-03-29,2326,JKM036,1320.0000
US001,2021-03-04,2327,WWN475,13640.0000
US001,2021-03-14,2328,MLY134,2970.0000
US001,2021-03-29,2329,TPA095,4620.0000
US001,2021-03-02,2330,KXZ328,1320.0000
US001,2021-03-15,2331,CFE047,6270.0000
US001,2021-03-10,2332,GKL271,7370.0000
US001,2021-03-03,2333,YPI975,6270.0000
US001,2021-03-26,2334,WEJ791,1980.0000
US001,2021-03-10,2335,YRM891,1650.0000
US001,2021-03-17,2336,QWT340,2970.0000
US001,2021-03-26,2337,HNZ687,12210.0000
US001,2021-03-22,2338,TIY692,5280.0000
US001,2021-03-12,2339,LDE144,5610.0000
US001,2021-03-27,2340,WTQ739,5170.0000
US001,2021-03-28,2341,VTB407,3410.0000
US001,2021-03-10,2342,AGI246,1650.0000
US001,2021-03-28,2343,MKA736,1650.0000
US001,2021-03-28,2344,AXV291,13090.0000
US001,2021-03-14,2345,TLR284,1320.0000
US001,2021-03-21,2346,TAM321,4950.0000
US001,2021-03-21,2347,FRF081,2970.0000
US001,2021-03-24,2348,DUQ846,1650.0000
US001,2021-03-24,2349,MEF402,3300.0000
US001,2021-03-25,2350,LCT413,10890.0000
US001,2021-03-29,2351,HQX737,2970.0000
US001,2021-03-20,2352,RXD404,11550.0000
US001,2021-03-03,2353,NIR812,1320.0000
US001,2021-03-02,2354,QOA034,2640.0000
US001,2021-03-25,2355,WMR440,6270.0000
US001,2021-03-27,2356,YIR552,1320.0000
US001,2021-03-04,2357,ECR043,17930.0000
US001,2021-03-14,2358,YHX105,5610.0000
US001,2021-03-22,2359,XCM838,7370.0000
US001,2021-03-21,2360,UJY920,4950.0000
US001,2021-03-04,2361,WRQ731,1650.0000
US001,2021-03-28,2362,UEI896,1320.0000
US001,2021-03-01,2363,KAA103,9240.0000
US001,2021-03-26,2364,KVD999,11770.0000
US001,2021-03-13,2365,PRA758,6930.0000
US001,2021-03-04,2366,EUL349,17160.0000
US001,2021-03-10,2367,XOJ435,2970.0000
US001,2021-03-27,2368,AJT389,11770.0000
US001,2021-03-22,2369,CNK608,10120.0000
US001,2021-03-09,2370,BMO403,4290.0000
US001,2021-03-10,2371,TIX580,3850.0000
US001,2021-03-23,2372,RUJ037,2970.0000
US001,2021-03-24,2373,YHZ388,6490.0000
US001,2021-03-10,2374,RKM701,2970.0000
US001,2021-03-30,2375,ANE954,14520.0000
US001,2021-03-28,2376,VQV657,2640.0000
US001,2021-03-12,2377,CAK327,4730.0000
US001,2021-03-10,2378,RWY419,4290.0000
US001,2021-03-25,2379,IGN385,9790.0000
US001,2021-03-04,2380,BUY973,1650.0000
US001,2021-03-12,2381,RNQ240,6820.0000
US001,2021-03-15,2382,NEC300,11000.0000
US001,2021-03-14,2383,ULW951,2970.0000
US001,2021-03-12,2384,LWI170,6600.0000
US001,2021-03-28,2385,RCZ909,11330.0000
US001,2021-03-05,2386,MAD486,3080.0000
US001,2021-03-06,2387,XMZ186,10560.0000
US001,2021-03-28,2388,ROB707,1320.0000
US001,2021-03-23,2389,KWV037,8470.0000
US001,2021-03-22,2390,AQS126,6600.0000
US001,2021-03-26,2391,JAH558,13640.0000
US001,2021-03-24,2392,LHK519,6270.0000
US001,2021-03-21,2393,RCU466,10230.0000
US001,2021-03-25,2394,ACY876,4290.0000
US001,2021-03-12,2395,EVK407,1320.0000
US001,2021-03-12,2396,GKG959,10230.0000
US001,2021-03-16,2397,PTL970,1650.0000
US001,2021-03-03,2398,UFC837,3080.0000
US001,2021-03-06,2399,HWP980,10010.0000
US001,2021-03-11,2400,UGD176,5170.0000
US001,2021-03-01,2401,THF241,15290.0000
US001,2021-03-27,2402,GXG851,1320.0000
US001,2021-03-07,2403,YDN106,8250.0000
US001,2021-03-19,2404,SDB885,3960.0000
US001,2021-03-20,2405,QAB268,3410.0000
US001,2021-03-19,2406,VRQ541,5610.0000
US001,2021-03-30,2407,XLO342,6270.0000
US001,2021-03-15,2408,QUT102,2970.0000
US001,2021-03-08,2409,RZB590,2640.0000
US001,2021-03-25,2410,IRO183,13420.0000
US001,2021-03-10,2411,VVX576,4950.0000
US001,2021-03-26,2412,HUH222,4180.0000
US001,2021-03-13,2413,YAW537,17600.0000
US001,2021-03-23,2414,FZM167,13970.0000
US001,2021-03-04,2415,IOH230,8140.0000
US001,2021-03-25,2416,ZDP868,5500.0000
US001,2021-03-02,2417,TGI847,2970.0000
US001,2021-03-26,2418,ADA167,9020.0000
US001,2021-03-04,2419,XHO499,1320.0000
US001,2021-03-27,2420,MKH526,2970.0000
US001,2021-03-19,2421,YPR115,1650.0000
US001,2021-03-29,2422,OTQ623,6270.0000
US001,2021-03-26,2423,HZO129,4290.0000
US001,2021-03-17,2424,UII287,9570.0000
US001,2021-03-23,2425,NJA266,1320.0000
US001,2021-03-09,2426,DYR403,4620.0000
US001,2021-03-27,2427,OUJ419,9570.0000
US001,2021-03-25,2428,ZSJ720,11660.0000
US001,2021-03-25,2429,RQK670,1760.0000
US001,2021-03-13,2430,NBJ277,8140.0000
US001,2021-03-19,2431,TWX973,2970.0000
US001,2021-03-03,2432,DPA839,2970.0000
US001,2021-03-18,2433,AAV855,2970.0000
US001,2021-03-03,2434,CKT236,13860.0000
US001,2021-03-19,2435,HNL450,10450.0000
US001,2021-03-30,2436,RLB935,8140.0000
US001,2021-03-27,2437,ZXQ617,11660.0000
US001,2021-03-02,2438,YNG963,7590.0000
US001,2021-03-18,2439,YFU210,11770.0000
US001,2021-03-30,2440,VXR140,1320.0000
US001,2021-03-18,2441,YLA350,10340.0000
US001,2021-03-16,2442,VNX808,6600.0000
US001,2021-03-24,2443,SYK610,6050.0000
US001,2021-03-22,2444,CIL822,3960.0000
US001,2021-03-13,2445,IXJ746,2860.0000
US001,2021-03-03,2446,QBI611,2970.0000
US001,2021-03-16,2447,EXG893,13750.0000
US001,2021-03-17,2448,EHK258,11550.0000
US001,2021-03-14,2449,MDA151,8470.0000
US001,2021-03-16,2450,WJN215,11550.0000
US001,2021-03-08,2451,AIW310,4620.0000
US001,2021-03-24,2452,UFK320,6820.0000
US001,2021-03-21,2453,TLT379,2970.0000
US001,2021-03-13,2454,TYC740,4290.0000
US001,2021-03-12,2455,STF605,9680.0000
US001,2021-03-21,2456,VTN790,6820.0000
US001,2021-03-16,2457,LJX068,9130.0000
US001,2021-03-27,2458,SHE792,2970.0000
US001,2021-03-04,2459,OLC709,2970.0000
US001,2021-03-25,2460,MWU867,7810.0000
US001,2021-03-25,2461,EIG223,7590.0000
US001,2021-03-22,2462,QBQ138,13200.0000
US001,2021-03-01,2463,YCX213,1320.0000
US001,2021-03-17,2464,FSZ809,1320.0000
US001,2021-03-24,2465,CKG763,6930.0000
US001,2021-03-19,2466,WQW348,6600.0000
US001,2021-03-08,2467,TOV271,5830.0000
US001,2021-03-21,2468,YNP661,3080.0000
US001,2021-03-02,2469,VOZ524,17050.0000
US001,2021-03-30,2470,KVQ771,1320.0000
US001,2021-03-16,2471,DRP628,14080.0000
US001,2021-03-04,2472,BFO059,1320.0000
US001,2021-03-29,2473,KEL245,8250.0000
US001,2021-03-16,2474,THB430,5170.0000
US001,2021-03-13,2475,NDL940,9240.0000
US001,2021-03-03,2476,DKC430,1320.0000
US001,2021-03-28,2477,NFB405,8360.0000
US001,2021-03-13,2478,OAB330,8360.0000
US001,2021-03-08,2479,BKB293,10340.0000
US001,2021-03-24,2480,JPM216,1320.0000
US001,2021-03-13,2481,TXN784,16940.0000
US001,2021-03-12,2482,MFA832,8030.0000
US001,2021-03-03,2483,ERL976,15400.0000
US001,2021-03-07,2484,ALJ367,3960.0000
US001,2021-03-18,2485,OCW826,2970.0000
US001,2021-03-28,2486,LYQ219,1650.0000
US001,2021-03-03,2487,VRN733,14850.0000
US001,2021-03-09,2488,EUZ612,2970.0000
US001,2021-03-15,2489,WZW665,8910.0000
US001,2021-03-05,2490,UZY436,1650.0000
US001,2021-03-28,2491,RBT366,12980.0000
US001,2021-03-27,2492,DWJ131,9020.0000
US001,2021-03-21,2493,QJM019,1650.0000
US001,2021-03-30,2494,GGR444,13750.0000
US001,2021-03-21,2495,RXC591,10120.0000
US001,2021-03-10,2496,UGI593,6270.0000
US001,2021-03-13,2497,UQX418,2970.0000
US001,2021-03-09,2498,OQN067,1320.0000
US001,2021-03-23,2499,JKG472,6600.0000
