company_code,sales_order_id,product_id,units,unit_selling_price,currency_id,tax_code,shipped
US001,301,3,1,1500,1,1,yes
US001,301,4,23,100,1,1,yes
US001,301,5,4,1200,1,1,yes
US001,302,3,3,1500,1,1,yes
US001,302,4,72,100,1,1,yes
US001,302,5,2,1200,1,1,yes
US001,303,5,1,1200,1,1,yes
US001,304,3,3,1500,1,1,yes
US001,304,4,60,100,1,1,yes
US001,304,5,5,1200,1,1,yes
US001,305,3,1,1500,1,1,yes
US001,305,4,15,100,1,1,yes
US001,305,5,1,1200,1,1,yes
US001,306,3,1,1500,1,1,yes
US001,307,4,1,100,1,1,yes
US001,308,3,1,1500,1,1,yes
US001,309,3,1,1500,1,1,yes
US001,309,4,62,100,1,1,yes
US001,309,5,1,1200,1,1,yes
US001,310,5,1,1200,1,1,yes
US001,311,3,1,1500,1,1,yes
US001,311,4,32,100,1,1,yes
US001,312,4,56,100,1,1,yes
US001,312,5,1,1200,1,1,yes
US001,313,3,1,1500,1,1,yes
US001,314,5,1,1200,1,1,yes
US001,315,3,1,1500,1,1,yes
US001,316,3,1,1500,1,1,yes
US001,316,5,3,1200,1,1,yes
US001,317,3,1,1500,1,1,yes
US001,317,4,33,100,1,1,yes
US001,318,5,1,1200,1,1,yes
US001,319,4,13,100,1,1,yes
US001,319,5,1,1200,1,1,yes
US001,320,5,1,1200,1,1,yes
US001,321,3,1,1500,1,1,yes
US001,321,4,41,100,1,1,yes
US001,321,5,4,1200,1,1,yes
US001,322,3,1,1500,1,1,yes
US001,322,4,70,100,1,1,yes
US001,322,5,1,1200,1,1,yes
US001,323,3,1,1500,1,1,yes
US001,323,4,71,100,1,1,yes
US001,323,5,1,1200,1,1,yes
US001,324,3,1,1500,1,1,yes
US001,325,3,1,1500,1,1,yes
US001,325,4,65,100,1,1,yes
US001,325,5,1,1200,1,1,yes
US001,326,3,1,1500,1,1,yes
US001,326,4,2,100,1,1,yes
US001,326,5,1,1200,1,1,yes
US001,327,3,1,1500,1,1,yes
US001,327,5,1,1200,1,1,yes
US001,328,3,1,1500,1,1,yes
US001,328,4,19,100,1,1,yes
US001,328,5,4,1200,1,1,yes
US001,329,3,2,1500,1,1,yes
US001,329,4,16,100,1,1,yes
US001,329,5,1,1200,1,1,yes
US001,330,3,1,1500,1,1,yes
US001,330,5,1,1200,1,1,yes
US001,331,3,1,1500,1,1,yes
US001,332,4,50,100,1,1,yes
US001,332,5,1,1200,1,1,yes
US001,333,3,1,1500,1,1,yes
US001,334,5,1,1200,1,1,yes
US001,335,3,2,1500,1,1,yes
US001,336,4,79,100,1,1,yes
US001,337,3,2,1500,1,1,yes
US001,337,4,80,100,1,1,yes
US001,338,4,58,100,1,1,yes
US001,339,3,2,1500,1,1,yes
US001,339,4,43,100,1,1,yes
US001,339,5,1,1200,1,1,yes
US001,340,3,3,1500,1,1,yes
US001,341,4,51,100,1,1,yes
US001,341,5,1,1200,1,1,yes
US001,342,5,1,1200,1,1,yes
US001,343,3,3,1500,1,1,yes
US001,343,4,84,100,1,1,yes
US001,343,5,1,1200,1,1,yes
US001,344,3,1,1500,1,1,yes
US001,344,4,76,100,1,1,yes
US001,344,5,1,1200,1,1,yes
US001,345,4,19,100,1,1,yes
US001,346,3,1,1500,1,1,yes
US001,346,4,88,100,1,1,yes
US001,346,5,1,1200,1,1,yes
US001,347,3,3,1500,1,1,yes
US001,347,5,1,1200,1,1,yes
US001,348,3,1,1500,1,1,yes
US001,349,3,1,1500,1,1,yes
US001,349,4,24,100,1,1,yes
US001,349,5,1,1200,1,1,yes
US001,350,4,52,100,1,1,yes
US001,350,5,1,1200,1,1,yes
US001,351,3,1,1500,1,1,yes
US001,351,4,46,100,1,1,yes
US001,351,5,1,1200,1,1,yes
US001,352,5,1,1200,1,1,yes
US001,353,3,1,1500,1,1,yes
US001,353,4,77,100,1,1,yes
US001,353,5,1,1200,1,1,yes
US001,354,3,1,1500,1,1,yes
US001,354,4,70,100,1,1,yes
US001,354,5,5,1200,1,1,yes
US001,355,5,2,1200,1,1,yes
US001,356,4,87,100,1,1,yes
US001,357,3,1,1500,1,1,yes
US001,357,5,1,1200,1,1,yes
US001,358,3,1,1500,1,1,yes
US001,358,5,1,1200,1,1,yes
US001,359,3,1,1500,1,1,yes
US001,359,4,82,100,1,1,yes
US001,359,5,1,1200,1,1,yes
US001,360,4,33,100,1,1,yes
US001,361,4,42,100,1,1,yes
US001,361,5,1,1200,1,1,yes
US001,362,4,46,100,1,1,yes
US001,362,5,1,1200,1,1,yes
US001,363,5,1,1200,1,1,yes
US001,364,3,1,1500,1,1,yes
US001,364,4,2,100,1,1,yes
US001,364,5,1,1200,1,1,yes
US001,365,3,1,1500,1,1,yes
US001,365,5,1,1200,1,1,yes
US001,366,3,3,1500,1,1,yes
US001,366,4,9,100,1,1,yes
US001,366,5,1,1200,1,1,yes
US001,367,4,26,100,1,1,yes
US001,368,3,1,1500,1,1,yes
US001,368,4,96,100,1,1,yes
US001,368,5,1,1200,1,1,yes
US001,369,4,60,100,1,1,yes
US001,369,5,1,1200,1,1,yes
US001,370,3,3,1500,1,1,yes
US001,370,4,65,100,1,1,yes
US001,370,5,2,1200,1,1,yes
US001,371,3,1,1500,1,1,yes
US001,371,4,28,100,1,1,yes
US001,371,5,1,1200,1,1,yes
US001,372,3,3,1500,1,1,yes
US001,372,4,33,100,1,1,yes
US001,372,5,1,1200,1,1,yes
US001,373,3,1,1500,1,1,yes
US001,373,4,61,100,1,1,yes
US001,373,5,1,1200,1,1,yes
US001,374,3,1,1500,1,1,yes
US001,374,4,29,100,1,1,yes
US001,375,3,1,1500,1,1,yes
US001,375,4,88,100,1,1,yes
US001,375,5,1,1200,1,1,yes
US001,376,3,1,1500,1,1,yes
US001,376,5,1,1200,1,1,yes
US001,377,3,2,1500,1,1,yes
US001,378,4,83,100,1,1,yes
US001,378,5,1,1200,1,1,yes
US001,379,3,2,1500,1,1,yes
US001,379,4,37,100,1,1,yes
US001,379,5,1,1200,1,1,yes
US001,380,3,1,1500,1,1,yes
US001,380,5,1,1200,1,1,yes
US001,381,5,1,1200,1,1,yes
US001,382,4,19,100,1,1,yes
US001,382,5,2,1200,1,1,yes
US001,383,5,1,1200,1,1,yes
US001,384,4,1,100,1,1,yes
US001,384,5,1,1200,1,1,yes
US001,385,4,4,100,1,1,yes
US001,386,3,1,1500,1,1,yes
US001,387,4,64,100,1,1,yes
US001,388,3,1,1500,1,1,yes
US001,389,3,1,1500,1,1,yes
US001,389,4,84,100,1,1,yes
US001,389,5,3,1200,1,1,yes
US001,390,3,1,1500,1,1,yes
US001,390,4,12,100,1,1,yes
US001,390,5,2,1200,1,1,yes
US001,391,3,1,1500,1,1,yes
US001,391,4,14,100,1,1,yes
US001,391,5,1,1200,1,1,yes
US001,392,3,1,1500,1,1,yes
US001,392,4,3,100,1,1,yes
US001,392,5,1,1200,1,1,yes
US001,393,4,50,100,1,1,yes
US001,393,5,1,1200,1,1,yes
US001,394,3,1,1500,1,1,yes
US001,394,4,11,100,1,1,yes
US001,394,5,1,1200,1,1,yes
US001,395,4,97,100,1,1,yes
US001,395,5,2,1200,1,1,yes
US001,396,3,1,1500,1,1,yes
US001,397,3,1,1500,1,1,yes
US001,397,4,15,100,1,1,yes
US001,398,3,2,1500,1,1,yes
US001,398,4,89,100,1,1,yes
US001,399,3,2,1500,1,1,yes
US001,399,4,26,100,1,1,yes
US001,399,5,1,1200,1,1,yes
US001,400,3,1,1500,1,1,yes
US001,400,4,30,100,1,1,yes
US001,400,5,1,1200,1,1,yes
US001,401,4,2,100,1,1,yes
US001,401,5,5,1200,1,1,yes
US001,402,3,1,1500,1,1,yes
US001,402,4,36,100,1,1,yes
US001,402,5,1,1200,1,1,yes
US001,403,3,3,1500,1,1,yes
US001,403,4,85,100,1,1,yes
US001,403,5,4,1200,1,1,yes
US001,404,4,50,100,1,1,yes
US001,405,3,2,1500,1,1,yes
US001,405,4,58,100,1,1,yes
US001,405,5,1,1200,1,1,yes
US001,406,4,17,100,1,1,yes
US001,407,3,1,1500,1,1,yes
US001,407,4,74,100,1,1,yes
US001,407,5,1,1200,1,1,yes
US001,408,3,1,1500,1,1,yes
US001,408,5,1,1200,1,1,yes
US001,409,3,2,1500,1,1,yes
US001,409,4,53,100,1,1,yes
US001,409,5,1,1200,1,1,yes
US001,410,3,1,1500,1,1,yes
US001,410,5,1,1200,1,1,yes
US001,411,3,1,1500,1,1,no
US001,411,4,6,100,1,1,yes
US001,411,5,2,1200,1,1,yes
US001,412,3,1,1500,1,1,yes
US001,412,4,24,100,1,1,yes
US001,413,3,1,1500,1,1,yes
US001,413,5,1,1200,1,1,yes
US001,414,4,55,100,1,1,yes
US001,414,5,1,1200,1,1,yes
US001,415,3,1,1500,1,1,yes
US001,415,4,11,100,1,1,yes
US001,415,5,2,1200,1,1,yes
US001,416,3,1,1500,1,1,yes
US001,416,5,1,1200,1,1,yes
US001,417,3,1,1500,1,1,yes
US001,417,4,5,100,1,1,yes
US001,417,5,1,1200,1,1,yes
US001,418,5,1,1200,1,1,yes
US001,419,3,1,1500,1,1,yes
US001,419,4,42,100,1,1,yes
US001,419,5,1,1200,1,1,yes
US001,420,3,2,1500,1,1,yes
US001,420,5,4,1200,1,1,yes
US001,421,3,1,1500,1,1,yes
US001,421,5,1,1200,1,1,yes
US001,422,3,3,1500,1,1,yes
US001,423,3,1,1500,1,1,yes
US001,423,5,1,1200,1,1,yes
US001,424,3,2,1500,1,1,yes
US001,424,4,45,100,1,1,yes
US001,424,5,1,1200,1,1,yes
US001,425,3,1,1500,1,1,yes
US001,426,3,1,1500,1,1,yes
US001,427,5,5,1200,1,1,yes
US001,428,3,1,1500,1,1,yes
US001,428,4,31,100,1,1,yes
US001,429,3,1,1500,1,1,yes
US001,429,4,58,100,1,1,yes
US001,430,3,1,1500,1,1,yes
US001,430,4,40,100,1,1,yes
US001,430,5,1,1200,1,1,yes
US001,431,3,1,1500,1,1,yes
US001,431,4,12,100,1,1,yes
US001,431,5,1,1200,1,1,yes
US001,432,3,1,1500,1,1,yes
US001,432,5,4,1200,1,1,yes
US001,433,3,1,1500,1,1,yes
US001,433,4,74,100,1,1,yes
US001,433,5,2,1200,1,1,yes
US001,434,3,1,1500,1,1,yes
US001,434,4,26,100,1,1,yes
US001,434,5,1,1200,1,1,yes
US001,435,3,2,1500,1,1,yes
US001,435,4,52,100,1,1,yes
US001,435,5,1,1200,1,1,yes
US001,436,4,22,100,1,1,yes
US001,436,5,1,1200,1,1,yes
US001,437,4,57,100,1,1,yes
US001,437,5,1,1200,1,1,yes
US001,438,3,1,1500,1,1,yes
US001,439,3,1,1500,1,1,no
US001,439,4,6,100,1,1,yes
US001,439,5,1,1200,1,1,yes
US001,440,3,1,1500,1,1,yes
US001,440,4,64,100,1,1,yes
US001,440,5,1,1200,1,1,yes
US001,441,3,3,1500,1,1,yes
US001,441,5,1,1200,1,1,yes
US001,442,5,1,1200,1,1,yes
US001,443,4,54,100,1,1,yes
US001,443,5,1,1200,1,1,yes
US001,444,4,76,100,1,1,yes
US001,444,5,1,1200,1,1,yes
US001,445,3,1,1500,1,1,yes
US001,445,5,5,1200,1,1,yes
US001,446,3,3,1500,1,1,yes
US001,446,5,1,1200,1,1,yes
US001,447,5,4,1200,1,1,yes
US001,448,4,32,100,1,1,yes
US001,449,3,1,1500,1,1,yes
US001,450,3,1,1500,1,1,yes
US001,451,3,3,1500,1,1,yes
US001,451,4,26,100,1,1,yes
US001,451,5,1,1200,1,1,yes
US001,452,3,1,1500,1,1,yes
US001,452,4,12,100,1,1,yes
US001,452,5,1,1200,1,1,yes
US001,453,3,3,1500,1,1,yes
US001,453,4,21,100,1,1,yes
US001,453,5,1,1200,1,1,yes
US001,454,5,1,1200,1,1,yes
US001,455,3,1,1500,1,1,yes
US001,455,4,86,100,1,1,yes
US001,455,5,2,1200,1,1,yes
US001,456,3,1,1500,1,1,yes
US001,457,4,77,100,1,1,yes
US001,457,5,1,1200,1,1,yes
US001,458,3,1,1500,1,1,yes
US001,458,5,5,1200,1,1,yes
US001,459,3,1,1500,1,1,yes
US001,459,4,31,100,1,1,yes
US001,460,3,2,1500,1,1,yes
US001,461,3,1,1500,1,1,yes
US001,461,4,80,100,1,1,yes
US001,462,4,30,100,1,1,yes
US001,463,5,1,1200,1,1,yes
US001,464,4,77,100,1,1,yes
US001,465,5,2,1200,1,1,yes
US001,466,3,1,1500,1,1,yes
US001,466,4,20,100,1,1,yes
US001,466,5,1,1200,1,1,yes
US001,467,3,2,1500,1,1,yes
US001,467,4,90,100,1,1,yes
US001,467,5,2,1200,1,1,yes
US001,468,3,1,1500,1,1,yes
US001,468,4,11,100,1,1,yes
US001,468,5,3,1200,1,1,yes
US001,469,3,1,1500,1,1,yes
US001,469,4,68,100,1,1,yes
US001,469,5,1,1200,1,1,yes
US001,470,4,28,100,1,1,yes
US001,471,3,1,1500,1,1,yes
US001,471,5,1,1200,1,1,yes
US001,472,3,2,1500,1,1,yes
US001,472,4,93,100,1,1,yes
US001,472,5,1,1200,1,1,yes
US001,473,3,1,1500,1,1,yes
US001,473,4,86,100,1,1,yes
US001,473,5,1,1200,1,1,yes
US001,474,3,1,1500,1,1,yes
US001,474,4,96,100,1,1,yes
US001,475,3,2,1500,1,1,yes
US001,475,4,74,100,1,1,yes
US001,475,5,1,1200,1,1,yes
US001,476,3,1,1500,1,1,yes
US001,476,4,27,100,1,1,yes
US001,476,5,1,1200,1,1,yes
US001,477,3,1,1500,1,1,yes
US001,477,4,35,100,1,1,yes
US001,477,5,2,1200,1,1,no
US001,478,3,1,1500,1,1,yes
US001,478,5,1,1200,1,1,yes
US001,479,3,1,1500,1,1,yes
US001,479,4,89,100,1,1,yes
US001,479,5,1,1200,1,1,yes
US001,480,3,1,1500,1,1,yes
US001,480,5,2,1200,1,1,yes
US001,481,3,1,1500,1,1,yes
US001,481,4,21,100,1,1,yes
US001,482,4,90,100,1,1,yes
US001,482,5,2,1200,1,1,yes
US001,483,3,3,1500,1,1,yes
US001,483,4,49,100,1,1,yes
US001,484,5,1,1200,1,1,yes
US001,485,3,1,1500,1,1,yes
US001,485,4,4,100,1,1,yes
US001,486,5,1,1200,1,1,yes
US001,487,3,1,1500,1,1,yes
US001,487,4,67,100,1,1,yes
US001,487,5,1,1200,1,1,yes
US001,488,3,1,1500,1,1,yes
US001,488,4,9,100,1,1,yes
US001,488,5,1,1200,1,1,yes
US001,489,5,1,1200,1,1,yes
US001,490,3,1,1500,1,1,yes
US001,491,3,1,1500,1,1,yes
US001,491,4,37,100,1,1,yes
US001,491,5,1,1200,1,1,yes
US001,492,3,1,1500,1,1,yes
US001,492,5,2,1200,1,1,yes
US001,493,3,1,1500,1,1,yes
US001,493,4,45,100,1,1,yes
US001,493,5,1,1200,1,1,yes
US001,494,3,1,1500,1,1,yes
US001,494,4,46,100,1,1,yes
US001,494,5,2,1200,1,1,yes
US001,495,4,2,100,1,1,yes
US001,496,3,1,1500,1,1,yes
US001,496,4,27,100,1,1,yes
US001,496,5,1,1200,1,1,yes
US001,497,3,1,1500,1,1,yes
US001,497,4,18,100,1,1,yes
US001,497,5,2,1200,1,1,yes
US001,498,3,1,1500,1,1,yes
US001,499,4,80,100,1,1,yes
US001,499,5,1,1200,1,1,yes
US001,500,3,2,1500,1,1,yes
US001,500,4,14,100,1,1,yes
US001,501,3,1,1500,1,1,yes
US001,502,4,3,100,1,1,yes
US001,502,5,1,1200,1,1,yes
US001,503,3,1,1500,1,1,yes
US001,504,4,97,100,1,1,yes
US001,504,5,5,1200,1,1,yes
US001,505,3,1,1500,1,1,yes
US001,505,4,6,100,1,1,yes
US001,506,3,1,1500,1,1,yes
US001,506,4,73,100,1,1,yes
US001,507,3,1,1500,1,1,yes
US001,508,3,1,1500,1,1,yes
US001,508,4,8,100,1,1,yes
US001,509,3,1,1500,1,1,yes
US001,509,4,77,100,1,1,yes
US001,509,5,1,1200,1,1,yes
US001,510,5,1,1200,1,1,yes
US001,511,3,1,1500,1,1,yes
US001,511,4,62,100,1,1,yes
US001,511,5,1,1200,1,1,yes
US001,512,5,1,1200,1,1,yes
US001,513,3,1,1500,1,1,yes
US001,513,5,3,1200,1,1,yes
US001,514,3,3,1500,1,1,yes
US001,515,5,1,1200,1,1,yes
US001,516,4,60,100,1,1,yes
US001,516,5,1,1200,1,1,yes
US001,517,3,2,1500,1,1,yes
US001,517,4,31,100,1,1,yes
US001,517,5,1,1200,1,1,yes
US001,518,3,1,1500,1,1,yes
US001,518,5,1,1200,1,1,yes
US001,519,3,1,1500,1,1,yes
US001,519,5,1,1200,1,1,yes
US001,520,4,56,100,1,1,yes
US001,521,3,1,1500,1,1,yes
US001,521,4,87,100,1,1,yes
US001,521,5,2,1200,1,1,yes
US001,522,4,41,100,1,1,yes
US001,523,3,1,1500,1,1,yes
US001,524,4,89,100,1,1,yes
US001,524,5,1,1200,1,1,yes
US001,525,3,1,1500,1,1,yes
US001,525,4,82,100,1,1,yes
US001,525,5,1,1200,1,1,yes
US001,526,3,1,1500,1,1,yes
US001,526,4,93,100,1,1,yes
US001,526,5,5,1200,1,1,yes
US001,527,5,1,1200,1,1,yes
US001,528,3,1,1500,1,1,yes
US001,528,4,38,100,1,1,yes
US001,529,3,1,1500,1,1,yes
US001,529,4,72,100,1,1,yes
US001,529,5,1,1200,1,1,yes
US001,530,3,1,1500,1,1,yes
US001,530,4,60,100,1,1,yes
US001,531,3,1,1500,1,1,yes
US001,531,4,19,100,1,1,yes
US001,531,5,1,1200,1,1,yes
US001,532,5,1,1200,1,1,yes
US001,533,3,2,1500,1,1,yes
US001,533,4,28,100,1,1,yes
US001,533,5,1,1200,1,1,yes
US001,534,4,97,100,1,1,yes
US001,534,5,2,1200,1,1,yes
US001,535,3,1,1500,1,1,yes
US001,536,3,1,1500,1,1,yes
US001,536,4,3,100,1,1,yes
US001,536,5,1,1200,1,1,yes
US001,537,4,56,100,1,1,yes
US001,537,5,1,1200,1,1,yes
US001,538,4,40,100,1,1,yes
US001,539,4,60,100,1,1,yes
US001,540,4,73,100,1,1,yes
US001,540,5,3,1200,1,1,yes
US001,541,3,2,1500,1,1,yes
US001,542,3,1,1500,1,1,yes
US001,543,3,1,1500,1,1,yes
US001,543,4,49,100,1,1,yes
US001,543,5,1,1200,1,1,yes
US001,544,3,1,1500,1,1,yes
US001,544,5,1,1200,1,1,yes
US001,545,5,1,1200,1,1,yes
US001,546,3,1,1500,1,1,yes
US001,546,4,26,100,1,1,yes
US001,547,3,1,1500,1,1,yes
US001,547,4,36,100,1,1,yes
US001,547,5,3,1200,1,1,yes
US001,548,3,1,1500,1,1,yes
US001,549,3,1,1500,1,1,yes
US001,549,4,11,100,1,1,yes
US001,550,3,1,1500,1,1,yes
US001,551,3,1,1500,1,1,yes
US001,551,4,99,100,1,1,yes
US001,552,4,67,100,1,1,yes
US001,553,4,45,100,1,1,yes
US001,553,5,1,1200,1,1,yes
US001,554,4,8,100,1,1,yes
US001,555,3,1,1500,1,1,yes
US001,555,4,47,100,1,1,yes
US001,555,5,1,1200,1,1,yes
US001,556,4,34,100,1,1,yes
US001,557,4,42,100,1,1,yes
US001,557,5,1,1200,1,1,yes
US001,558,3,1,1500,1,1,yes
US001,558,4,65,100,1,1,yes
US001,558,5,1,1200,1,1,yes
US001,559,4,85,100,1,1,yes
US001,560,4,69,100,1,1,yes
US001,561,3,2,1500,1,1,yes
US001,561,4,49,100,1,1,yes
US001,561,5,1,1200,1,1,yes
US001,562,3,1,1500,1,1,yes
US001,562,4,38,100,1,1,yes
US001,562,5,1,1200,1,1,yes
US001,563,3,1,1500,1,1,yes
US001,563,5,1,1200,1,1,yes
US001,564,3,2,1500,1,1,yes
US001,564,4,40,100,1,1,yes
US001,565,3,1,1500,1,1,yes
US001,565,4,26,100,1,1,yes
US001,565,5,1,1200,1,1,yes
US001,566,3,1,1500,1,1,yes
US001,567,4,26,100,1,1,yes
US001,567,5,1,1200,1,1,yes
US001,568,3,2,1500,1,1,yes
US001,568,4,10,100,1,1,yes
US001,568,5,1,1200,1,1,yes
US001,569,3,1,1500,1,1,yes
US001,569,4,94,100,1,1,yes
US001,570,3,1,1500,1,1,yes
US001,570,4,85,100,1,1,yes
US001,570,5,1,1200,1,1,yes
US001,571,4,87,100,1,1,yes
US001,571,5,1,1200,1,1,yes
US001,572,3,1,1500,1,1,yes
US001,572,4,81,100,1,1,yes
US001,573,5,1,1200,1,1,yes
US001,574,3,1,1500,1,1,yes
US001,574,4,42,100,1,1,yes
US001,574,5,1,1200,1,1,yes
US001,575,3,1,1500,1,1,yes
US001,575,4,75,100,1,1,yes
US001,575,5,1,1200,1,1,yes
US001,576,3,1,1500,1,1,yes
US001,577,5,1,1200,1,1,yes
US001,578,3,1,1500,1,1,yes
US001,579,4,78,100,1,1,yes
US001,580,4,11,100,1,1,yes
US001,580,5,1,1200,1,1,yes
US001,581,4,54,100,1,1,yes
US001,582,5,1,1200,1,1,yes
US001,583,3,1,1500,1,1,yes
US001,584,4,51,100,1,1,yes
US001,584,5,1,1200,1,1,yes
US001,585,4,73,100,1,1,yes
US001,586,4,20,100,1,1,yes
US001,587,3,1,1500,1,1,yes
US001,587,4,89,100,1,1,yes
US001,587,5,5,1200,1,1,yes
US001,588,3,1,1500,1,1,yes
US001,588,4,37,100,1,1,yes
US001,588,5,3,1200,1,1,yes
US001,589,3,1,1500,1,1,yes
US001,589,4,31,100,1,1,yes
US001,589,5,1,1200,1,1,yes
US001,590,5,1,1200,1,1,yes
US001,591,3,1,1500,1,1,yes
US001,591,4,98,100,1,1,yes
US001,592,4,66,100,1,1,yes
US001,592,5,1,1200,1,1,yes
US001,593,3,1,1500,1,1,yes
US001,593,4,68,100,1,1,yes
US001,593,5,2,1200,1,1,yes
US001,594,5,1,1200,1,1,yes
US001,595,3,2,1500,1,1,yes
US001,595,4,46,100,1,1,yes
US001,596,5,1,1200,1,1,yes
US001,597,5,3,1200,1,1,yes
US001,598,3,1,1500,1,1,yes
US001,598,4,50,100,1,1,yes
US001,598,5,2,1200,1,1,yes
US001,599,3,1,1500,1,1,yes
US001,599,4,8,100,1,1,yes
US001,599,5,1,1200,1,1,yes
US001,600,3,1,1500,1,1,yes
US001,600,4,44,100,1,1,yes
US001,601,4,55,100,1,1,yes
US001,601,5,3,1200,1,1,yes
US001,602,4,41,100,1,1,yes
US001,603,3,2,1500,1,1,yes
US001,603,5,4,1200,1,1,yes
US001,604,3,1,1500,1,1,yes
US001,605,3,1,1500,1,1,yes
US001,605,4,82,100,1,1,yes
US001,605,5,2,1200,1,1,yes
US001,606,4,75,100,1,1,yes
US001,606,5,1,1200,1,1,yes
US001,607,3,2,1500,1,1,yes
US001,607,4,81,100,1,1,yes
US001,607,5,1,1200,1,1,yes
US001,608,3,1,1500,1,1,yes
US001,608,4,26,100,1,1,yes
US001,608,5,1,1200,1,1,yes
US001,609,4,18,100,1,1,yes
US001,609,5,1,1200,1,1,yes
US001,610,3,3,1500,1,1,yes
US001,610,4,17,100,1,1,yes
US001,610,5,1,1200,1,1,yes
US001,611,5,1,1200,1,1,yes
US001,612,3,1,1500,1,1,yes
US001,612,4,46,100,1,1,yes
US001,612,5,1,1200,1,1,yes
US001,613,4,61,100,1,1,yes
US001,614,3,1,1500,1,1,yes
US001,614,4,6,100,1,1,yes
US001,614,5,1,1200,1,1,yes
US001,615,3,1,1500,1,1,yes
US001,616,5,1,1200,1,1,yes
US001,617,3,1,1500,1,1,yes
US001,617,5,1,1200,1,1,yes
US001,618,4,47,100,1,1,yes
US001,619,3,2,1500,1,1,yes
US001,619,4,98,100,1,1,yes
US001,619,5,1,1200,1,1,yes
US001,620,3,1,1500,1,1,yes
US001,620,4,24,100,1,1,yes
US001,620,5,1,1200,1,1,yes
US001,621,3,1,1500,1,1,yes
US001,621,4,66,100,1,1,yes
US001,621,5,3,1200,1,1,yes
US001,622,5,1,1200,1,1,yes
US001,623,4,88,100,1,1,yes
US001,623,5,1,1200,1,1,yes
US001,624,4,50,100,1,1,yes
US001,625,3,3,1500,1,1,yes
US001,625,5,1,1200,1,1,yes
US001,626,3,1,1500,1,1,yes
US001,626,4,13,100,1,1,yes
US001,626,5,4,1200,1,1,yes
US001,627,3,1,1500,1,1,yes
US001,627,4,19,100,1,1,yes
US001,627,5,1,1200,1,1,yes
US001,628,3,1,1500,1,1,yes
US001,628,4,55,100,1,1,yes
US001,629,3,1,1500,1,1,yes
US001,629,5,1,1200,1,1,yes
US001,630,3,1,1500,1,1,yes
US001,630,4,39,100,1,1,yes
US001,630,5,1,1200,1,1,yes
US001,631,3,1,1500,1,1,yes
US001,631,4,36,100,1,1,yes
US001,631,5,4,1200,1,1,yes
US001,632,3,1,1500,1,1,yes
US001,633,5,1,1200,1,1,yes
US001,634,4,87,100,1,1,yes
US001,634,5,5,1200,1,1,yes
US001,635,3,1,1500,1,1,yes
US001,635,4,60,100,1,1,yes
US001,635,5,1,1200,1,1,yes
US001,636,3,1,1500,1,1,yes
US001,636,4,3,100,1,1,yes
US001,637,5,1,1200,1,1,yes
US001,638,3,1,1500,1,1,yes
US001,638,4,65,100,1,1,yes
US001,638,5,2,1200,1,1,yes
US001,639,3,1,1500,1,1,yes
US001,639,4,49,100,1,1,yes
US001,639,5,1,1200,1,1,yes
US001,640,3,1,1500,1,1,yes
US001,640,4,70,100,1,1,yes
US001,641,3,1,1500,1,1,yes
US001,641,4,35,100,1,1,yes
US001,641,5,1,1200,1,1,yes
US001,642,3,1,1500,1,1,yes
US001,642,4,78,100,1,1,yes
US001,642,5,1,1200,1,1,yes
US001,643,3,1,1500,1,1,yes
US001,643,5,1,1200,1,1,yes
US001,644,3,1,1500,1,1,yes
US001,645,3,1,1500,1,1,yes
US001,645,4,66,100,1,1,yes
US001,645,5,1,1200,1,1,yes
US001,646,3,1,1500,1,1,yes
US001,646,5,1,1200,1,1,yes
US001,647,3,1,1500,1,1,yes
US001,647,5,1,1200,1,1,yes
US001,648,3,1,1500,1,1,yes
US001,648,4,28,100,1,1,yes
US001,648,5,1,1200,1,1,yes
US001,649,4,76,100,1,1,yes
US001,650,3,1,1500,1,1,yes
US001,650,5,1,1200,1,1,yes
US001,651,3,2,1500,1,1,yes
US001,652,5,1,1200,1,1,yes
US001,653,3,1,1500,1,1,yes
US001,653,5,5,1200,1,1,yes
US001,654,3,1,1500,1,1,yes
US001,654,5,1,1200,1,1,yes
US001,655,4,11,100,1,1,yes
US001,655,5,1,1200,1,1,yes
US001,656,3,1,1500,1,1,yes
US001,656,4,63,100,1,1,yes
US001,656,5,1,1200,1,1,yes
US001,657,3,1,1500,1,1,yes
US001,657,4,86,100,1,1,yes
US001,657,5,5,1200,1,1,yes
US001,658,3,3,1500,1,1,yes
US001,658,4,19,100,1,1,yes
US001,658,5,1,1200,1,1,yes
US001,659,3,2,1500,1,1,yes
US001,659,4,66,100,1,1,yes
US001,660,4,66,100,1,1,yes
US001,661,4,48,100,1,1,yes
US001,661,5,1,1200,1,1,yes
US001,662,4,80,100,1,1,yes
US001,663,3,1,1500,1,1,yes
US001,663,4,91,100,1,1,yes
US001,664,3,1,1500,1,1,yes
US001,664,4,89,100,1,1,yes
US001,664,5,1,1200,1,1,yes
US001,665,4,11,100,1,1,yes
US001,666,5,1,1200,1,1,yes
US001,667,4,70,100,1,1,yes
US001,668,4,7,100,1,1,yes
US001,668,5,1,1200,1,1,yes
US001,669,3,1,1500,1,1,yes
US001,670,5,1,1200,1,1,yes
US001,671,3,1,1500,1,1,yes
US001,671,4,2,100,1,1,yes
US001,671,5,1,1200,1,1,yes
US001,672,3,1,1500,1,1,yes
US001,672,4,48,100,1,1,yes
US001,672,5,1,1200,1,1,yes
US001,673,4,39,100,1,1,yes
US001,673,5,1,1200,1,1,yes
US001,674,3,3,1500,1,1,yes
US001,674,4,29,100,1,1,yes
US001,674,5,1,1200,1,1,yes
US001,675,5,1,1200,1,1,yes
US001,676,3,3,1500,1,1,yes
US001,676,4,48,100,1,1,yes
US001,676,5,3,1200,1,1,yes
US001,677,5,1,1200,1,1,yes
US001,678,3,1,1500,1,1,yes
US001,678,5,2,1200,1,1,yes
US001,679,3,1,1500,1,1,yes
US001,679,4,6,100,1,1,yes
US001,679,5,5,1200,1,1,yes
US001,680,4,25,100,1,1,yes
US001,680,5,1,1200,1,1,yes
US001,681,3,1,1500,1,1,yes
US001,681,4,60,100,1,1,yes
US001,682,5,3,1200,1,1,yes
US001,683,3,1,1500,1,1,yes
US001,684,3,1,1500,1,1,yes
US001,684,4,87,100,1,1,yes
US001,685,3,1,1500,1,1,yes
US001,685,4,76,100,1,1,yes
US001,685,5,1,1200,1,1,yes
US001,686,3,3,1500,1,1,yes
US001,687,3,1,1500,1,1,yes
US001,688,4,85,100,1,1,yes
US001,688,5,1,1200,1,1,yes
US001,689,3,1,1500,1,1,yes
US001,689,4,11,100,1,1,yes
US001,689,5,1,1200,1,1,yes
US001,690,5,1,1200,1,1,yes
US001,691,5,1,1200,1,1,yes
US001,692,3,1,1500,1,1,yes
US001,692,4,57,100,1,1,yes
US001,692,5,1,1200,1,1,yes
US001,693,4,56,100,1,1,yes
US001,693,5,2,1200,1,1,yes
US001,694,3,1,1500,1,1,yes
US001,694,4,48,100,1,1,yes
US001,694,5,1,1200,1,1,yes
US001,695,4,56,100,1,1,yes
US001,695,5,1,1200,1,1,yes
US001,696,4,88,100,1,1,yes
US001,696,5,1,1200,1,1,yes
US001,697,3,1,1500,1,1,yes
US001,697,4,54,100,1,1,yes
US001,698,3,1,1500,1,1,yes
US001,698,5,1,1200,1,1,yes
US001,699,4,84,100,1,1,yes
US001,699,5,1,1200,1,1,yes
US001,700,3,1,1500,1,1,yes
US001,700,4,83,100,1,1,yes
US001,700,5,1,1200,1,1,yes
US001,701,3,1,1500,1,1,yes
US001,702,3,1,1500,1,1,yes
US001,702,4,25,100,1,1,yes
US001,702,5,1,1200,1,1,yes
US001,703,5,1,1200,1,1,yes
US001,704,4,84,100,1,1,yes
US001,704,5,1,1200,1,1,yes
US001,705,3,1,1500,1,1,yes
US001,705,5,1,1200,1,1,yes
US001,706,3,1,1500,1,1,yes
US001,706,4,69,100,1,1,yes
US001,706,5,1,1200,1,1,yes
US001,707,3,1,1500,1,1,yes
US001,707,5,5,1200,1,1,yes
US001,708,3,2,1500,1,1,yes
US001,708,4,56,100,1,1,yes
US001,708,5,1,1200,1,1,yes
US001,709,3,1,1500,1,1,yes
US001,709,4,58,100,1,1,yes
US001,709,5,1,1200,1,1,yes
US001,710,3,1,1500,1,1,yes
US001,711,3,1,1500,1,1,yes
US001,711,4,63,100,1,1,yes
US001,711,5,1,1200,1,1,yes
US001,712,3,1,1500,1,1,yes
US001,712,4,6,100,1,1,yes
US001,713,3,3,1500,1,1,yes
US001,713,4,99,100,1,1,yes
US001,713,5,1,1200,1,1,yes
US001,714,3,2,1500,1,1,yes
US001,714,4,11,100,1,1,yes
US001,715,5,1,1200,1,1,yes
US001,716,3,1,1500,1,1,yes
US001,716,4,20,100,1,1,yes
US001,716,5,2,1200,1,1,yes
US001,717,4,4,100,1,1,yes
US001,717,5,1,1200,1,1,yes
US001,718,3,1,1500,1,1,yes
US001,719,3,1,1500,1,1,yes
US001,719,4,18,100,1,1,yes
US001,719,5,1,1200,1,1,yes
US001,720,3,2,1500,1,1,yes
US001,720,5,1,1200,1,1,yes
US001,721,5,1,1200,1,1,yes
US001,722,5,4,1200,1,1,yes
US001,723,3,3,1500,1,1,yes
US001,724,4,17,100,1,1,yes
US001,724,5,1,1200,1,1,yes
US001,725,3,1,1500,1,1,yes
US001,725,4,41,100,1,1,yes
US001,725,5,2,1200,1,1,yes
US001,726,4,22,100,1,1,yes
US001,726,5,2,1200,1,1,yes
US001,727,3,2,1500,1,1,yes
US001,727,5,1,1200,1,1,yes
US001,728,3,1,1500,1,1,yes
US001,728,4,15,100,1,1,yes
US001,729,3,1,1500,1,1,yes
US001,729,4,53,100,1,1,yes
US001,729,5,2,1200,1,1,yes
US001,730,3,1,1500,1,1,yes
US001,730,4,75,100,1,1,yes
US001,730,5,1,1200,1,1,yes
US001,731,3,1,1500,1,1,yes
US001,731,4,54,100,1,1,yes
US001,732,3,1,1500,1,1,yes
US001,732,4,68,100,1,1,yes
US001,732,5,1,1200,1,1,yes
US001,733,4,49,100,1,1,yes
US001,733,5,1,1200,1,1,yes
US001,734,3,3,1500,1,1,yes
US001,734,5,1,1200,1,1,yes
US001,735,3,1,1500,1,1,yes
US001,735,4,19,100,1,1,yes
US001,735,5,1,1200,1,1,yes
US001,736,3,2,1500,1,1,yes
US001,736,5,1,1200,1,1,yes
US001,737,4,6,100,1,1,yes
US001,737,5,4,1200,1,1,yes
US001,738,4,79,100,1,1,yes
US001,738,5,1,1200,1,1,yes
US001,739,5,1,1200,1,1,yes
US001,740,3,1,1500,1,1,yes
US001,740,4,86,100,1,1,yes
US001,741,5,1,1200,1,1,yes
US001,742,3,1,1500,1,1,yes
US001,742,4,52,100,1,1,yes
US001,742,5,1,1200,1,1,yes
US001,743,3,1,1500,1,1,yes
US001,744,3,1,1500,1,1,yes
US001,744,4,72,100,1,1,yes
US001,744,5,2,1200,1,1,yes
US001,745,4,7,100,1,1,yes
US001,746,3,1,1500,1,1,yes
US001,746,4,65,100,1,1,yes
US001,746,5,5,1200,1,1,yes
US001,747,4,37,100,1,1,yes
US001,748,3,1,1500,1,1,yes
US001,749,3,1,1500,1,1,yes
US001,749,4,55,100,1,1,yes
US001,750,3,1,1500,1,1,yes
US001,750,4,76,100,1,1,yes
US001,750,5,2,1200,1,1,yes
US001,751,3,1,1500,1,1,yes
US001,752,3,1,1500,1,1,yes
US001,752,4,36,100,1,1,yes
US001,752,5,4,1200,1,1,yes
US001,753,4,5,100,1,1,yes
US001,753,5,2,1200,1,1,yes
US001,754,3,1,1500,1,1,yes
US001,754,4,51,100,1,1,yes
US001,754,5,1,1200,1,1,yes
US001,755,4,19,100,1,1,yes
US001,755,5,1,1200,1,1,yes
US001,756,3,1,1500,1,1,yes
US001,756,4,77,100,1,1,yes
US001,756,5,1,1200,1,1,yes
US001,757,3,2,1500,1,1,yes
US001,758,3,3,1500,1,1,yes
US001,758,4,25,100,1,1,yes
US001,758,5,1,1200,1,1,yes
US001,759,3,1,1500,1,1,yes
US001,759,4,43,100,1,1,yes
US001,759,5,1,1200,1,1,yes
US001,760,4,90,100,1,1,yes
US001,761,3,1,1500,1,1,yes
US001,762,3,3,1500,1,1,yes
US001,762,4,97,100,1,1,yes
US001,762,5,1,1200,1,1,yes
US001,763,3,3,1500,1,1,yes
US001,763,4,44,100,1,1,yes
US001,764,4,6,100,1,1,yes
US001,764,5,3,1200,1,1,yes
US001,765,3,1,1500,1,1,yes
US001,765,4,48,100,1,1,yes
US001,765,5,1,1200,1,1,yes
US001,766,3,1,1500,1,1,yes
US001,766,4,90,100,1,1,yes
US001,766,5,1,1200,1,1,yes
US001,767,5,1,1200,1,1,yes
US001,768,4,99,100,1,1,yes
US001,769,3,1,1500,1,1,yes
US001,769,5,1,1200,1,1,yes
US001,770,5,1,1200,1,1,yes
US001,771,3,1,1500,1,1,yes
US001,771,4,49,100,1,1,yes
US001,771,5,1,1200,1,1,yes
US001,772,3,1,1500,1,1,yes
US001,772,5,1,1200,1,1,yes
US001,773,5,1,1200,1,1,yes
US001,774,5,2,1200,1,1,yes
US001,775,5,1,1200,1,1,yes
US001,776,3,2,1500,1,1,yes
US001,776,5,1,1200,1,1,yes
US001,777,4,87,100,1,1,yes
US001,777,5,3,1200,1,1,yes
US001,778,3,3,1500,1,1,yes
US001,778,4,75,100,1,1,yes
US001,778,5,2,1200,1,1,yes
US001,779,5,2,1200,1,1,yes
US001,780,3,1,1500,1,1,yes
US001,780,5,1,1200,1,1,yes
US001,781,3,2,1500,1,1,yes
US001,781,4,26,100,1,1,yes
US001,782,3,3,1500,1,1,yes
US001,783,4,69,100,1,1,yes
US001,783,5,1,1200,1,1,yes
US001,784,3,1,1500,1,1,yes
US001,784,4,34,100,1,1,yes
US001,784,5,1,1200,1,1,yes
US001,785,4,7,100,1,1,yes
US001,785,5,1,1200,1,1,yes
US001,786,3,1,1500,1,1,yes
US001,786,4,4,100,1,1,yes
US001,787,3,1,1500,1,1,yes
US001,787,5,1,1200,1,1,yes
US001,788,3,1,1500,1,1,yes
US001,789,3,1,1500,1,1,yes
US001,790,3,1,1500,1,1,yes
US001,790,4,63,100,1,1,yes
US001,790,5,1,1200,1,1,yes
US001,791,3,1,1500,1,1,yes
US001,791,5,1,1200,1,1,yes
US001,792,3,1,1500,1,1,yes
US001,792,4,34,100,1,1,yes
US001,792,5,1,1200,1,1,yes
US001,793,3,2,1500,1,1,yes
US001,794,4,7,100,1,1,yes
US001,794,5,3,1200,1,1,yes
US001,795,5,1,1200,1,1,yes
US001,796,3,1,1500,1,1,yes
US001,796,4,16,100,1,1,yes
US001,796,5,1,1200,1,1,yes
US001,797,4,15,100,1,1,yes
US001,798,3,1,1500,1,1,yes
US001,799,4,3,100,1,1,yes
US001,799,5,1,1200,1,1,yes
US001,800,3,1,1500,1,1,yes
US001,800,4,89,100,1,1,yes
US001,800,5,1,1200,1,1,yes
US001,801,4,96,100,1,1,yes
US001,801,5,1,1200,1,1,yes
US001,802,5,1,1200,1,1,yes
US001,803,3,1,1500,1,1,yes
US001,803,4,28,100,1,1,yes
US001,803,5,1,1200,1,1,yes
US001,804,3,3,1500,1,1,yes
US001,804,4,58,100,1,1,yes
US001,804,5,1,1200,1,1,yes
US001,805,3,1,1500,1,1,yes
US001,806,3,1,1500,1,1,yes
US001,806,5,1,1200,1,1,yes
US001,807,4,47,100,1,1,yes
US001,807,5,2,1200,1,1,yes
US001,808,4,37,100,1,1,yes
US001,808,5,1,1200,1,1,yes
US001,809,5,1,1200,1,1,yes
US001,810,3,1,1500,1,1,yes
US001,811,3,1,1500,1,1,yes
US001,811,4,38,100,1,1,yes
US001,811,5,1,1200,1,1,yes
US001,812,3,1,1500,1,1,yes
US001,812,4,15,100,1,1,yes
US001,812,5,1,1200,1,1,yes
US001,813,5,1,1200,1,1,yes
US001,814,3,1,1500,1,1,yes
US001,815,4,57,100,1,1,yes
US001,816,3,1,1500,1,1,yes
US001,816,4,32,100,1,1,yes
US001,816,5,1,1200,1,1,yes
US001,817,3,1,1500,1,1,yes
US001,817,4,75,100,1,1,yes
US001,817,5,2,1200,1,1,yes
US001,818,4,25,100,1,1,yes
US001,819,3,2,1500,1,1,yes
US001,819,4,92,100,1,1,yes
US001,820,4,17,100,1,1,yes
US001,820,5,5,1200,1,1,yes
US001,821,3,1,1500,1,1,yes
US001,821,4,36,100,1,1,yes
US001,821,5,1,1200,1,1,yes
US001,822,3,1,1500,1,1,yes
US001,822,4,48,100,1,1,yes
US001,822,5,2,1200,1,1,yes
US001,823,3,1,1500,1,1,yes
US001,823,4,21,100,1,1,yes
US001,824,4,28,100,1,1,yes
US001,825,3,1,1500,1,1,yes
US001,825,4,49,100,1,1,yes
US001,826,5,3,1200,1,1,yes
US001,827,3,1,1500,1,1,yes
US001,827,4,3,100,1,1,yes
US001,827,5,1,1200,1,1,yes
US001,828,3,1,1500,1,1,yes
US001,828,5,5,1200,1,1,yes
US001,829,3,1,1500,1,1,yes
US001,829,5,1,1200,1,1,yes
US001,830,4,22,100,1,1,yes
US001,831,3,1,1500,1,1,yes
US001,831,4,20,100,1,1,yes
US001,831,5,1,1200,1,1,yes
US001,832,3,1,1500,1,1,yes
US001,832,4,66,100,1,1,yes
US001,832,5,2,1200,1,1,yes
US001,833,4,27,100,1,1,yes
US001,834,5,1,1200,1,1,yes
US001,835,3,3,1500,1,1,yes
US001,835,5,1,1200,1,1,yes
US001,836,3,1,1500,1,1,yes
US001,837,5,1,1200,1,1,yes
US001,838,4,33,100,1,1,yes
US001,838,5,1,1200,1,1,yes
US001,839,4,11,100,1,1,yes
US001,839,5,4,1200,1,1,yes
US001,840,3,1,1500,1,1,yes
US001,840,5,2,1200,1,1,yes
US001,841,3,1,1500,1,1,yes
US001,841,4,4,100,1,1,yes
US001,841,5,1,1200,1,1,yes
US001,842,3,1,1500,1,1,yes
US001,842,5,1,1200,1,1,yes
US001,843,3,1,1500,1,1,yes
US001,843,5,1,1200,1,1,yes
US001,844,4,14,100,1,1,yes
US001,845,3,1,1500,1,1,yes
US001,845,4,92,100,1,1,yes
US001,845,5,1,1200,1,1,yes
US001,846,5,1,1200,1,1,yes
US001,847,3,1,1500,1,1,yes
US001,847,4,46,100,1,1,yes
US001,848,5,1,1200,1,1,yes
US001,849,3,2,1500,1,1,yes
US001,849,4,3,100,1,1,yes
US001,849,5,1,1200,1,1,yes
US001,850,3,1,1500,1,1,yes
US001,850,4,99,100,1,1,yes
US001,850,5,1,1200,1,1,yes
US001,851,4,92,100,1,1,yes
US001,852,5,1,1200,1,1,yes
US001,853,3,1,1500,1,1,yes
US001,853,4,33,100,1,1,yes
US001,853,5,2,1200,1,1,yes
US001,854,3,1,1500,1,1,yes
US001,854,4,72,100,1,1,yes
US001,854,5,1,1200,1,1,yes
US001,855,3,2,1500,1,1,yes
US001,855,4,27,100,1,1,yes
US001,855,5,1,1200,1,1,yes
US001,856,3,1,1500,1,1,yes
US001,856,5,1,1200,1,1,yes
US001,857,4,45,100,1,1,yes
US001,857,5,1,1200,1,1,yes
US001,858,5,1,1200,1,1,yes
US001,859,3,1,1500,1,1,yes
US001,860,3,1,1500,1,1,yes
US001,860,4,83,100,1,1,yes
US001,860,5,1,1200,1,1,yes
US001,861,3,1,1500,1,1,yes
US001,861,4,62,100,1,1,yes
US001,861,5,1,1200,1,1,yes
US001,862,3,2,1500,1,1,yes
US001,862,4,99,100,1,1,yes
US001,863,3,1,1500,1,1,yes
US001,863,4,93,100,1,1,yes
US001,863,5,1,1200,1,1,yes
US001,864,3,1,1500,1,1,yes
US001,864,4,42,100,1,1,yes
US001,864,5,1,1200,1,1,yes
US001,865,4,2,100,1,1,yes
US001,866,3,1,1500,1,1,yes
US001,867,3,1,1500,1,1,yes
US001,867,5,4,1200,1,1,yes
US001,868,3,2,1500,1,1,yes
US001,868,4,46,100,1,1,yes
US001,869,3,1,1500,1,1,yes
US001,869,4,64,100,1,1,yes
US001,869,5,1,1200,1,1,yes
US001,870,4,26,100,1,1,yes
US001,870,5,4,1200,1,1,yes
US001,871,3,3,1500,1,1,yes
US001,871,4,54,100,1,1,yes
US001,872,3,1,1500,1,1,yes
US001,872,4,92,100,1,1,yes
US001,873,4,25,100,1,1,yes
US001,873,5,1,1200,1,1,yes
US001,874,3,1,1500,1,1,yes
US001,874,4,94,100,1,1,yes
US001,874,5,1,1200,1,1,yes
US001,875,3,3,1500,1,1,yes
US001,875,5,1,1200,1,1,yes
US001,876,3,3,1500,1,1,yes
US001,876,4,2,100,1,1,yes
US001,876,5,1,1200,1,1,yes
US001,877,3,1,1500,1,1,yes
US001,877,4,96,100,1,1,yes
US001,877,5,1,1200,1,1,yes
US001,878,3,1,1500,1,1,yes
US001,878,4,67,100,1,1,yes
US001,878,5,3,1200,1,1,yes
US001,879,5,1,1200,1,1,yes
US001,880,3,1,1500,1,1,yes
US001,880,4,67,100,1,1,yes
US001,880,5,1,1200,1,1,yes
US001,881,4,23,100,1,1,yes
US001,881,5,1,1200,1,1,yes
US001,882,3,2,1500,1,1,yes
US001,882,4,11,100,1,1,yes
US001,882,5,3,1200,1,1,yes
US001,883,3,1,1500,1,1,yes
US001,883,5,3,1200,1,1,yes
US001,884,3,1,1500,1,1,yes
US001,884,4,16,100,1,1,yes
US001,884,5,1,1200,1,1,yes
US001,885,4,35,100,1,1,yes
US001,885,5,1,1200,1,1,yes
US001,886,3,1,1500,1,1,yes
US001,886,4,98,100,1,1,yes
US001,886,5,1,1200,1,1,yes
US001,887,3,3,1500,1,1,yes
US001,887,5,1,1200,1,1,yes
US001,888,3,1,1500,1,1,yes
US001,888,4,35,100,1,1,yes
US001,888,5,1,1200,1,1,yes
US001,889,3,1,1500,1,1,yes
US001,889,4,28,100,1,1,yes
US001,890,3,1,1500,1,1,yes
US001,890,4,95,100,1,1,yes
US001,890,5,5,1200,1,1,yes
US001,891,3,1,1500,1,1,yes
US001,891,4,67,100,1,1,yes
US001,891,5,1,1200,1,1,yes
US001,892,3,1,1500,1,1,yes
US001,892,4,15,100,1,1,yes
US001,892,5,1,1200,1,1,yes
US001,893,3,1,1500,1,1,yes
US001,893,4,9,100,1,1,yes
US001,894,5,1,1200,1,1,yes
US001,895,3,1,1500,1,1,yes
US001,896,3,2,1500,1,1,yes
US001,896,4,77,100,1,1,yes
US001,896,5,1,1200,1,1,yes
US001,897,3,1,1500,1,1,yes
US001,897,4,26,100,1,1,yes
US001,898,3,1,1500,1,1,yes
US001,898,5,4,1200,1,1,yes
US001,899,3,1,1500,1,1,yes
US001,899,4,48,100,1,1,yes
US001,899,5,1,1200,1,1,yes
US001,900,5,1,1200,1,1,yes
US001,901,3,1,1500,1,1,yes
US001,902,4,55,100,1,1,yes
US001,903,4,45,100,1,1,yes
US001,904,4,10,100,1,1,yes
US001,904,5,1,1200,1,1,yes
US001,905,3,3,1500,1,1,yes
US001,905,4,52,100,1,1,yes
US001,905,5,1,1200,1,1,no
US001,906,3,3,1500,1,1,yes
US001,907,3,1,1500,1,1,yes
US001,907,4,74,100,1,1,yes
US001,907,5,1,1200,1,1,yes
US001,908,4,16,100,1,1,yes
US001,908,5,5,1200,1,1,yes
US001,909,3,1,1500,1,1,yes
US001,909,4,88,100,1,1,yes
US001,909,5,1,1200,1,1,yes
US001,910,3,1,1500,1,1,yes
US001,910,4,55,100,1,1,yes
US001,910,5,4,1200,1,1,yes
US001,911,3,3,1500,1,1,yes
US001,912,3,1,1500,1,1,yes
US001,912,4,10,100,1,1,yes
US001,912,5,1,1200,1,1,yes
US001,913,3,1,1500,1,1,yes
US001,913,4,75,100,1,1,yes
US001,914,3,1,1500,1,1,yes
US001,914,4,36,100,1,1,yes
US001,914,5,1,1200,1,1,yes
US001,915,5,2,1200,1,1,yes
US001,916,5,1,1200,1,1,yes
US001,917,3,3,1500,1,1,yes
US001,917,4,32,100,1,1,yes
US001,917,5,3,1200,1,1,yes
US001,918,3,1,1500,1,1,yes
US001,918,5,2,1200,1,1,yes
US001,919,3,1,1500,1,1,yes
US001,919,4,82,100,1,1,yes
US001,919,5,2,1200,1,1,yes
US001,920,4,18,100,1,1,yes
US001,920,5,5,1200,1,1,yes
US001,921,5,1,1200,1,1,yes
US001,922,3,1,1500,1,1,yes
US001,922,5,1,1200,1,1,yes
US001,923,4,99,100,1,1,yes
US001,924,4,97,100,1,1,yes
US001,924,5,1,1200,1,1,yes
US001,925,3,2,1500,1,1,yes
US001,925,4,30,100,1,1,yes
US001,925,5,1,1200,1,1,yes
US001,926,4,70,100,1,1,yes
US001,926,5,1,1200,1,1,yes
US001,927,3,1,1500,1,1,yes
US001,927,5,1,1200,1,1,yes
US001,928,3,1,1500,1,1,yes
US001,928,5,1,1200,1,1,yes
US001,929,3,1,1500,1,1,yes
US001,929,4,60,100,1,1,yes
US001,929,5,1,1200,1,1,yes
US001,930,3,1,1500,1,1,yes
US001,931,3,1,1500,1,1,yes
US001,932,4,45,100,1,1,yes
US001,932,5,1,1200,1,1,yes
US001,933,3,1,1500,1,1,yes
US001,933,4,51,100,1,1,yes
US001,933,5,1,1200,1,1,yes
US001,934,4,82,100,1,1,yes
US001,934,5,2,1200,1,1,yes
US001,935,5,5,1200,1,1,yes
US001,936,3,1,1500,1,1,yes
US001,936,4,59,100,1,1,yes
US001,937,4,9,100,1,1,yes
US001,937,5,1,1200,1,1,yes
US001,938,5,1,1200,1,1,yes
US001,939,3,1,1500,1,1,yes
US001,939,4,61,100,1,1,yes
US001,940,3,1,1500,1,1,yes
US001,940,4,34,100,1,1,yes
US001,940,5,5,1200,1,1,yes
US001,941,3,1,1500,1,1,yes
US001,941,4,51,100,1,1,yes
US001,942,4,59,100,1,1,yes
US001,942,5,1,1200,1,1,yes
US001,943,3,1,1500,1,1,yes
US001,943,4,90,100,1,1,yes
US001,943,5,5,1200,1,1,yes
US001,944,4,50,100,1,1,yes
US001,945,3,3,1500,1,1,yes
US001,945,4,25,100,1,1,yes
US001,945,5,3,1200,1,1,yes
US001,946,4,57,100,1,1,yes
US001,946,5,1,1200,1,1,yes
US001,947,3,1,1500,1,1,yes
US001,947,5,1,1200,1,1,yes
US001,948,4,34,100,1,1,yes
US001,948,5,1,1200,1,1,yes
US001,949,3,1,1500,1,1,yes
US001,950,4,14,100,1,1,yes
US001,951,4,72,100,1,1,yes
US001,951,5,1,1200,1,1,yes
US001,952,5,4,1200,1,1,yes
US001,953,3,1,1500,1,1,yes
US001,953,4,61,100,1,1,yes
US001,953,5,1,1200,1,1,yes
US001,954,3,3,1500,1,1,yes
US001,954,4,39,100,1,1,yes
US001,955,3,1,1500,1,1,yes
US001,955,4,28,100,1,1,yes
US001,955,5,1,1200,1,1,yes
US001,956,3,1,1500,1,1,yes
US001,956,5,1,1200,1,1,yes
US001,957,3,1,1500,1,1,yes
US001,957,4,18,100,1,1,yes
US001,957,5,5,1200,1,1,yes
US001,958,4,49,100,1,1,yes
US001,959,3,3,1500,1,1,yes
US001,959,4,27,100,1,1,yes
US001,959,5,1,1200,1,1,yes
US001,960,4,29,100,1,1,yes
US001,960,5,1,1200,1,1,yes
US001,961,5,1,1200,1,1,yes
US001,962,3,1,1500,1,1,yes
US001,962,4,86,100,1,1,yes
US001,962,5,1,1200,1,1,yes
US001,963,3,2,1500,1,1,no
US001,963,4,44,100,1,1,yes
US001,963,5,1,1200,1,1,yes
US001,964,4,40,100,1,1,yes
US001,964,5,2,1200,1,1,yes
US001,965,5,1,1200,1,1,yes
US001,966,3,1,1500,1,1,yes
US001,966,4,30,100,1,1,yes
US001,966,5,1,1200,1,1,yes
US001,967,3,1,1500,1,1,yes
US001,967,4,69,100,1,1,yes
US001,967,5,1,1200,1,1,yes
US001,968,3,1,1500,1,1,yes
US001,968,4,93,100,1,1,yes
US001,969,3,1,1500,1,1,yes
US001,969,4,5,100,1,1,yes
US001,969,5,1,1200,1,1,yes
US001,970,5,4,1200,1,1,yes
US001,971,4,52,100,1,1,yes
US001,971,5,1,1200,1,1,yes
US001,972,3,1,1500,1,1,yes
US001,972,5,1,1200,1,1,yes
US001,973,3,1,1500,1,1,yes
US001,974,3,1,1500,1,1,yes
US001,974,4,34,100,1,1,yes
US001,974,5,1,1200,1,1,yes
US001,975,3,2,1500,1,1,yes
US001,975,4,78,100,1,1,yes
US001,975,5,1,1200,1,1,yes
US001,976,4,28,100,1,1,yes
US001,976,5,1,1200,1,1,yes
US001,977,3,1,1500,1,1,yes
US001,977,4,67,100,1,1,yes
US001,977,5,1,1200,1,1,yes
US001,978,3,1,1500,1,1,yes
US001,978,4,77,100,1,1,yes
US001,978,5,4,1200,1,1,yes
US001,979,3,2,1500,1,1,yes
US001,979,5,1,1200,1,1,yes
US001,980,5,1,1200,1,1,yes
US001,981,4,38,100,1,1,yes
US001,981,5,5,1200,1,1,yes
US001,982,3,1,1500,1,1,yes
US001,982,4,36,100,1,1,yes
US001,982,5,2,1200,1,1,yes
US001,983,4,27,100,1,1,no
US001,984,5,1,1200,1,1,yes
US001,985,5,1,1200,1,1,yes
US001,986,3,1,1500,1,1,yes
US001,986,4,59,100,1,1,yes
US001,986,5,1,1200,1,1,yes
US001,987,3,1,1500,1,1,yes
US001,987,4,32,100,1,1,yes
US001,987,5,1,1200,1,1,yes
US001,988,4,37,100,1,1,yes
US001,988,5,2,1200,1,1,yes
US001,989,4,36,100,1,1,yes
US001,990,3,1,1500,1,1,yes
US001,991,3,2,1500,1,1,yes
US001,991,4,64,100,1,1,yes
US001,992,4,15,100,1,1,yes
US001,993,5,1,1200,1,1,yes
US001,994,3,1,1500,1,1,yes
US001,994,4,59,100,1,1,yes
US001,994,5,1,1200,1,1,yes
US001,995,3,1,1500,1,1,yes
US001,995,5,1,1200,1,1,yes
US001,996,3,3,1500,1,1,yes
US001,996,4,46,100,1,1,yes
US001,996,5,1,1200,1,1,yes
US001,997,4,30,100,1,1,yes
US001,997,5,1,1200,1,1,yes
US001,998,3,1,1500,1,1,yes
US001,999,3,1,1500,1,1,yes
US001,999,4,37,100,1,1,yes
US001,999,5,1,1200,1,1,yes
US001,1000,3,1,1500,1,1,yes
US001,1000,5,1,1200,1,1,yes
US001,1001,3,1,1500,1,1,yes
US001,1002,4,2,100,1,1,yes
US001,1002,5,1,1200,1,1,no
US001,1003,3,1,1500,1,1,yes
US001,1003,4,44,100,1,1,yes
US001,1003,5,1,1200,1,1,yes
US001,1004,3,1,1500,1,1,yes
US001,1004,4,85,100,1,1,yes
US001,1005,5,5,1200,1,1,yes
US001,1006,3,1,1500,1,1,yes
US001,1006,5,1,1200,1,1,yes
US001,1007,4,72,100,1,1,yes
US001,1008,4,31,100,1,1,yes
US001,1008,5,1,1200,1,1,yes
US001,1009,3,1,1500,1,1,yes
US001,1009,5,5,1200,1,1,yes
US001,1010,3,1,1500,1,1,yes
US001,1010,4,84,100,1,1,yes
US001,1010,5,2,1200,1,1,yes
US001,1011,5,1,1200,1,1,yes
US001,1012,3,3,1500,1,1,yes
US001,1012,5,1,1200,1,1,yes
US001,1013,3,3,1500,1,1,yes
US001,1013,4,28,100,1,1,yes
US001,1013,5,1,1200,1,1,yes
US001,1014,3,1,1500,1,1,yes
US001,1014,4,38,100,1,1,yes
US001,1014,5,3,1200,1,1,yes
US001,1015,3,1,1500,1,1,yes
US001,1015,5,1,1200,1,1,yes
US001,1016,3,3,1500,1,1,yes
US001,1016,5,1,1200,1,1,yes
US001,1017,3,1,1500,1,1,yes
US001,1017,4,60,100,1,1,yes
US001,1018,3,1,1500,1,1,yes
US001,1018,4,35,100,1,1,yes
US001,1018,5,1,1200,1,1,yes
US001,1019,3,2,1500,1,1,yes
US001,1019,4,48,100,1,1,yes
US001,1019,5,2,1200,1,1,yes
US001,1020,3,1,1500,1,1,yes
US001,1020,4,55,100,1,1,yes
US001,1020,5,1,1200,1,1,yes
US001,1021,3,1,1500,1,1,yes
US001,1021,5,4,1200,1,1,yes
US001,1022,4,90,100,1,1,yes
US001,1022,5,1,1200,1,1,yes
US001,1023,3,1,1500,1,1,yes
US001,1023,5,1,1200,1,1,yes
US001,1024,3,1,1500,1,1,yes
US001,1024,5,1,1200,1,1,yes
US001,1025,3,1,1500,1,1,yes
US001,1025,4,71,100,1,1,yes
US001,1025,5,2,1200,1,1,yes
US001,1026,3,1,1500,1,1,yes
US001,1026,4,40,100,1,1,yes
US001,1027,5,1,1200,1,1,yes
US001,1028,5,4,1200,1,1,yes
US001,1029,5,1,1200,1,1,yes
US001,1030,3,1,1500,1,1,yes
US001,1030,4,55,100,1,1,yes
US001,1030,5,1,1200,1,1,yes
US001,1031,4,87,100,1,1,yes
US001,1031,5,5,1200,1,1,yes
US001,1032,4,16,100,1,1,yes
US001,1032,5,1,1200,1,1,yes
US001,1033,3,1,1500,1,1,yes
US001,1033,5,1,1200,1,1,no
US001,1034,3,1,1500,1,1,yes
US001,1034,4,12,100,1,1,yes
US001,1034,5,1,1200,1,1,yes
US001,1035,3,1,1500,1,1,yes
US001,1035,4,4,100,1,1,yes
US001,1035,5,2,1200,1,1,yes
US001,1036,5,1,1200,1,1,yes
US001,1037,3,3,1500,1,1,yes
US001,1037,5,5,1200,1,1,yes
US001,1038,4,16,100,1,1,yes
US001,1039,3,1,1500,1,1,yes
US001,1039,4,63,100,1,1,yes
US001,1039,5,1,1200,1,1,yes
US001,1040,4,87,100,1,1,yes
US001,1041,3,1,1500,1,1,yes
US001,1042,5,3,1200,1,1,yes
US001,1043,5,5,1200,1,1,yes
US001,1044,3,1,1500,1,1,yes
US001,1044,4,81,100,1,1,yes
US001,1044,5,1,1200,1,1,yes
US001,1045,5,1,1200,1,1,yes
US001,1046,4,90,100,1,1,yes
US001,1046,5,1,1200,1,1,yes
US001,1047,4,71,100,1,1,yes
US001,1048,3,1,1500,1,1,yes
US001,1049,3,1,1500,1,1,yes
US001,1049,4,67,100,1,1,yes
US001,1049,5,1,1200,1,1,yes
US001,1050,5,1,1200,1,1,yes
US001,1051,3,1,1500,1,1,yes
US001,1051,4,15,100,1,1,yes
US001,1051,5,1,1200,1,1,yes
US001,1052,4,94,100,1,1,yes
US001,1052,5,2,1200,1,1,yes
US001,1053,3,1,1500,1,1,yes
US001,1053,5,1,1200,1,1,yes
US001,1054,4,79,100,1,1,yes
US001,1055,3,1,1500,1,1,yes
US001,1055,4,41,100,1,1,yes
US001,1055,5,1,1200,1,1,yes
US001,1056,3,1,1500,1,1,yes
US001,1056,4,83,100,1,1,yes
US001,1056,5,3,1200,1,1,yes
US001,1057,3,1,1500,1,1,yes
US001,1057,4,46,100,1,1,yes
US001,1057,5,5,1200,1,1,yes
US001,1058,3,1,1500,1,1,yes
US001,1058,5,1,1200,1,1,yes
US001,1059,4,48,100,1,1,yes
US001,1059,5,1,1200,1,1,yes
US001,1060,3,1,1500,1,1,yes
US001,1060,4,15,100,1,1,yes
US001,1060,5,1,1200,1,1,yes
US001,1061,4,94,100,1,1,yes
US001,1061,5,3,1200,1,1,yes
US001,1062,3,2,1500,1,1,yes
US001,1062,4,92,100,1,1,yes
US001,1062,5,1,1200,1,1,yes
US001,1063,5,4,1200,1,1,yes
US001,1064,3,1,1500,1,1,yes
US001,1064,5,2,1200,1,1,yes
US001,1065,3,1,1500,1,1,yes
US001,1065,4,23,100,1,1,yes
US001,1065,5,5,1200,1,1,yes
US001,1066,3,1,1500,1,1,yes
US001,1066,4,54,100,1,1,yes
US001,1066,5,1,1200,1,1,yes
US001,1067,3,2,1500,1,1,yes
US001,1068,4,34,100,1,1,yes
US001,1068,5,1,1200,1,1,yes
US001,1069,3,1,1500,1,1,yes
US001,1069,5,1,1200,1,1,yes
US001,1070,3,1,1500,1,1,yes
US001,1070,4,84,100,1,1,yes
US001,1071,3,1,1500,1,1,yes
US001,1071,4,94,100,1,1,yes
US001,1071,5,1,1200,1,1,yes
US001,1072,3,1,1500,1,1,yes
US001,1072,4,54,100,1,1,yes
US001,1072,5,3,1200,1,1,yes
US001,1073,3,1,1500,1,1,yes
US001,1073,5,1,1200,1,1,yes
US001,1074,4,85,100,1,1,yes
US001,1074,5,1,1200,1,1,yes
US001,1075,4,91,100,1,1,yes
US001,1075,5,4,1200,1,1,yes
US001,1076,3,1,1500,1,1,yes
US001,1076,4,29,100,1,1,yes
US001,1076,5,1,1200,1,1,yes
US001,1077,5,1,1200,1,1,yes
US001,1078,5,1,1200,1,1,yes
US001,1079,3,1,1500,1,1,yes
US001,1079,4,35,100,1,1,yes
US001,1079,5,1,1200,1,1,yes
US001,1080,3,2,1500,1,1,yes
US001,1080,4,74,100,1,1,yes
US001,1080,5,3,1200,1,1,yes
US001,1081,5,1,1200,1,1,yes
US001,1082,4,26,100,1,1,yes
US001,1083,3,3,1500,1,1,yes
US001,1083,4,16,100,1,1,yes
US001,1083,5,1,1200,1,1,yes
US001,1084,3,1,1500,1,1,yes
US001,1085,4,80,100,1,1,yes
US001,1085,5,1,1200,1,1,yes
US001,1086,3,1,1500,1,1,yes
US001,1086,5,1,1200,1,1,yes
US001,1087,3,1,1500,1,1,yes
US001,1087,5,1,1200,1,1,yes
US001,1088,3,1,1500,1,1,yes
US001,1088,5,5,1200,1,1,yes
US001,1089,4,46,100,1,1,yes
US001,1090,3,1,1500,1,1,yes
US001,1091,3,1,1500,1,1,yes
US001,1091,5,1,1200,1,1,yes
US001,1092,4,14,100,1,1,yes
US001,1093,3,2,1500,1,1,yes
US001,1094,4,62,100,1,1,yes
US001,1095,3,1,1500,1,1,yes
US001,1095,4,9,100,1,1,yes
US001,1095,5,5,1200,1,1,yes
US001,1096,3,1,1500,1,1,yes
US001,1096,5,1,1200,1,1,yes
US001,1097,5,1,1200,1,1,yes
US001,1098,3,1,1500,1,1,yes
US001,1098,4,87,100,1,1,yes
US001,1098,5,4,1200,1,1,yes
US001,1099,3,1,1500,1,1,yes
US001,1099,4,32,100,1,1,yes
US001,1100,4,89,100,1,1,yes
US001,1100,5,1,1200,1,1,yes
US001,1101,3,1,1500,1,1,yes
US001,1101,5,1,1200,1,1,yes
US001,1102,4,36,100,1,1,yes
US001,1103,3,2,1500,1,1,yes
US001,1103,4,58,100,1,1,yes
US001,1104,3,1,1500,1,1,yes
US001,1104,4,12,100,1,1,yes
US001,1104,5,1,1200,1,1,yes
US001,1105,3,1,1500,1,1,yes
US001,1106,3,1,1500,1,1,yes
US001,1106,4,24,100,1,1,yes
US001,1106,5,1,1200,1,1,yes
US001,1107,4,7,100,1,1,yes
US001,1108,3,1,1500,1,1,yes
US001,1108,4,71,100,1,1,yes
US001,1108,5,1,1200,1,1,yes
US001,1109,3,1,1500,1,1,yes
US001,1109,4,26,100,1,1,yes
US001,1109,5,1,1200,1,1,yes
US001,1110,3,2,1500,1,1,yes
US001,1110,5,2,1200,1,1,yes
US001,1111,4,99,100,1,1,yes
US001,1111,5,1,1200,1,1,yes
US001,1112,3,2,1500,1,1,yes
US001,1112,5,1,1200,1,1,yes
US001,1113,3,1,1500,1,1,yes
US001,1113,4,71,100,1,1,yes
US001,1113,5,1,1200,1,1,yes
US001,1114,3,1,1500,1,1,yes
US001,1114,4,61,100,1,1,yes
US001,1114,5,1,1200,1,1,yes
US001,1115,3,2,1500,1,1,yes
US001,1115,4,29,100,1,1,yes
US001,1115,5,1,1200,1,1,yes
US001,1116,3,1,1500,1,1,yes
US001,1116,4,94,100,1,1,yes
US001,1116,5,1,1200,1,1,yes
US001,1117,4,22,100,1,1,yes
US001,1118,3,1,1500,1,1,yes
US001,1118,4,71,100,1,1,yes
US001,1118,5,1,1200,1,1,yes
US001,1119,5,1,1200,1,1,yes
US001,1120,4,30,100,1,1,yes
US001,1121,3,1,1500,1,1,yes
US001,1121,4,47,100,1,1,yes
US001,1121,5,4,1200,1,1,yes
US001,1122,3,2,1500,1,1,yes
US001,1122,4,59,100,1,1,yes
US001,1122,5,4,1200,1,1,yes
US001,1123,3,1,1500,1,1,yes
US001,1124,3,1,1500,1,1,yes
US001,1124,4,82,100,1,1,yes
US001,1124,5,4,1200,1,1,yes
US001,1125,3,1,1500,1,1,yes
US001,1126,5,1,1200,1,1,yes
US001,1127,3,1,1500,1,1,yes
US001,1127,4,69,100,1,1,yes
US001,1127,5,1,1200,1,1,yes
US001,1128,4,97,100,1,1,yes
US001,1129,3,1,1500,1,1,yes
US001,1130,4,58,100,1,1,yes
US001,1130,5,1,1200,1,1,yes
US001,1131,3,1,1500,1,1,yes
US001,1131,4,39,100,1,1,yes
US001,1131,5,2,1200,1,1,yes
US001,1132,4,14,100,1,1,yes
US001,1132,5,4,1200,1,1,yes
US001,1133,4,54,100,1,1,yes
US001,1134,3,1,1500,1,1,no
US001,1135,3,1,1500,1,1,yes
US001,1135,5,1,1200,1,1,yes
US001,1136,4,61,100,1,1,yes
US001,1137,4,58,100,1,1,yes
US001,1137,5,1,1200,1,1,yes
US001,1138,3,1,1500,1,1,yes
US001,1138,5,1,1200,1,1,yes
US001,1139,3,1,1500,1,1,yes
US001,1139,4,92,100,1,1,yes
US001,1139,5,2,1200,1,1,yes
US001,1140,4,33,100,1,1,yes
US001,1141,5,1,1200,1,1,yes
US001,1142,4,26,100,1,1,yes
US001,1142,5,5,1200,1,1,yes
US001,1143,3,1,1500,1,1,yes
US001,1143,4,29,100,1,1,yes
US001,1143,5,5,1200,1,1,yes
US001,1144,3,1,1500,1,1,yes
US001,1144,5,5,1200,1,1,yes
US001,1145,4,24,100,1,1,yes
US001,1145,5,1,1200,1,1,yes
US001,1146,5,1,1200,1,1,yes
US001,1147,3,1,1500,1,1,yes
US001,1148,3,1,1500,1,1,yes
US001,1148,4,39,100,1,1,yes
US001,1148,5,4,1200,1,1,yes
US001,1149,3,1,1500,1,1,yes
US001,1149,5,3,1200,1,1,yes
US001,1150,3,2,1500,1,1,yes
US001,1150,4,58,100,1,1,yes
US001,1150,5,1,1200,1,1,yes
US001,1151,4,32,100,1,1,yes
US001,1152,3,1,1500,1,1,yes
US001,1152,4,2,100,1,1,yes
US001,1152,5,1,1200,1,1,yes
US001,1153,3,1,1500,1,1,yes
US001,1153,5,2,1200,1,1,yes
US001,1154,5,1,1200,1,1,yes
US001,1155,3,1,1500,1,1,yes
US001,1155,4,18,100,1,1,yes
US001,1155,5,1,1200,1,1,yes
US001,1156,5,4,1200,1,1,yes
US001,1157,3,1,1500,1,1,yes
US001,1157,4,19,100,1,1,yes
US001,1157,5,1,1200,1,1,yes
US001,1158,4,61,100,1,1,yes
US001,1158,5,1,1200,1,1,yes
US001,1159,3,1,1500,1,1,yes
US001,1159,5,1,1200,1,1,yes
US001,1160,4,39,100,1,1,yes
US001,1161,3,2,1500,1,1,yes
US001,1161,4,6,100,1,1,yes
US001,1161,5,1,1200,1,1,yes
US001,1162,3,1,1500,1,1,yes
US001,1162,4,1,100,1,1,yes
US001,1162,5,1,1200,1,1,yes
US001,1163,5,1,1200,1,1,yes
US001,1164,3,1,1500,1,1,yes
US001,1164,5,2,1200,1,1,yes
US001,1165,3,1,1500,1,1,yes
US001,1166,3,3,1500,1,1,yes
US001,1166,4,39,100,1,1,yes
US001,1166,5,1,1200,1,1,yes
US001,1167,5,1,1200,1,1,yes
US001,1168,3,1,1500,1,1,yes
US001,1168,4,27,100,1,1,yes
US001,1169,5,1,1200,1,1,yes
US001,1170,4,89,100,1,1,yes
US001,1170,5,1,1200,1,1,yes
US001,1171,4,77,100,1,1,yes
US001,1171,5,1,1200,1,1,yes
US001,1172,3,3,1500,1,1,yes
US001,1173,3,1,1500,1,1,yes
US001,1173,4,96,100,1,1,yes
US001,1173,5,1,1200,1,1,yes
US001,1174,4,2,100,1,1,yes
US001,1175,3,1,1500,1,1,yes
US001,1175,5,1,1200,1,1,yes
US001,1176,3,1,1500,1,1,yes
US001,1176,4,61,100,1,1,yes
US001,1177,3,1,1500,1,1,yes
US001,1177,4,22,100,1,1,yes
US001,1177,5,1,1200,1,1,no
US001,1178,3,1,1500,1,1,yes
US001,1178,4,62,100,1,1,yes
US001,1178,5,1,1200,1,1,yes
US001,1179,4,48,100,1,1,yes
US001,1180,3,1,1500,1,1,yes
US001,1180,4,5,100,1,1,yes
US001,1181,3,1,1500,1,1,yes
US001,1181,4,41,100,1,1,yes
US001,1182,3,2,1500,1,1,yes
US001,1182,4,31,100,1,1,yes
US001,1182,5,1,1200,1,1,yes
US001,1183,4,91,100,1,1,yes
US001,1184,3,1,1500,1,1,yes
US001,1184,4,61,100,1,1,yes
US001,1184,5,1,1200,1,1,yes
US001,1185,5,1,1200,1,1,yes
US001,1186,3,1,1500,1,1,yes
US001,1186,4,11,100,1,1,yes
US001,1186,5,1,1200,1,1,yes
US001,1187,5,1,1200,1,1,yes
US001,1188,3,1,1500,1,1,yes
US001,1188,4,38,100,1,1,yes
US001,1189,3,2,1500,1,1,yes
US001,1189,4,51,100,1,1,yes
US001,1189,5,4,1200,1,1,yes
US001,1190,3,1,1500,1,1,yes
US001,1190,4,2,100,1,1,yes
US001,1190,5,1,1200,1,1,yes
US001,1191,3,1,1500,1,1,yes
US001,1191,4,59,100,1,1,yes
US001,1191,5,2,1200,1,1,no
US001,1192,3,1,1500,1,1,yes
US001,1192,4,20,100,1,1,yes
US001,1192,5,1,1200,1,1,yes
US001,1193,3,1,1500,1,1,yes
US001,1193,4,72,100,1,1,yes
US001,1194,3,1,1500,1,1,yes
US001,1194,4,25,100,1,1,yes
US001,1195,3,1,1500,1,1,yes
US001,1195,4,98,100,1,1,yes
US001,1195,5,1,1200,1,1,yes
US001,1196,3,1,1500,1,1,yes
US001,1196,4,34,100,1,1,yes
US001,1196,5,1,1200,1,1,yes
US001,1197,3,3,1500,1,1,yes
US001,1197,4,51,100,1,1,yes
US001,1198,5,1,1200,1,1,yes
US001,1199,3,1,1500,1,1,yes
US001,1199,4,48,100,1,1,yes
US001,1199,5,1,1200,1,1,yes
US001,1200,4,51,100,1,1,yes
US001,1201,3,1,1500,1,1,yes
US001,1201,4,37,100,1,1,yes
US001,1201,5,1,1200,1,1,yes
US001,1202,3,1,1500,1,1,yes
US001,1202,4,90,100,1,1,yes
US001,1202,5,1,1200,1,1,yes
US001,1203,4,32,100,1,1,yes
US001,1203,5,1,1200,1,1,yes
US001,1204,3,1,1500,1,1,yes
US001,1204,4,15,100,1,1,yes
US001,1205,3,1,1500,1,1,yes
US001,1205,4,43,100,1,1,yes
US001,1206,3,3,1500,1,1,yes
US001,1206,5,4,1200,1,1,yes
US001,1207,5,1,1200,1,1,yes
US001,1208,5,1,1200,1,1,yes
US001,1209,3,1,1500,1,1,yes
US001,1209,4,63,100,1,1,yes
US001,1209,5,4,1200,1,1,yes
US001,1210,3,1,1500,1,1,yes
US001,1210,4,4,100,1,1,yes
US001,1210,5,1,1200,1,1,yes
US001,1211,3,1,1500,1,1,yes
US001,1211,5,1,1200,1,1,yes
US001,1212,5,1,1200,1,1,yes
US001,1213,3,1,1500,1,1,yes
US001,1213,4,49,100,1,1,yes
US001,1213,5,4,1200,1,1,yes
US001,1214,3,3,1500,1,1,yes
US001,1214,5,1,1200,1,1,yes
US001,1215,3,1,1500,1,1,yes
US001,1215,5,1,1200,1,1,yes
US001,1216,3,1,1500,1,1,yes
US001,1216,4,48,100,1,1,yes
US001,1216,5,1,1200,1,1,yes
US001,1217,3,1,1500,1,1,yes
US001,1217,5,1,1200,1,1,yes
US001,1218,4,4,100,1,1,yes
US001,1218,5,1,1200,1,1,yes
US001,1219,3,1,1500,1,1,yes
US001,1220,3,1,1500,1,1,yes
US001,1220,4,68,100,1,1,yes
US001,1220,5,5,1200,1,1,yes
US001,1221,3,1,1500,1,1,yes
US001,1221,5,1,1200,1,1,yes
US001,1222,3,1,1500,1,1,yes
US001,1222,4,51,100,1,1,yes
US001,1222,5,1,1200,1,1,yes
US001,1223,3,1,1500,1,1,yes
US001,1223,4,94,100,1,1,yes
US001,1223,5,4,1200,1,1,yes
US001,1224,3,1,1500,1,1,yes
US001,1224,4,31,100,1,1,yes
US001,1224,5,2,1200,1,1,yes
US001,1225,3,1,1500,1,1,yes
US001,1225,5,1,1200,1,1,yes
US001,1226,4,56,100,1,1,yes
US001,1227,5,1,1200,1,1,yes
US001,1228,5,1,1200,1,1,yes
US001,1229,3,2,1500,1,1,yes
US001,1229,4,43,100,1,1,yes
US001,1230,5,2,1200,1,1,yes
US001,1231,4,5,100,1,1,yes
US001,1231,5,4,1200,1,1,yes
US001,1232,4,94,100,1,1,yes
US001,1233,3,2,1500,1,1,yes
US001,1233,4,33,100,1,1,yes
US001,1234,5,1,1200,1,1,yes
US001,1235,3,1,1500,1,1,yes
US001,1235,4,49,100,1,1,yes
US001,1235,5,1,1200,1,1,yes
US001,1236,3,1,1500,1,1,yes
US001,1236,4,3,100,1,1,yes
US001,1236,5,1,1200,1,1,yes
US001,1237,3,1,1500,1,1,yes
US001,1237,4,64,100,1,1,yes
US001,1237,5,1,1200,1,1,yes
US001,1238,3,1,1500,1,1,yes
US001,1238,4,56,100,1,1,yes
US001,1238,5,3,1200,1,1,yes
US001,1239,3,1,1500,1,1,yes
US001,1239,5,2,1200,1,1,yes
US001,1240,3,1,1500,1,1,yes
US001,1240,4,65,100,1,1,yes
US001,1240,5,2,1200,1,1,yes
US001,1241,3,2,1500,1,1,yes
US001,1241,4,15,100,1,1,yes
US001,1241,5,1,1200,1,1,yes
US001,1242,3,1,1500,1,1,yes
US001,1243,3,1,1500,1,1,yes
US001,1243,4,53,100,1,1,yes
US001,1243,5,1,1200,1,1,yes
US001,1244,3,1,1500,1,1,yes
US001,1244,4,61,100,1,1,yes
US001,1244,5,1,1200,1,1,yes
US001,1245,3,1,1500,1,1,yes
US001,1245,5,5,1200,1,1,yes
US001,1246,3,1,1500,1,1,yes
US001,1246,4,96,100,1,1,yes
US001,1247,4,44,100,1,1,yes
US001,1248,3,1,1500,1,1,yes
US001,1248,4,75,100,1,1,yes
US001,1248,5,1,1200,1,1,yes
US001,1249,3,1,1500,1,1,yes
US001,1249,4,66,100,1,1,yes
US001,1249,5,4,1200,1,1,yes
US001,1250,3,1,1500,1,1,yes
US001,1250,5,1,1200,1,1,yes
US001,1251,3,3,1500,1,1,yes
US001,1251,4,40,100,1,1,yes
US001,1251,5,1,1200,1,1,yes
US001,1252,3,1,1500,1,1,yes
US001,1252,5,3,1200,1,1,yes
US001,1253,3,1,1500,1,1,yes
US001,1253,4,25,100,1,1,yes
US001,1253,5,1,1200,1,1,yes
US001,1254,5,1,1200,1,1,yes
US001,1255,4,58,100,1,1,yes
US001,1256,3,1,1500,1,1,yes
US001,1256,5,1,1200,1,1,yes
US001,1257,3,1,1500,1,1,yes
US001,1257,5,1,1200,1,1,no
US001,1258,3,1,1500,1,1,yes
US001,1258,4,9,100,1,1,yes
US001,1259,3,3,1500,1,1,yes
US001,1260,5,1,1200,1,1,yes
US001,1261,3,1,1500,1,1,yes
US001,1261,4,66,100,1,1,yes
US001,1261,5,4,1200,1,1,yes
US001,1262,3,1,1500,1,1,yes
US001,1263,3,1,1500,1,1,yes
US001,1263,4,74,100,1,1,yes
US001,1263,5,1,1200,1,1,yes
US001,1264,4,35,100,1,1,yes
US001,1265,3,3,1500,1,1,yes
US001,1266,5,3,1200,1,1,yes
US001,1267,5,4,1200,1,1,yes
US001,1268,3,1,1500,1,1,yes
US001,1268,4,29,100,1,1,yes
US001,1269,4,98,100,1,1,yes
US001,1270,3,1,1500,1,1,yes
US001,1270,4,49,100,1,1,yes
US001,1270,5,1,1200,1,1,yes
US001,1271,5,5,1200,1,1,yes
US001,1272,3,1,1500,1,1,yes
US001,1272,4,81,100,1,1,yes
US001,1273,3,1,1500,1,1,yes
US001,1273,4,58,100,1,1,yes
US001,1274,3,2,1500,1,1,yes
US001,1274,4,45,100,1,1,yes
US001,1274,5,2,1200,1,1,yes
US001,1275,5,1,1200,1,1,yes
US001,1276,3,1,1500,1,1,yes
US001,1277,3,1,1500,1,1,yes
US001,1277,5,1,1200,1,1,yes
US001,1278,3,1,1500,1,1,yes
US001,1278,5,1,1200,1,1,yes
US001,1279,4,97,100,1,1,yes
US001,1280,4,2,100,1,1,yes
US001,1280,5,1,1200,1,1,yes
US001,1281,3,1,1500,1,1,yes
US001,1281,5,1,1200,1,1,yes
US001,1282,3,1,1500,1,1,yes
US001,1283,3,1,1500,1,1,yes
US001,1283,5,4,1200,1,1,yes
US001,1284,4,23,100,1,1,yes
US001,1285,3,3,1500,1,1,yes
US001,1285,5,2,1200,1,1,yes
US001,1286,3,3,1500,1,1,yes
US001,1287,3,3,1500,1,1,yes
US001,1288,5,1,1200,1,1,yes
US001,1289,5,1,1200,1,1,yes
US001,1290,3,1,1500,1,1,yes
US001,1290,4,84,100,1,1,yes
US001,1290,5,1,1200,1,1,yes
US001,1291,3,1,1500,1,1,yes
US001,1291,5,2,1200,1,1,yes
US001,1292,4,12,100,1,1,yes
US001,1293,3,1,1500,1,1,yes
US001,1294,4,45,100,1,1,yes
US001,1295,4,86,100,1,1,yes
US001,1296,3,2,1500,1,1,yes
US001,1296,4,63,100,1,1,yes
US001,1296,5,1,1200,1,1,yes
US001,1297,4,34,100,1,1,yes
US001,1298,3,3,1500,1,1,yes
US001,1298,4,70,100,1,1,yes
US001,1298,5,1,1200,1,1,yes
US001,1299,3,1,1500,1,1,yes
US001,1299,5,1,1200,1,1,yes
US001,1300,3,1,1500,1,1,yes
US001,1300,4,81,100,1,1,yes
US001,1300,5,1,1200,1,1,yes
US001,1301,3,1,1500,1,1,yes
US001,1301,5,1,1200,1,1,yes
US001,1302,3,1,1500,1,1,yes
US001,1302,4,52,100,1,1,yes
US001,1303,3,2,1500,1,1,yes
US001,1303,4,64,100,1,1,yes
US001,1303,5,1,1200,1,1,yes
US001,1304,3,1,1500,1,1,yes
US001,1304,4,56,100,1,1,yes
US001,1305,4,88,100,1,1,yes
US001,1305,5,1,1200,1,1,yes
US001,1306,3,1,1500,1,1,yes
US001,1306,5,1,1200,1,1,yes
US001,1307,3,1,1500,1,1,yes
US001,1308,3,1,1500,1,1,yes
US001,1308,5,1,1200,1,1,yes
US001,1309,3,1,1500,1,1,yes
US001,1309,5,1,1200,1,1,yes
US001,1310,3,1,1500,1,1,yes
US001,1310,5,1,1200,1,1,yes
US001,1311,3,1,1500,1,1,yes
US001,1311,4,18,100,1,1,yes
US001,1312,3,1,1500,1,1,yes
US001,1312,4,73,100,1,1,yes
US001,1313,5,1,1200,1,1,yes
US001,1314,4,28,100,1,1,yes
US001,1314,5,1,1200,1,1,yes
US001,1315,3,1,1500,1,1,yes
US001,1315,4,22,100,1,1,yes
US001,1315,5,3,1200,1,1,yes
US001,1316,4,79,100,1,1,yes
US001,1316,5,1,1200,1,1,yes
US001,1317,3,1,1500,1,1,yes
US001,1317,4,42,100,1,1,yes
US001,1317,5,1,1200,1,1,yes
US001,1318,3,3,1500,1,1,yes
US001,1318,5,2,1200,1,1,yes
US001,1319,3,1,1500,1,1,yes
US001,1320,3,2,1500,1,1,yes
US001,1321,5,1,1200,1,1,yes
US001,1322,4,53,100,1,1,yes
US001,1322,5,1,1200,1,1,yes
US001,1323,3,1,1500,1,1,yes
US001,1323,4,42,100,1,1,yes
US001,1323,5,3,1200,1,1,yes
US001,1324,4,84,100,1,1,yes
US001,1325,3,1,1500,1,1,yes
US001,1326,3,2,1500,1,1,yes
US001,1326,4,23,100,1,1,yes
US001,1326,5,4,1200,1,1,yes
US001,1327,3,1,1500,1,1,yes
US001,1327,4,31,100,1,1,yes
US001,1327,5,1,1200,1,1,yes
US001,1328,5,1,1200,1,1,yes
US001,1329,3,1,1500,1,1,yes
US001,1329,4,43,100,1,1,yes
US001,1329,5,2,1200,1,1,yes
US001,1330,3,1,1500,1,1,yes
US001,1330,4,23,100,1,1,yes
US001,1330,5,1,1200,1,1,yes
US001,1331,4,32,100,1,1,yes
US001,1331,5,2,1200,1,1,yes
US001,1332,3,1,1500,1,1,yes
US001,1332,5,1,1200,1,1,yes
US001,1333,4,98,100,1,1,yes
US001,1334,3,1,1500,1,1,yes
US001,1334,4,1,100,1,1,yes
US001,1334,5,1,1200,1,1,yes
US001,1335,4,31,100,1,1,yes
US001,1335,5,1,1200,1,1,yes
US001,1336,3,1,1500,1,1,yes
US001,1337,3,1,1500,1,1,yes
US001,1337,4,10,100,1,1,yes
US001,1337,5,4,1200,1,1,yes
US001,1338,3,1,1500,1,1,yes
US001,1338,4,69,100,1,1,yes
US001,1339,3,1,1500,1,1,yes
US001,1339,5,1,1200,1,1,yes
US001,1340,3,1,1500,1,1,yes
US001,1340,4,32,100,1,1,yes
US001,1340,5,1,1200,1,1,yes
US001,1341,3,1,1500,1,1,yes
US001,1341,4,44,100,1,1,yes
US001,1342,3,1,1500,1,1,yes
US001,1342,5,1,1200,1,1,yes
US001,1343,5,1,1200,1,1,yes
US001,1344,4,10,100,1,1,yes
US001,1344,5,1,1200,1,1,yes
US001,1345,3,1,1500,1,1,yes
US001,1345,4,96,100,1,1,yes
US001,1346,3,1,1500,1,1,yes
US001,1346,4,94,100,1,1,yes
US001,1346,5,1,1200,1,1,yes
US001,1347,3,3,1500,1,1,yes
US001,1348,5,1,1200,1,1,yes
US001,1349,3,1,1500,1,1,yes
US001,1349,4,67,100,1,1,yes
US001,1349,5,5,1200,1,1,yes
US001,1350,5,1,1200,1,1,yes
US001,1351,3,1,1500,1,1,yes
US001,1351,4,89,100,1,1,yes
US001,1351,5,1,1200,1,1,yes
US001,1352,4,5,100,1,1,yes
US001,1353,4,21,100,1,1,yes
US001,1353,5,1,1200,1,1,yes
US001,1354,3,3,1500,1,1,yes
US001,1354,4,22,100,1,1,yes
US001,1354,5,1,1200,1,1,yes
US001,1355,3,1,1500,1,1,yes
US001,1355,4,30,100,1,1,yes
US001,1355,5,2,1200,1,1,yes
US001,1356,5,2,1200,1,1,yes
US001,1357,4,6,100,1,1,yes
US001,1357,5,1,1200,1,1,yes
US001,1358,3,1,1500,1,1,yes
US001,1358,4,50,100,1,1,yes
US001,1358,5,1,1200,1,1,yes
US001,1359,3,1,1500,1,1,yes
US001,1359,4,12,100,1,1,yes
US001,1360,5,1,1200,1,1,yes
US001,1361,3,1,1500,1,1,yes
US001,1361,4,32,100,1,1,yes
US001,1361,5,3,1200,1,1,yes
US001,1362,3,1,1500,1,1,yes
US001,1363,4,83,100,1,1,yes
US001,1363,5,1,1200,1,1,yes
US001,1364,3,1,1500,1,1,yes
US001,1364,4,50,100,1,1,yes
US001,1364,5,1,1200,1,1,yes
US001,1365,3,3,1500,1,1,yes
US001,1366,3,1,1500,1,1,yes
US001,1366,4,66,100,1,1,yes
US001,1366,5,1,1200,1,1,yes
US001,1367,4,28,100,1,1,yes
US001,1368,4,35,100,1,1,yes
US001,1368,5,1,1200,1,1,yes
US001,1369,3,1,1500,1,1,yes
US001,1369,4,94,100,1,1,yes
US001,1369,5,1,1200,1,1,yes
US001,1370,4,62,100,1,1,yes
US001,1371,4,95,100,1,1,yes
US001,1371,5,3,1200,1,1,yes
US001,1372,4,82,100,1,1,yes
US001,1372,5,1,1200,1,1,yes
US001,1373,3,1,1500,1,1,yes
US001,1374,5,5,1200,1,1,yes
US001,1375,3,3,1500,1,1,yes
US001,1376,3,1,1500,1,1,yes
US001,1377,5,2,1200,1,1,yes
US001,1378,4,41,100,1,1,yes
US001,1378,5,1,1200,1,1,yes
US001,1379,4,50,100,1,1,yes
US001,1380,3,1,1500,1,1,yes
US001,1380,4,18,100,1,1,yes
US001,1380,5,1,1200,1,1,yes
US001,1381,3,3,1500,1,1,yes
US001,1381,5,1,1200,1,1,yes
US001,1382,5,1,1200,1,1,yes
US001,1383,4,81,100,1,1,yes
US001,1383,5,1,1200,1,1,yes
US001,1384,3,1,1500,1,1,yes
US001,1384,5,1,1200,1,1,yes
US001,1385,5,3,1200,1,1,yes
US001,1386,3,2,1500,1,1,yes
US001,1386,4,8,100,1,1,yes
US001,1386,5,1,1200,1,1,yes
US001,1387,5,1,1200,1,1,yes
US001,1388,3,1,1500,1,1,yes
US001,1388,5,1,1200,1,1,yes
US001,1389,4,6,100,1,1,yes
US001,1390,3,1,1500,1,1,yes
US001,1390,4,92,100,1,1,yes
US001,1390,5,1,1200,1,1,yes
US001,1391,3,1,1500,1,1,yes
US001,1391,4,83,100,1,1,yes
US001,1391,5,1,1200,1,1,yes
US001,1392,3,1,1500,1,1,yes
US001,1392,4,52,100,1,1,yes
US001,1392,5,1,1200,1,1,yes
US001,1393,3,1,1500,1,1,yes
US001,1393,4,35,100,1,1,yes
US001,1394,3,1,1500,1,1,yes
US001,1394,4,13,100,1,1,yes
US001,1394,5,1,1200,1,1,yes
US001,1395,4,51,100,1,1,yes
US001,1395,5,1,1200,1,1,yes
US001,1396,3,1,1500,1,1,yes
US001,1397,4,98,100,1,1,yes
US001,1397,5,1,1200,1,1,yes
US001,1398,3,2,1500,1,1,yes
US001,1398,4,88,100,1,1,yes
US001,1399,5,1,1200,1,1,yes
US001,1400,5,1,1200,1,1,yes
US001,1401,3,1,1500,1,1,yes
US001,1401,5,3,1200,1,1,yes
US001,1402,3,1,1500,1,1,yes
US001,1402,5,4,1200,1,1,yes
US001,1403,4,87,100,1,1,yes
US001,1404,3,1,1500,1,1,yes
US001,1404,4,54,100,1,1,yes
US001,1405,3,1,1500,1,1,yes
US001,1405,4,66,100,1,1,yes
US001,1405,5,1,1200,1,1,yes
US001,1406,3,1,1500,1,1,yes
US001,1406,5,2,1200,1,1,yes
US001,1407,3,2,1500,1,1,yes
US001,1408,3,1,1500,1,1,yes
US001,1408,4,41,100,1,1,yes
US001,1408,5,1,1200,1,1,yes
US001,1409,4,48,100,1,1,yes
US001,1410,4,56,100,1,1,yes
US001,1410,5,2,1200,1,1,yes
US001,1411,3,1,1500,1,1,yes
US001,1411,4,93,100,1,1,yes
US001,1411,5,1,1200,1,1,yes
US001,1412,3,1,1500,1,1,yes
US001,1412,4,33,100,1,1,yes
US001,1412,5,1,1200,1,1,yes
US001,1413,5,1,1200,1,1,yes
US001,1414,3,1,1500,1,1,yes
US001,1414,4,57,100,1,1,yes
US001,1414,5,1,1200,1,1,yes
US001,1415,3,1,1500,1,1,yes
US001,1415,4,99,100,1,1,yes
US001,1415,5,1,1200,1,1,yes
US001,1416,5,1,1200,1,1,yes
US001,1417,5,1,1200,1,1,yes
US001,1418,5,1,1200,1,1,yes
US001,1419,3,1,1500,1,1,yes
US001,1419,4,66,100,1,1,yes
US001,1419,5,1,1200,1,1,yes
US001,1420,3,1,1500,1,1,yes
US001,1420,4,75,100,1,1,yes
US001,1420,5,1,1200,1,1,yes
US001,1421,3,1,1500,1,1,yes
US001,1421,4,99,100,1,1,yes
US001,1421,5,1,1200,1,1,yes
US001,1422,4,86,100,1,1,yes
US001,1422,5,1,1200,1,1,yes
US001,1423,5,2,1200,1,1,yes
US001,1424,5,1,1200,1,1,yes
US001,1425,4,43,100,1,1,yes
US001,1426,3,1,1500,1,1,yes
US001,1426,5,1,1200,1,1,yes
US001,1427,4,73,100,1,1,yes
US001,1427,5,3,1200,1,1,yes
US001,1428,3,1,1500,1,1,yes
US001,1428,4,43,100,1,1,yes
US001,1429,3,1,1500,1,1,yes
US001,1429,4,78,100,1,1,yes
US001,1429,5,1,1200,1,1,yes
US001,1430,3,3,1500,1,1,yes
US001,1430,4,90,100,1,1,yes
US001,1430,5,1,1200,1,1,yes
US001,1431,4,30,100,1,1,yes
US001,1431,5,1,1200,1,1,yes
US001,1432,3,1,1500,1,1,yes
US001,1432,4,39,100,1,1,yes
US001,1432,5,1,1200,1,1,yes
US001,1433,3,1,1500,1,1,yes
US001,1433,4,14,100,1,1,yes
US001,1433,5,1,1200,1,1,yes
US001,1434,4,29,100,1,1,yes
US001,1434,5,1,1200,1,1,yes
US001,1435,3,1,1500,1,1,yes
US001,1435,5,2,1200,1,1,yes
US001,1436,3,1,1500,1,1,yes
US001,1436,5,1,1200,1,1,yes
US001,1437,3,3,1500,1,1,yes
US001,1438,3,1,1500,1,1,yes
US001,1438,4,54,100,1,1,yes
US001,1438,5,2,1200,1,1,yes
US001,1439,4,16,100,1,1,yes
US001,1439,5,1,1200,1,1,yes
US001,1440,5,1,1200,1,1,yes
US001,1441,3,1,1500,1,1,yes
US001,1442,3,1,1500,1,1,yes
US001,1442,5,2,1200,1,1,yes
US001,1443,3,2,1500,1,1,yes
US001,1443,5,1,1200,1,1,yes
US001,1444,3,2,1500,1,1,yes
US001,1444,5,1,1200,1,1,yes
US001,1445,4,37,100,1,1,yes
US001,1445,5,2,1200,1,1,yes
US001,1446,3,1,1500,1,1,yes
US001,1446,4,58,100,1,1,yes
US001,1446,5,1,1200,1,1,yes
US001,1447,3,1,1500,1,1,yes
US001,1447,4,81,100,1,1,yes
US001,1447,5,2,1200,1,1,yes
US001,1448,3,1,1500,1,1,yes
US001,1448,4,79,100,1,1,yes
US001,1448,5,4,1200,1,1,yes
US001,1449,3,1,1500,1,1,yes
US001,1449,4,62,100,1,1,yes
US001,1449,5,2,1200,1,1,yes
US001,1450,3,1,1500,1,1,yes
US001,1450,5,1,1200,1,1,yes
US001,1451,4,66,100,1,1,yes
US001,1451,5,1,1200,1,1,yes
US001,1452,3,1,1500,1,1,yes
US001,1452,4,10,100,1,1,yes
US001,1452,5,1,1200,1,1,yes
US001,1453,5,2,1200,1,1,yes
US001,1454,3,1,1500,1,1,yes
US001,1454,4,52,100,1,1,yes
US001,1454,5,1,1200,1,1,yes
US001,1455,3,1,1500,1,1,yes
US001,1455,4,92,100,1,1,yes
US001,1455,5,4,1200,1,1,yes
US001,1456,3,1,1500,1,1,yes
US001,1456,4,71,100,1,1,yes
US001,1456,5,1,1200,1,1,yes
US001,1457,4,43,100,1,1,yes
US001,1457,5,1,1200,1,1,yes
US001,1458,5,1,1200,1,1,yes
US001,1459,3,1,1500,1,1,yes
US001,1459,4,88,100,1,1,yes
US001,1459,5,1,1200,1,1,yes
US001,1460,3,1,1500,1,1,yes
US001,1461,3,1,1500,1,1,yes
US001,1461,4,80,100,1,1,yes
US001,1462,3,1,1500,1,1,yes
US001,1462,4,54,100,1,1,yes
US001,1462,5,1,1200,1,1,yes
US001,1463,3,1,1500,1,1,yes
US001,1464,3,3,1500,1,1,yes
US001,1464,5,1,1200,1,1,yes
US001,1465,3,1,1500,1,1,yes
US001,1465,4,21,100,1,1,yes
US001,1465,5,5,1200,1,1,yes
US001,1466,4,38,100,1,1,yes
US001,1466,5,1,1200,1,1,yes
US001,1467,5,1,1200,1,1,yes
US001,1468,5,1,1200,1,1,yes
US001,1469,3,1,1500,1,1,yes
US001,1469,4,88,100,1,1,yes
US001,1470,3,1,1500,1,1,yes
US001,1470,5,1,1200,1,1,yes
US001,1471,4,88,100,1,1,yes
US001,1471,5,1,1200,1,1,yes
US001,1472,3,1,1500,1,1,yes
US001,1472,4,21,100,1,1,yes
US001,1472,5,1,1200,1,1,yes
US001,1473,3,1,1500,1,1,yes
US001,1473,4,73,100,1,1,yes
US001,1473,5,1,1200,1,1,yes
US001,1474,4,19,100,1,1,yes
US001,1474,5,1,1200,1,1,yes
US001,1475,3,1,1500,1,1,yes
US001,1475,5,1,1200,1,1,yes
US001,1476,4,24,100,1,1,yes
US001,1477,4,5,100,1,1,yes
US001,1477,5,2,1200,1,1,yes
US001,1478,3,1,1500,1,1,yes
US001,1478,4,52,100,1,1,yes
US001,1478,5,1,1200,1,1,yes
US001,1479,3,1,1500,1,1,yes
US001,1479,5,3,1200,1,1,yes
US001,1480,3,1,1500,1,1,yes
US001,1480,5,1,1200,1,1,yes
US001,1481,4,69,100,1,1,yes
US001,1481,5,1,1200,1,1,yes
US001,1482,4,1,100,1,1,yes
US001,1482,5,1,1200,1,1,yes
US001,1483,4,51,100,1,1,yes
US001,1484,5,1,1200,1,1,yes
US001,1485,3,1,1500,1,1,yes
US001,1486,3,1,1500,1,1,yes
US001,1486,4,9,100,1,1,yes
US001,1486,5,1,1200,1,1,yes
US001,1487,3,1,1500,1,1,yes
US001,1488,4,75,100,1,1,yes
US001,1488,5,1,1200,1,1,yes
US001,1489,3,2,1500,1,1,yes
US001,1489,4,53,100,1,1,yes
US001,1489,5,4,1200,1,1,yes
US001,1490,3,1,1500,1,1,yes
US001,1490,4,70,100,1,1,yes
US001,1490,5,1,1200,1,1,yes
US001,1491,3,1,1500,1,1,yes
US001,1492,3,1,1500,1,1,yes
US001,1492,4,63,100,1,1,yes
US001,1492,5,3,1200,1,1,yes
US001,1493,3,2,1500,1,1,yes
US001,1494,3,1,1500,1,1,yes
US001,1495,5,1,1200,1,1,yes
US001,1496,5,1,1200,1,1,yes
US001,1497,4,64,100,1,1,yes
US001,1497,5,1,1200,1,1,yes
US001,1498,3,1,1500,1,1,yes
US001,1498,4,72,100,1,1,yes
US001,1498,5,1,1200,1,1,yes
US001,1499,3,1,1500,1,1,yes
US001,1499,4,20,100,1,1,yes
US001,1500,3,1,1500,1,1,yes
US001,1500,4,15,100,1,1,yes
US001,1501,3,1,1500,1,1,yes
US001,1501,5,5,1200,1,1,yes
US001,1502,3,3,1500,1,1,no
US001,1502,4,89,100,1,1,yes
US001,1503,3,1,1500,1,1,yes
US001,1503,4,87,100,1,1,yes
US001,1504,5,2,1200,1,1,yes
US001,1505,4,66,100,1,1,yes
US001,1506,3,1,1500,1,1,yes
US001,1506,4,96,100,1,1,yes
US001,1506,5,1,1200,1,1,yes
US001,1507,3,2,1500,1,1,yes
US001,1507,5,1,1200,1,1,yes
US001,1508,3,2,1500,1,1,yes
US001,1508,4,11,100,1,1,yes
US001,1508,5,1,1200,1,1,yes
US001,1509,3,1,1500,1,1,yes
US001,1509,4,53,100,1,1,yes
US001,1510,4,13,100,1,1,yes
US001,1511,3,1,1500,1,1,yes
US001,1511,5,4,1200,1,1,yes
US001,1512,3,1,1500,1,1,yes
US001,1512,5,1,1200,1,1,yes
US001,1513,3,1,1500,1,1,yes
US001,1513,5,1,1200,1,1,yes
US001,1514,4,10,100,1,1,yes
US001,1514,5,1,1200,1,1,yes
US001,1515,3,1,1500,1,1,yes
US001,1516,4,41,100,1,1,yes
US001,1516,5,1,1200,1,1,yes
US001,1517,3,1,1500,1,1,yes
US001,1518,3,1,1500,1,1,yes
US001,1518,5,1,1200,1,1,yes
US001,1519,4,56,100,1,1,yes
US001,1520,3,1,1500,1,1,yes
US001,1520,5,1,1200,1,1,yes
US001,1521,3,1,1500,1,1,yes
US001,1521,4,9,100,1,1,yes
US001,1521,5,1,1200,1,1,yes
US001,1522,3,1,1500,1,1,yes
US001,1522,4,2,100,1,1,yes
US001,1522,5,1,1200,1,1,yes
US001,1523,3,3,1500,1,1,yes
US001,1524,4,42,100,1,1,yes
US001,1524,5,1,1200,1,1,yes
US001,1525,3,1,1500,1,1,yes
US001,1525,4,37,100,1,1,yes
US001,1525,5,1,1200,1,1,yes
US001,1526,3,2,1500,1,1,yes
US001,1526,4,89,100,1,1,yes
US001,1526,5,1,1200,1,1,yes
US001,1527,5,1,1200,1,1,yes
US001,1528,3,1,1500,1,1,yes
US001,1528,4,89,100,1,1,yes
US001,1529,3,1,1500,1,1,yes
US001,1530,5,2,1200,1,1,yes
US001,1531,3,1,1500,1,1,yes
US001,1531,4,17,100,1,1,yes
US001,1531,5,1,1200,1,1,yes
US001,1532,3,1,1500,1,1,yes
US001,1532,5,2,1200,1,1,yes
US001,1533,3,1,1500,1,1,yes
US001,1533,4,34,100,1,1,yes
US001,1533,5,1,1200,1,1,yes
US001,1534,3,1,1500,1,1,yes
US001,1534,4,6,100,1,1,yes
US001,1534,5,1,1200,1,1,yes
US001,1535,4,72,100,1,1,yes
US001,1536,3,1,1500,1,1,yes
US001,1536,5,1,1200,1,1,yes
US001,1537,3,1,1500,1,1,yes
US001,1537,4,8,100,1,1,yes
US001,1537,5,3,1200,1,1,yes
US001,1538,3,3,1500,1,1,yes
US001,1538,4,46,100,1,1,yes
US001,1538,5,2,1200,1,1,yes
US001,1539,3,1,1500,1,1,yes
US001,1539,4,43,100,1,1,yes
US001,1539,5,1,1200,1,1,yes
US001,1540,3,1,1500,1,1,yes
US001,1540,5,1,1200,1,1,yes
US001,1541,3,1,1500,1,1,yes
US001,1541,4,36,100,1,1,yes
US001,1541,5,1,1200,1,1,yes
US001,1542,3,1,1500,1,1,yes
US001,1542,4,90,100,1,1,yes
US001,1542,5,2,1200,1,1,yes
US001,1543,3,1,1500,1,1,yes
US001,1543,5,1,1200,1,1,yes
US001,1544,4,78,100,1,1,yes
US001,1544,5,1,1200,1,1,yes
US001,1545,4,16,100,1,1,yes
US001,1545,5,1,1200,1,1,yes
US001,1546,3,3,1500,1,1,yes
US001,1546,4,42,100,1,1,yes
US001,1546,5,1,1200,1,1,yes
US001,1547,3,2,1500,1,1,yes
US001,1548,3,3,1500,1,1,yes
US001,1548,4,66,100,1,1,yes
US001,1548,5,2,1200,1,1,yes
US001,1549,3,1,1500,1,1,yes
US001,1549,5,1,1200,1,1,yes
US001,1550,5,3,1200,1,1,yes
US001,1551,5,2,1200,1,1,yes
US001,1552,3,1,1500,1,1,yes
US001,1552,4,1,100,1,1,yes
US001,1552,5,1,1200,1,1,yes
US001,1553,3,3,1500,1,1,yes
US001,1553,4,29,100,1,1,yes
US001,1553,5,1,1200,1,1,yes
US001,1554,3,1,1500,1,1,yes
US001,1554,5,1,1200,1,1,yes
US001,1555,3,1,1500,1,1,yes
US001,1555,4,60,100,1,1,yes
US001,1556,3,1,1500,1,1,yes
US001,1556,4,12,100,1,1,yes
US001,1556,5,4,1200,1,1,yes
US001,1557,3,1,1500,1,1,yes
US001,1557,5,4,1200,1,1,yes
US001,1558,3,1,1500,1,1,yes
US001,1558,4,17,100,1,1,yes
US001,1558,5,1,1200,1,1,yes
US001,1559,3,1,1500,1,1,yes
US001,1560,3,1,1500,1,1,yes
US001,1560,4,15,100,1,1,yes
US001,1560,5,2,1200,1,1,yes
US001,1561,4,35,100,1,1,yes
US001,1561,5,1,1200,1,1,yes
US001,1562,3,2,1500,1,1,yes
US001,1562,4,57,100,1,1,yes
US001,1562,5,1,1200,1,1,yes
US001,1563,3,1,1500,1,1,yes
US001,1563,4,67,100,1,1,yes
US001,1563,5,4,1200,1,1,yes
US001,1564,4,7,100,1,1,yes
US001,1564,5,2,1200,1,1,yes
US001,1565,3,1,1500,1,1,yes
US001,1565,4,39,100,1,1,yes
US001,1566,3,1,1500,1,1,yes
US001,1566,5,1,1200,1,1,yes
US001,1567,3,1,1500,1,1,yes
US001,1567,5,1,1200,1,1,yes
US001,1568,3,1,1500,1,1,yes
US001,1568,4,36,100,1,1,yes
US001,1568,5,4,1200,1,1,yes
US001,1569,3,1,1500,1,1,yes
US001,1569,4,67,100,1,1,yes
US001,1569,5,1,1200,1,1,yes
US001,1570,3,1,1500,1,1,yes
US001,1570,4,80,100,1,1,yes
US001,1570,5,1,1200,1,1,yes
US001,1571,3,1,1500,1,1,yes
US001,1571,4,95,100,1,1,yes
US001,1571,5,1,1200,1,1,yes
US001,1572,3,1,1500,1,1,yes
US001,1573,3,1,1500,1,1,yes
US001,1573,4,90,100,1,1,yes
US001,1573,5,1,1200,1,1,yes
US001,1574,5,1,1200,1,1,yes
US001,1575,4,61,100,1,1,yes
US001,1576,3,1,1500,1,1,yes
US001,1577,3,1,1500,1,1,yes
US001,1577,4,43,100,1,1,yes
US001,1577,5,2,1200,1,1,yes
US001,1578,5,2,1200,1,1,yes
US001,1579,3,1,1500,1,1,yes
US001,1579,4,9,100,1,1,yes
US001,1579,5,2,1200,1,1,yes
US001,1580,3,1,1500,1,1,yes
US001,1580,5,2,1200,1,1,yes
US001,1581,3,1,1500,1,1,yes
US001,1581,4,47,100,1,1,yes
US001,1581,5,1,1200,1,1,yes
US001,1582,3,1,1500,1,1,yes
US001,1583,5,1,1200,1,1,yes
US001,1584,5,1,1200,1,1,yes
US001,1585,4,18,100,1,1,yes
US001,1586,3,3,1500,1,1,yes
US001,1587,3,1,1500,1,1,yes
US001,1588,3,2,1500,1,1,yes
US001,1588,4,23,100,1,1,yes
US001,1588,5,5,1200,1,1,yes
US001,1589,3,1,1500,1,1,yes
US001,1589,4,89,100,1,1,yes
US001,1589,5,2,1200,1,1,yes
US001,1590,3,1,1500,1,1,yes
US001,1590,4,13,100,1,1,yes
US001,1590,5,1,1200,1,1,yes
US001,1591,5,1,1200,1,1,yes
US001,1592,5,1,1200,1,1,yes
US001,1593,3,1,1500,1,1,yes
US001,1594,3,1,1500,1,1,yes
US001,1595,4,48,100,1,1,yes
US001,1595,5,2,1200,1,1,yes
US001,1596,3,2,1500,1,1,yes
US001,1596,4,33,100,1,1,yes
US001,1596,5,2,1200,1,1,yes
US001,1597,3,1,1500,1,1,yes
US001,1597,4,85,100,1,1,yes
US001,1597,5,1,1200,1,1,yes
US001,1598,3,2,1500,1,1,yes
US001,1598,4,63,100,1,1,yes
US001,1599,3,1,1500,1,1,yes
US001,1600,3,1,1500,1,1,yes
US001,1600,4,64,100,1,1,yes
US001,1600,5,1,1200,1,1,yes
