company_code,s_order_date,customer_id
US001,2021-03-19,JSB421
US001,2021-03-13,PQR383
US001,2021-03-12,QSL660
US001,2021-03-09,QHK763
US001,2021-03-08,QPG742
US001,2021-03-24,PTN182
US001,2021-03-04,TGS691
US001,2021-03-13,WMC508
US001,2021-03-02,MSW433
US001,2021-03-01,TPP964
US001,2021-03-14,VVE100
US001,2021-03-20,QFC049
US001,2021-03-04,EDL627
US001,2021-03-28,VWL276
US001,2021-03-07,UVJ289
US001,2021-03-10,UOB630
US001,2021-03-11,MCM365
US001,2021-03-11,XJK761
US001,2021-03-05,UBS251
US001,2021-03-15,ORH904
US001,2021-03-07,AEX530
US001,2021-03-07,AMA328
US001,2021-03-09,ZTV495
US001,2021-03-20,ZMI102
US001,2021-03-13,SSG261
US001,2021-03-14,TRZ779
US001,2021-03-01,QZS252
US001,2021-03-20,PTY339
US001,2021-03-12,NPH897
US001,2021-03-18,VFY393
US001,2021-03-12,CSC229
US001,2021-03-04,FOW399
US001,2021-03-27,KTV367
US001,2021-03-27,ZGN598
US001,2021-03-30,PGR067
US001,2021-03-28,PAD973
US001,2021-03-28,BVO020
US001,2021-03-17,DSU031
US001,2021-03-24,QOY901
US001,2021-03-20,DZV547
US001,2021-03-29,POA184
US001,2021-03-22,WCY129
US001,2021-03-11,ADR478
US001,2021-03-08,HBJ207
US001,2021-03-20,LNB930
US001,2021-03-17,NIJ469
US001,2021-03-11,YXS189
US001,2021-03-13,MBF129
US001,2021-03-30,KME471
US001,2021-03-24,LAW656
US001,2021-03-09,YGW577
US001,2021-03-29,UGV861
US001,2021-03-04,CSE412
US001,2021-03-08,MPG624
US001,2021-03-20,MBD261
US001,2021-03-11,TSP782
US001,2021-03-27,ELA095
US001,2021-03-24,HGG564
US001,2021-03-21,JMB336
US001,2021-03-19,BOT477
US001,2021-03-08,AYL345
US001,2021-03-07,TTG337
US001,2021-03-05,JOO557
US001,2021-03-13,BUK592
US001,2021-03-29,DGX668
US001,2021-03-21,TUD174
US001,2021-03-07,NAC877
US001,2021-03-13,EEF542
US001,2021-03-17,DEY134
US001,2021-03-29,VOZ837
US001,2021-03-27,SAO825
US001,2021-03-23,RTR704
US001,2021-03-16,WMQ907
US001,2021-03-04,IWE175
US001,2021-03-16,HOI933
US001,2021-03-15,MSO886
US001,2021-03-06,LWQ997
US001,2021-03-27,MMM843
US001,2021-03-30,WAM119
US001,2021-03-20,QZY062
US001,2021-03-22,DZD767
US001,2021-03-27,DFY381
US001,2021-03-13,UCJ446
US001,2021-03-18,DGA616
US001,2021-03-23,YHD981
US001,2021-03-19,OCE516
US001,2021-03-13,YIY379
US001,2021-03-17,EWA519
US001,2021-03-06,SKT971
US001,2021-03-19,RQK945
US001,2021-03-12,ANP878
US001,2021-03-18,KKF442
US001,2021-03-25,SSG309
US001,2021-03-08,DED782
US001,2021-03-28,HYV662
US001,2021-03-20,NWX118
US001,2021-03-17,UZB487
US001,2021-03-19,GSB552
US001,2021-03-22,NZT582
US001,2021-03-24,KKF719
US001,2021-03-30,IMV189
US001,2021-03-06,TKA576
US001,2021-03-21,ROA374
US001,2021-03-14,VHX203
US001,2021-03-23,MRW514
US001,2021-03-09,JID033
US001,2021-03-04,PFL850
US001,2021-03-28,FHO792
US001,2021-03-30,DBH278
US001,2021-03-25,SSD692
US001,2021-03-22,PTE847
US001,2021-03-19,KUH566
US001,2021-03-01,CSD969
US001,2021-03-19,SGA436
US001,2021-03-30,KUT318
US001,2021-03-06,OYH021
US001,2021-03-12,LYE156
US001,2021-03-01,GXX301
US001,2021-03-05,IAL256
US001,2021-03-01,DBZ452
US001,2021-03-18,RAO892
US001,2021-03-29,UGW775
US001,2021-03-11,EPF879
US001,2021-03-13,RWA412
US001,2021-03-25,UAK254
US001,2021-03-20,KWI008
US001,2021-03-30,QKF619
US001,2021-03-15,CZW426
US001,2021-03-21,WMN993
US001,2021-03-29,KHV032
US001,2021-03-19,OJH642
US001,2021-03-24,TYV998
US001,2021-03-03,MGF559
US001,2021-03-12,XVS101
US001,2021-03-18,ETS717
US001,2021-03-21,HTK933
US001,2021-03-03,HWU705
US001,2021-03-07,HMH735
US001,2021-03-24,TAT541
US001,2021-03-26,DUJ561
US001,2021-03-06,XAR312
US001,2021-03-09,WBL464
US001,2021-03-30,AIX493
US001,2021-03-13,FQO662
US001,2021-03-18,UDV911
US001,2021-03-01,ZJH019
US001,2021-03-05,OAL743
US001,2021-03-24,JXR839
US001,2021-03-12,GOO312
US001,2021-03-07,DOP805
US001,2021-03-26,THJ447
US001,2021-03-22,OZR032
US001,2021-03-01,JFQ688
US001,2021-03-09,IUF960
US001,2021-03-25,IMC111
US001,2021-03-05,GSI519
US001,2021-03-04,WRY029
US001,2021-03-26,QWQ967
US001,2021-03-07,HQS911
US001,2021-03-29,RZS844
US001,2021-03-17,JGU594
US001,2021-03-29,YOY538
US001,2021-03-04,XMM137
US001,2021-03-22,LSV777
US001,2021-03-03,HCK118
US001,2021-03-21,TWL118
US001,2021-03-20,WAV772
US001,2021-03-06,HZG363
US001,2021-03-12,PGE915
US001,2021-03-18,JWH892
US001,2021-03-11,YWJ357
US001,2021-03-24,KTC174
US001,2021-03-21,QGB097
US001,2021-03-29,SEW943
US001,2021-03-01,JJS953
US001,2021-03-30,JVM798
US001,2021-03-11,YCJ069
US001,2021-03-17,HOT627
US001,2021-03-16,MOE604
US001,2021-03-01,JBZ260
US001,2021-03-14,WVD027
US001,2021-03-23,SOU875
US001,2021-03-13,EOA138
US001,2021-03-01,BGN662
US001,2021-03-01,VMJ909
US001,2021-03-30,QAB941
US001,2021-03-21,PZP264
US001,2021-03-04,GLV175
US001,2021-03-12,PYM441
US001,2021-03-14,VZW762
US001,2021-03-04,AOJ467
US001,2021-03-26,YAO246
US001,2021-03-12,JGV872
US001,2021-03-06,IXY540
US001,2021-03-22,VRI811
US001,2021-03-12,DFW379
US001,2021-03-24,OOG541
US001,2021-03-14,SVB601
US001,2021-03-14,STS734
US001,2021-03-13,ZNE412
US001,2021-03-04,TLG314
US001,2021-03-21,RVQ532
US001,2021-03-24,NYE795
US001,2021-03-20,TVF454
US001,2021-03-07,RND057
US001,2021-03-16,DTH051
US001,2021-03-29,SID364
US001,2021-03-22,SRT492
US001,2021-03-12,IBX330
US001,2021-03-22,OFL717
US001,2021-03-17,SYQ495
US001,2021-03-24,HPP414
US001,2021-03-01,LBH619
US001,2021-03-07,BXR490
US001,2021-03-05,PGA407
US001,2021-03-09,SJO703
US001,2021-03-07,TGR477
US001,2021-03-21,LXT658
US001,2021-03-06,VHL908
US001,2021-03-27,NTV942
US001,2021-03-06,ZSS250
US001,2021-03-08,HCJ631
US001,2021-03-04,MJJ947
US001,2021-03-07,MJR811
US001,2021-03-30,KGL354
US001,2021-03-19,ETC745
US001,2021-03-03,DBT501
US001,2021-03-16,RIX545
US001,2021-03-04,DGM903
US001,2021-03-18,RBS197
US001,2021-03-06,EEK189
US001,2021-03-10,HOG740
US001,2021-03-01,AVL477
US001,2021-03-28,DXG228
US001,2021-03-02,QSS204
US001,2021-03-24,VJY636
US001,2021-03-21,QNE455
US001,2021-03-14,OJJ909
US001,2021-03-10,MIF581
US001,2021-03-01,DFD657
US001,2021-03-04,PGZ857
US001,2021-03-01,EGO049
US001,2021-03-02,PJY992
US001,2021-03-06,SMW877
US001,2021-03-24,MWL427
US001,2021-03-09,VTS530
US001,2021-03-01,OPO101
US001,2021-03-12,TAE791
US001,2021-03-15,YGJ942
US001,2021-03-06,WKS378
US001,2021-03-17,CYA745
US001,2021-03-22,YTH580
US001,2021-03-12,YGV099
US001,2021-03-15,WWU185
US001,2021-03-10,MNO430
US001,2021-03-24,TRN266
US001,2021-03-14,JIS873
US001,2021-03-08,RIZ591
US001,2021-03-25,VOM818
US001,2021-03-24,XZF468
US001,2021-03-18,XOW239
US001,2021-03-05,PQG517
US001,2021-03-28,VHU076
US001,2021-03-23,CYR150
US001,2021-03-06,CEW414
US001,2021-03-08,PBE223
US001,2021-03-19,HYX243
US001,2021-03-05,GDL884
US001,2021-03-07,BPK811
US001,2021-03-05,LJE930
US001,2021-03-05,SVE786
US001,2021-03-04,GPU045
US001,2021-03-29,CBY397
US001,2021-03-13,YKL005
US001,2021-03-22,UFX663
US001,2021-03-20,ANC597
US001,2021-03-16,LBJ138
US001,2021-03-07,TQK641
US001,2021-03-18,OMC539
US001,2021-03-03,KSF438
US001,2021-03-24,CVU951
US001,2021-03-11,YZH887
US001,2021-03-04,FKQ256
US001,2021-03-15,LPH681
US001,2021-03-12,LHA586
US001,2021-03-29,RYX800
US001,2021-03-16,IXT084
US001,2021-03-29,QBE151
US001,2021-03-02,QLF553
US001,2021-03-27,HYB436
US001,2021-03-04,TMN075
US001,2021-03-09,YSK070
US001,2021-03-02,TJK890
US001,2021-03-27,XCH566
US001,2021-03-10,CQN767
US001,2021-03-09,XYZ540
US001,2021-03-19,ZEO810
US001,2021-03-27,GTS773
US001,2021-03-18,AIF886
US001,2021-03-16,EWH829
US001,2021-03-08,WTA154
US001,2021-03-03,MGK996
US001,2021-03-18,JHK753
US001,2021-03-09,FMN674
US001,2021-03-21,TNJ449
US001,2021-03-26,CVT115
US001,2021-03-11,TUP356
US001,2021-03-08,ACC960
US001,2021-03-16,HXJ243
US001,2021-03-26,YWN464
US001,2021-03-08,CJN703
US001,2021-03-07,GCT040
US001,2021-03-07,JWC548
US001,2021-03-01,YJL847
US001,2021-03-02,NWH160
US001,2021-03-15,EKR534
US001,2021-03-19,TVO930
US001,2021-03-29,GHN363
US001,2021-03-11,LYQ219
US001,2021-03-21,TRG781
US001,2021-03-30,JVR544
US001,2021-03-09,BXB531
US001,2021-03-02,AHN888
US001,2021-03-17,DZB167
US001,2021-03-27,CUA951
US001,2021-03-11,TUA347
US001,2021-03-27,WQU638
US001,2021-03-22,PCC421
US001,2021-03-28,FRF081
US001,2021-03-10,GZB338
US001,2021-03-30,GXG851
US001,2021-03-06,QOA034
US001,2021-03-20,SLH289
US001,2021-03-27,QZG823
US001,2021-03-02,VXY568
US001,2021-03-22,WIR167
US001,2021-03-05,ALJ367
US001,2021-03-18,GEJ220
US001,2021-03-11,JYK093
US001,2021-03-30,MOG893
US001,2021-03-11,BHX954
US001,2021-03-24,EWJ400
US001,2021-03-18,JHV612
US001,2021-03-17,LCD388
US001,2021-03-16,HKK502
US001,2021-03-20,TKI992
US001,2021-03-05,ONF683
US001,2021-03-18,IMF756
US001,2021-03-27,DLE760
US001,2021-03-18,OQN067
US001,2021-03-23,XGQ961
US001,2021-03-17,HAP535
US001,2021-03-06,OQY341
US001,2021-03-24,MIN185
US001,2021-03-06,RVG609
US001,2021-03-18,RDA709
US001,2021-03-04,HQF567
US001,2021-03-11,GBA741
US001,2021-03-17,WOU763
US001,2021-03-06,NSZ867
US001,2021-03-21,YJC304
US001,2021-03-07,TAT160
US001,2021-03-24,DJB176
US001,2021-03-19,RXD404
US001,2021-03-08,TRV775
US001,2021-03-20,UVW046
US001,2021-03-28,UJY920
US001,2021-03-01,CZB245
US001,2021-03-29,DIJ876
US001,2021-03-05,ZIX123
US001,2021-03-16,GEK441
US001,2021-03-20,WZC418
US001,2021-03-04,JCH140
US001,2021-03-04,EGJ593
US001,2021-03-06,OUN200
US001,2021-03-22,WVC481
US001,2021-03-24,RNQ240
US001,2021-03-30,IWX558
US001,2021-03-03,RCF925
US001,2021-03-26,GCU820
US001,2021-03-20,ZWG173
US001,2021-03-26,YFU210
US001,2021-03-23,FPF776
US001,2021-03-19,UXS997
US001,2021-03-01,MSF765
US001,2021-03-07,HRM521
US001,2021-03-05,DOJ283
US001,2021-03-25,RYL111
US001,2021-03-08,OSN507
US001,2021-03-09,ZWK156
US001,2021-03-15,ERL976
US001,2021-03-28,YGE913
US001,2021-03-26,WBX573
US001,2021-03-20,ECV152
US001,2021-03-13,DNQ237
US001,2021-03-19,FPN428
US001,2021-03-01,YZF859
US001,2021-03-06,VUS154
US001,2021-03-18,HMC538
US001,2021-03-13,REW610
US001,2021-03-07,ZTU954
US001,2021-03-07,OUJ419
US001,2021-03-10,RDJ017
US001,2021-03-03,QBQ138
US001,2021-03-30,RZO193
US001,2021-03-04,KKS403
US001,2021-03-10,XIK431
US001,2021-03-25,EOG349
US001,2021-03-13,RBT366
US001,2021-03-17,GWL383
US001,2021-03-22,VIO485
US001,2021-03-01,QPJ086
US001,2021-03-30,KNU952
US001,2021-03-02,GEJ811
US001,2021-03-28,OYD559
US001,2021-03-19,ZIM016
US001,2021-03-01,EVD988
US001,2021-03-22,HHS294
US001,2021-03-22,WWH228
US001,2021-03-05,JUY742
US001,2021-03-08,DNF547
US001,2021-03-04,JWU329
US001,2021-03-21,KDN465
US001,2021-03-11,HTK299
US001,2021-03-14,RHJ635
US001,2021-03-11,CIG169
US001,2021-03-29,PFV472
US001,2021-03-23,LEK481
US001,2021-03-18,DIK641
US001,2021-03-28,FWO558
US001,2021-03-22,SHB691
US001,2021-03-16,IPA851
US001,2021-03-14,TER119
US001,2021-03-02,FPP204
US001,2021-03-10,WUW540
US001,2021-03-30,ORO336
US001,2021-03-05,LAX292
US001,2021-03-15,GYV436
US001,2021-03-16,RRC142
US001,2021-03-08,SVJ353
US001,2021-03-17,XAE096
US001,2021-03-26,NLE255
US001,2021-03-04,ECR043
US001,2021-03-14,NTZ495
US001,2021-03-21,APY325
US001,2021-03-23,DQC873
US001,2021-03-23,LVI329
US001,2021-03-01,CNK608
US001,2021-03-16,MYC451
US001,2021-03-04,DIP574
US001,2021-03-19,IBN816
US001,2021-03-03,WNO078
US001,2021-03-30,EQX021
US001,2021-03-24,CIT440
US001,2021-03-20,UQD956
US001,2021-03-14,XJY163
US001,2021-03-23,GQG968
US001,2021-03-05,SLZ383
US001,2021-03-29,QWE043
US001,2021-03-10,SKW284
US001,2021-03-24,VHX005
US001,2021-03-24,GHW505
US001,2021-03-15,JPM216
US001,2021-03-19,BAV649
US001,2021-03-21,MKA736
US001,2021-03-23,VVW603
US001,2021-03-03,OOZ774
US001,2021-03-03,YQJ752
US001,2021-03-30,XHY892
US001,2021-03-06,GVL437
US001,2021-03-01,NBI860
US001,2021-03-29,TIH911
US001,2021-03-21,YAP937
US001,2021-03-14,WZW665
US001,2021-03-25,TLR284
US001,2021-03-06,THZ305
US001,2021-03-12,SAP845
US001,2021-03-30,SAI587
US001,2021-03-10,YRM891
US001,2021-03-22,MEY694
US001,2021-03-06,JXQ932
US001,2021-03-22,NSJ315
US001,2021-03-04,VMH170
US001,2021-03-06,THV167
US001,2021-03-04,NNN572
US001,2021-03-04,JRN261
US001,2021-03-06,MIL263
US001,2021-03-25,VSL459
US001,2021-03-27,UMG233
US001,2021-03-08,DXC728
US001,2021-03-18,QJZ891
US001,2021-03-03,TGI847
US001,2021-03-28,EOD180
US001,2021-03-12,RCZ909
US001,2021-03-14,JJY063
US001,2021-03-15,HTI379
US001,2021-03-20,XJD494
US001,2021-03-06,PRA758
US001,2021-03-16,JXJ238
US001,2021-03-29,OAB330
US001,2021-03-18,MXB188
US001,2021-03-04,PQC497
US001,2021-03-08,IOS684
US001,2021-03-17,LGK502
US001,2021-03-09,GDW988
US001,2021-03-28,QZE797
US001,2021-03-30,GMK761
US001,2021-03-04,VWX325
US001,2021-03-23,XPT130
US001,2021-03-09,JZW346
US001,2021-03-25,DHY091
US001,2021-03-21,ZLF639
US001,2021-03-26,UAY046
US001,2021-03-04,AQY857
US001,2021-03-10,ICG487
US001,2021-03-28,CSP208
US001,2021-03-06,ZER000
US001,2021-03-24,GIR824
US001,2021-03-01,QSZ290
US001,2021-03-18,OIE287
US001,2021-03-08,SLH031
US001,2021-03-25,PXZ082
US001,2021-03-04,RUJ037
US001,2021-03-05,DGW742
US001,2021-03-30,UEU642
US001,2021-03-28,XNW767
US001,2021-03-28,WJN215
US001,2021-03-18,KAO827
US001,2021-03-11,EKF595
US001,2021-03-13,XBH050
US001,2021-03-23,IOH230
US001,2021-03-27,XHU651
US001,2021-03-28,CIL822
US001,2021-03-15,IFD912
US001,2021-03-26,EHK258
US001,2021-03-02,TQH906
US001,2021-03-03,SDC005
US001,2021-03-23,ZHG854
US001,2021-03-03,UDL615
US001,2021-03-02,ZHL762
US001,2021-03-17,YJA693
US001,2021-03-19,XCB728
US001,2021-03-06,QPJ851
US001,2021-03-07,VEY534
US001,2021-03-14,BLO179
US001,2021-03-04,MDI114
US001,2021-03-14,YCX213
US001,2021-03-30,QCY107
US001,2021-03-23,GQP457
US001,2021-03-20,NGO482
US001,2021-03-21,KYQ688
US001,2021-03-11,ELS258
US001,2021-03-12,PRY003
US001,2021-03-02,AXV291
US001,2021-03-08,FJL905
US001,2021-03-25,QJM019
US001,2021-03-13,MYW912
US001,2021-03-03,OPA401
US001,2021-03-21,HLF016
US001,2021-03-19,RRN195
US001,2021-03-07,WOF603
US001,2021-03-24,SOK010
US001,2021-03-24,NSV990
US001,2021-03-21,PYY737
US001,2021-03-08,FRO535
US001,2021-03-01,XET324
US001,2021-03-21,GEE290
US001,2021-03-03,BDN846
US001,2021-03-02,VWL262
US001,2021-03-21,RXC591
US001,2021-03-25,HZJ404
US001,2021-03-26,FPJ699
US001,2021-03-20,JRU984
US001,2021-03-21,ONJ882
US001,2021-03-15,QJR562
US001,2021-03-07,DJQ136
US001,2021-03-23,KKF066
US001,2021-03-04,CHH643
US001,2021-03-14,LHJ595
US001,2021-03-26,RMX247
US001,2021-03-01,JPW524
US001,2021-03-08,YOL171
US001,2021-03-04,SGS700
US001,2021-03-04,LMR528
US001,2021-03-22,SAQ888
US001,2021-03-13,BCV208
US001,2021-03-13,JVT970
US001,2021-03-01,LEU420
US001,2021-03-10,RJU185
US001,2021-03-19,CCJ989
US001,2021-03-19,VHS185
US001,2021-03-18,ZWZ419
US001,2021-03-12,LJX068
US001,2021-03-07,GAN666
US001,2021-03-23,DIP585
US001,2021-03-20,MXK318
US001,2021-03-29,CXU553
US001,2021-03-16,YAW537
US001,2021-03-03,ACY876
US001,2021-03-23,XNK473
US001,2021-03-20,VTJ103
US001,2021-03-26,ZRV603
US001,2021-03-13,HYV875
US001,2021-03-26,XDM006
US001,2021-03-17,ONZ113
US001,2021-03-22,WRV082
US001,2021-03-29,FLA208
US001,2021-03-04,VVF639
US001,2021-03-26,MLY134
US001,2021-03-19,DWJ593
US001,2021-03-10,ULR547
US001,2021-03-22,CBH463
US001,2021-03-13,GLI575
US001,2021-03-07,LYD517
US001,2021-03-04,XSR730
US001,2021-03-12,KVQ771
US001,2021-03-17,CSF816
US001,2021-03-17,JFS170
US001,2021-03-21,UDY955
US001,2021-03-09,VVE118
US001,2021-03-21,RDQ688
US001,2021-03-03,HAK422
US001,2021-03-10,AWB191
US001,2021-03-10,DAH213
US001,2021-03-10,YGN153
US001,2021-03-14,FZQ957
US001,2021-03-23,KLR242
US001,2021-03-25,SOP260
US001,2021-03-05,GUZ245
US001,2021-03-08,BXP255
US001,2021-03-28,HNZ687
US001,2021-03-14,BBN475
US001,2021-03-29,EGJ359
US001,2021-03-29,RDG234
US001,2021-03-22,NLT466
US001,2021-03-17,RKY256
US001,2021-03-09,EQL602
US001,2021-03-20,CXH411
US001,2021-03-30,KXF853
US001,2021-03-01,BWK775
US001,2021-03-04,UNL235
US001,2021-03-24,BHN005
US001,2021-03-07,STF211
US001,2021-03-27,BSP037
US001,2021-03-13,JXW735
US001,2021-03-12,SYK610
US001,2021-03-22,DMV973
US001,2021-03-20,VPR913
US001,2021-03-16,GLE828
US001,2021-03-04,UYZ611
US001,2021-03-30,OFI971
US001,2021-03-30,WSD349
US001,2021-03-19,JWK661
US001,2021-03-14,DYR403
US001,2021-03-26,JSS376
US001,2021-03-15,NIR812
US001,2021-03-27,SGP805
US001,2021-03-08,XUW518
US001,2021-03-29,XFQ192
US001,2021-03-28,OLC709
US001,2021-03-11,PJD328
US001,2021-03-29,CJU901
US001,2021-03-14,UMP080
US001,2021-03-30,EMU368
US001,2021-03-17,ANE954
US001,2021-03-02,NFC750
US001,2021-03-10,AYF436
US001,2021-03-29,YGZ376
US001,2021-03-23,EKJ732
US001,2021-03-16,ZHV097
US001,2021-03-20,ZPK329
US001,2021-03-19,APH277
US001,2021-03-28,PWX574
US001,2021-03-11,WWN475
US001,2021-03-01,LOP797
US001,2021-03-15,WOJ881
US001,2021-03-17,BYL978
US001,2021-03-05,VEA792
US001,2021-03-15,TVV767
US001,2021-03-01,RRL855
US001,2021-03-06,SSV440
US001,2021-03-21,KNW044
US001,2021-03-26,VFZ242
US001,2021-03-13,JRO225
US001,2021-03-26,TFX545
US001,2021-03-04,PVS695
US001,2021-03-07,UNH986
US001,2021-03-10,CXS815
US001,2021-03-24,XLE847
US001,2021-03-26,ZXQ617
US001,2021-03-07,HWP980
US001,2021-03-03,GKG959
US001,2021-03-16,SQX397
US001,2021-03-22,GOY892
US001,2021-03-28,ICS637
US001,2021-03-05,VOK885
US001,2021-03-04,XWI565
US001,2021-03-29,UBK006
US001,2021-03-01,BEN311
US001,2021-03-04,FLE386
US001,2021-03-20,IQZ955
US001,2021-03-10,TOB257
US001,2021-03-20,JYR740
US001,2021-03-16,TUD247
US001,2021-03-02,JTK042
US001,2021-03-14,JKX112
US001,2021-03-27,VQH287
US001,2021-03-07,FVM818
US001,2021-03-25,FLX035
US001,2021-03-17,HVM166
US001,2021-03-20,LWI170
US001,2021-03-05,JLM509
US001,2021-03-08,SKQ187
US001,2021-03-18,BNQ199
US001,2021-03-30,QYJ824
US001,2021-03-01,FCG808
US001,2021-03-08,NTR928
US001,2021-03-29,EYD035
US001,2021-03-14,VFN845
US001,2021-03-18,ZBR946
US001,2021-03-30,EIX687
US001,2021-03-30,VET459
US001,2021-03-21,CDP861
US001,2021-03-18,VSG389
US001,2021-03-17,RME231
US001,2021-03-20,LLR075
US001,2021-03-15,MDA151
US001,2021-03-21,TIX580
US001,2021-03-15,TAG084
US001,2021-03-14,ABK009
US001,2021-03-11,YSP498
US001,2021-03-28,NUP535
US001,2021-03-16,LEM329
US001,2021-03-02,RZB590
US001,2021-03-05,ACL494
US001,2021-03-23,HAD609
US001,2021-03-28,RAH995
US001,2021-03-06,PCF503
US001,2021-03-25,JVF121
US001,2021-03-06,RMB559
US001,2021-03-07,EGU075
US001,2021-03-02,QTA969
US001,2021-03-08,ZZN697
US001,2021-03-14,BGB271
US001,2021-03-02,JLO382
US001,2021-03-01,INP732
US001,2021-03-27,YOL182
US001,2021-03-11,AJT389
US001,2021-03-03,OMK280
US001,2021-03-10,XHG374
US001,2021-03-27,HIY598
US001,2021-03-21,WIY142
US001,2021-03-26,ZTZ207
US001,2021-03-20,PJT657
US001,2021-03-02,UDC780
US001,2021-03-04,WOD917
US001,2021-03-30,RZJ480
US001,2021-03-26,LPK498
US001,2021-03-09,JVO684
US001,2021-03-03,MKH526
US001,2021-03-17,VTD577
US001,2021-03-04,LHM190
US001,2021-03-21,EVK407
US001,2021-03-28,GNB526
US001,2021-03-16,FWR975
US001,2021-03-05,ARQ002
US001,2021-03-09,VSD470
US001,2021-03-24,QKW927
US001,2021-03-14,AWK692
US001,2021-03-18,RLI659
US001,2021-03-16,DOZ536
US001,2021-03-23,FIE031
US001,2021-03-14,XRT657
US001,2021-03-15,XCD525
US001,2021-03-29,LQS623
US001,2021-03-22,MNA958
US001,2021-03-21,WVN004
US001,2021-03-01,BXN258
US001,2021-03-29,DDU654
US001,2021-03-23,GJJ491
US001,2021-03-29,DPA839
US001,2021-03-15,QQL832
US001,2021-03-17,HSD604
US001,2021-03-02,ETS091
US001,2021-03-06,FLR305
US001,2021-03-29,HHS472
US001,2021-03-24,HPK533
US001,2021-03-25,MKX174
US001,2021-03-29,EPH075
US001,2021-03-05,ABE476
US001,2021-03-23,HGJ830
US001,2021-03-04,IDZ682
US001,2021-03-09,LJA127
US001,2021-03-20,YCQ964
US001,2021-03-15,NJA266
US001,2021-03-16,TLC100
US001,2021-03-06,VTB407
US001,2021-03-25,ODS530
US001,2021-03-03,TES049
US001,2021-03-24,WQD527
US001,2021-03-15,WUZ060
US001,2021-03-12,XTQ060
US001,2021-03-23,SSR195
US001,2021-03-03,FWP286
US001,2021-03-23,ZJL116
US001,2021-03-25,LWO925
US001,2021-03-28,ATV788
US001,2021-03-09,QUJ709
US001,2021-03-30,XBK112
US001,2021-03-23,CJL475
US001,2021-03-24,WIF109
US001,2021-03-08,OSN455
US001,2021-03-08,FDJ858
US001,2021-03-03,GGY799
US001,2021-03-25,DMJ676
US001,2021-03-18,EJQ814
US001,2021-03-24,YHL341
US001,2021-03-28,BRA440
US001,2021-03-04,KYD001
US001,2021-03-11,VNH921
US001,2021-03-01,SZV525
US001,2021-03-03,WKI420
US001,2021-03-30,QCA997
US001,2021-03-19,PVK401
US001,2021-03-06,LEN930
US001,2021-03-27,YHO109
US001,2021-03-28,UPV351
US001,2021-03-17,CNX613
US001,2021-03-03,KKK612
US001,2021-03-14,GTY219
US001,2021-03-16,XCZ105
US001,2021-03-17,UQK135
US001,2021-03-04,SXO536
US001,2021-03-03,LFW025
US001,2021-03-20,TLU843
US001,2021-03-03,ESP152
US001,2021-03-04,CKG763
US001,2021-03-28,LKU934
US001,2021-03-06,WKJ757
US001,2021-03-20,PLL625
US001,2021-03-15,CZZ229
US001,2021-03-09,BRF212
US001,2021-03-18,GAO715
US001,2021-03-07,MII087
US001,2021-03-30,DDG342
US001,2021-03-03,MIZ191
US001,2021-03-20,TWI877
US001,2021-03-25,LKQ732
US001,2021-03-02,IEC693
US001,2021-03-09,GSX759
US001,2021-03-02,HTM299
US001,2021-03-05,DTS395
US001,2021-03-27,GMR129
US001,2021-03-27,WCM178
US001,2021-03-11,KFE956
US001,2021-03-28,UGD176
US001,2021-03-06,ZNL908
US001,2021-03-11,WTM769
US001,2021-03-19,DUX937
US001,2021-03-11,PGP559
US001,2021-03-12,DWR531
US001,2021-03-21,SHE792
US001,2021-03-17,UDL113
US001,2021-03-19,UUM817
US001,2021-03-15,LGS093
US001,2021-03-28,JWC629
US001,2021-03-18,HUM711
US001,2021-03-18,SEP322
US001,2021-03-09,LZK166
US001,2021-03-30,GRX845
US001,2021-03-17,QBH277
US001,2021-03-17,YEY769
US001,2021-03-01,IQW340
US001,2021-03-07,XFK046
US001,2021-03-24,UUB796
US001,2021-03-14,XCH553
US001,2021-03-23,BGN454
US001,2021-03-15,EJN295
US001,2021-03-13,JJR594
US001,2021-03-15,FTC390
US001,2021-03-22,XGS498
US001,2021-03-11,XPR299
US001,2021-03-20,OKF755
US001,2021-03-21,WTQ739
US001,2021-03-12,PTW008
US001,2021-03-30,PPJ815
US001,2021-03-11,JTD346
US001,2021-03-05,LUQ978
US001,2021-03-09,TSD207
US001,2021-03-15,OUD793
US001,2021-03-01,LLR591
US001,2021-03-11,FAH195
US001,2021-03-23,GVT565
US001,2021-03-06,ELT197
US001,2021-03-12,DUD598
US001,2021-03-21,IYE138
US001,2021-03-17,QAX275
US001,2021-03-24,TBV827
US001,2021-03-22,KMX175
US001,2021-03-09,GIL352
US001,2021-03-27,QJW587
US001,2021-03-03,RQK670
US001,2021-03-18,YPO509
US001,2021-03-21,KAE509
US001,2021-03-08,WOY650
US001,2021-03-15,KWK313
US001,2021-03-20,LIU565
US001,2021-03-30,XTB907
US001,2021-03-07,CUP541
US001,2021-03-17,DRQ770
US001,2021-03-12,LJI113
US001,2021-03-22,GJJ101
US001,2021-03-16,WMK494
US001,2021-03-22,ELH459
US001,2021-03-09,NBJ861
US001,2021-03-25,WIA721
US001,2021-03-25,VEV189
US001,2021-03-21,SEY515
US001,2021-03-08,DJI923
US001,2021-03-22,WWO981
US001,2021-03-23,WHT838
US001,2021-03-01,ZNL690
US001,2021-03-09,TWB387
US001,2021-03-24,LKG450
US001,2021-03-29,XIA572
US001,2021-03-20,IVW979
US001,2021-03-01,AWO958
US001,2021-03-17,PIV748
US001,2021-03-10,RJI166
US001,2021-03-21,DWJ131
US001,2021-03-14,LYY041
US001,2021-03-12,HVZ772
US001,2021-03-06,XOJ435
US001,2021-03-08,COM111
US001,2021-03-12,PUU278
US001,2021-03-30,QUM979
US001,2021-03-07,HSH798
US001,2021-03-19,QSO639
US001,2021-03-12,OZU597
US001,2021-03-13,ROV012
US001,2021-03-19,JBI067
US001,2021-03-09,OPD241
US001,2021-03-16,QBI611
US001,2021-03-03,TRI355
US001,2021-03-03,OWU198
US001,2021-03-26,IBM911
US001,2021-03-09,TOV271
US001,2021-03-21,OHV737
US001,2021-03-25,JKG472
US001,2021-03-21,FNV398
US001,2021-03-05,QFB294
US001,2021-03-04,JKM036
US001,2021-03-16,OKB456
US001,2021-03-25,SYW011
US001,2021-03-04,TGF940
US001,2021-03-03,CIE553
US001,2021-03-03,FAH230
US001,2021-03-17,RVQ665
US001,2021-03-07,BTF952
US001,2021-03-15,GKZ812
US001,2021-03-15,ILH563
US001,2021-03-08,AGY312
US001,2021-03-03,FDI672
US001,2021-03-05,SAO436
US001,2021-03-06,AHK708
US001,2021-03-11,RWE375
US001,2021-03-17,TFV962
US001,2021-03-06,EZF473
US001,2021-03-30,CDA521
US001,2021-03-26,NFP880
US001,2021-03-11,LZU404
US001,2021-03-13,KNY356
US001,2021-03-23,VSP364
US001,2021-03-17,RIQ803
US001,2021-03-23,CUV866
US001,2021-03-08,NWS003
US001,2021-03-10,INF441
US001,2021-03-27,OTM609
US001,2021-03-18,RFJ006
US001,2021-03-05,CVQ213
US001,2021-03-11,LMP284
US001,2021-03-10,VOW140
US001,2021-03-15,SFK393
US001,2021-03-07,TWX973
US001,2021-03-06,DHK866
US001,2021-03-24,AXB184
US001,2021-03-26,LCZ590
US001,2021-03-28,FAE553
US001,2021-03-16,DED409
US001,2021-03-15,FYM212
US001,2021-03-15,JME026
US001,2021-03-11,DZK363
US001,2021-03-18,LQI711
US001,2021-03-30,OPO379
US001,2021-03-27,TUL028
US001,2021-03-04,XIJ608
US001,2021-03-05,VNV890
US001,2021-03-25,UGI593
US001,2021-03-30,EGP953
US001,2021-03-11,NKS694
US001,2021-03-11,EHK942
US001,2021-03-30,QDY065
US001,2021-03-20,YSQ649
US001,2021-03-09,UMB995
US001,2021-03-23,UQU328
US001,2021-03-28,BJQ441
US001,2021-03-24,KEL245
US001,2021-03-28,YCV459
US001,2021-03-11,XIA237
US001,2021-03-11,ACA937
US001,2021-03-18,VXR140
US001,2021-03-07,BCL565
US001,2021-03-22,ADO438
US001,2021-03-21,WPB113
US001,2021-03-25,LGE001
US001,2021-03-03,FNC361
US001,2021-03-22,DRH922
US001,2021-03-19,ZDO352
US001,2021-03-21,PYD118
US001,2021-03-10,KVD999
US001,2021-03-16,TKK768
US001,2021-03-22,CCA485
US001,2021-03-15,ELW827
US001,2021-03-04,BVO614
US001,2021-03-14,TIY692
US001,2021-03-23,FNG130
US001,2021-03-21,UMI661
US001,2021-03-09,EIP167
US001,2021-03-23,KFJ208
US001,2021-03-19,AXF841
US001,2021-03-11,ZWK335
US001,2021-03-24,TPA709
US001,2021-03-03,JSR992
US001,2021-03-06,EHU134
US001,2021-03-30,ZRG482
US001,2021-03-11,KLT777
US001,2021-03-11,HYL350
US001,2021-03-23,FRF453
US001,2021-03-05,YKZ313
US001,2021-03-23,PLU502
US001,2021-03-02,JZS373
US001,2021-03-29,YLA350
US001,2021-03-17,MHC752
US001,2021-03-01,BSJ995
US001,2021-03-06,KTL200
US001,2021-03-13,GQS364
US001,2021-03-28,BWN713
US001,2021-03-12,HZU123
US001,2021-03-14,GVU194
US001,2021-03-29,UKB795
US001,2021-03-27,OGV454
US001,2021-03-16,HQX737
US001,2021-03-30,BLZ145
US001,2021-03-11,LIF260
US001,2021-03-14,DHV129
US001,2021-03-06,VAM159
US001,2021-03-03,EJQ502
US001,2021-03-15,QJZ489
US001,2021-03-26,PTZ094
US001,2021-03-11,AUA162
US001,2021-03-02,XCM838
US001,2021-03-01,LCP702
US001,2021-03-27,ZRM035
US001,2021-03-21,ZHG300
US001,2021-03-01,ORL769
US001,2021-03-29,NBJ277
US001,2021-03-03,BLS179
US001,2021-03-14,WZI522
US001,2021-03-05,STF148
US001,2021-03-15,LLW428
US001,2021-03-29,TTM162
US001,2021-03-09,VUS342
US001,2021-03-29,ZWS876
US001,2021-03-24,EZE635
US001,2021-03-27,ZEM774
US001,2021-03-06,TSP886
US001,2021-03-08,ERG119
US001,2021-03-12,SXM736
US001,2021-03-27,YGC266
US001,2021-03-11,TTO220
US001,2021-03-24,KOF854
US001,2021-03-26,AXL608
US001,2021-03-24,VAK616
US001,2021-03-26,NQW408
US001,2021-03-26,ULW951
US001,2021-03-27,DKC430
US001,2021-03-07,XYL890
US001,2021-03-05,AYF524
US001,2021-03-18,XEH652
US001,2021-03-08,IPM189
US001,2021-03-09,HDD643
US001,2021-03-25,GOA883
US001,2021-03-11,JIM020
US001,2021-03-28,LTE813
US001,2021-03-20,THF241
US001,2021-03-17,JED310
US001,2021-03-14,ZVR141
US001,2021-03-17,RMO898
US001,2021-03-23,YPI975
US001,2021-03-10,JDE871
US001,2021-03-01,URP418
US001,2021-03-24,YHZ388
US001,2021-03-26,SDB885
US001,2021-03-18,ISS598
US001,2021-03-30,MGH043
US001,2021-03-11,ZGJ203
US001,2021-03-23,SLC356
US001,2021-03-16,FTV193
US001,2021-03-12,XGL558
US001,2021-03-17,IWT462
US001,2021-03-23,YDM332
US001,2021-03-03,LGI973
US001,2021-03-07,OHI378
US001,2021-03-15,KZR505
US001,2021-03-25,FDS191
US001,2021-03-28,LDQ953
US001,2021-03-26,LYW282
US001,2021-03-17,OUT504
US001,2021-03-19,OTQ623
US001,2021-03-06,SPH407
US001,2021-03-25,TPM416
US001,2021-03-01,KQF393
US001,2021-03-23,FSX297
US001,2021-03-12,PBL550
US001,2021-03-25,NVF724
US001,2021-03-07,DJY680
US001,2021-03-29,IYW452
US001,2021-03-15,OFC624
US001,2021-03-25,QAB268
US001,2021-03-17,WEJ791
US001,2021-03-30,GOR831
US001,2021-03-04,UEI896
US001,2021-03-23,DXW929
US001,2021-03-20,AKP163
US001,2021-03-03,LWC433
US001,2021-03-27,NHN789
US001,2021-03-07,HKU771
US001,2021-03-18,OXN619
US001,2021-03-30,XRQ263
US001,2021-03-03,MZW409
US001,2021-03-03,DVC925
US001,2021-03-17,RCX517
US001,2021-03-28,LOL035
US001,2021-03-26,IXJ746
US001,2021-03-23,OBJ248
US001,2021-03-15,GZW899
US001,2021-03-05,JEL393
US001,2021-03-19,BAA761
US001,2021-03-29,UOH847
US001,2021-03-13,WAK421
US001,2021-03-23,ITL929
US001,2021-03-11,PTL970
US001,2021-03-07,HMR760
US001,2021-03-14,HCM624
US001,2021-03-11,QBQ811
US001,2021-03-05,TFG823
US001,2021-03-22,ABZ467
US001,2021-03-06,QSJ968
US001,2021-03-20,JVK776
US001,2021-03-18,YHS899
US001,2021-03-19,COW206
US001,2021-03-03,YRM254
US001,2021-03-28,AGI246
US001,2021-03-27,IYM453
US001,2021-03-11,ADC172
US001,2021-03-08,PRW597
US001,2021-03-28,FVG096
US001,2021-03-07,NNG468
US001,2021-03-18,MKB040
US001,2021-03-28,FPW875
US001,2021-03-21,GPB478
US001,2021-03-14,KWP581
US001,2021-03-28,WTQ460
US001,2021-03-08,SMW536
US001,2021-03-20,NQV335
US001,2021-03-17,SQC578
US001,2021-03-26,PFJ444
US001,2021-03-13,MPE678
US001,2021-03-23,RSS879
US001,2021-03-22,BAR725
US001,2021-03-29,VRQ541
US001,2021-03-03,QFK300
US001,2021-03-23,UFJ329
US001,2021-03-10,BFB619
US001,2021-03-17,KWE080
US001,2021-03-03,ANY699
US001,2021-03-01,CMO453
US001,2021-03-04,IUT981
US001,2021-03-15,ZMO417
US001,2021-03-10,DYR415
US001,2021-03-08,HMA060
US001,2021-03-18,YVF073
US001,2021-03-15,FWJ982
US001,2021-03-26,DVM604
US001,2021-03-21,UYE907
US001,2021-03-12,UFK320
US001,2021-03-19,RQG258
US001,2021-03-29,BUY973
US001,2021-03-29,JKL876
US001,2021-03-16,FLU196
US001,2021-03-08,YJX726
US001,2021-03-11,KQA514
US001,2021-03-11,IEY846
US001,2021-03-11,OAW365
US001,2021-03-02,EQD551
US001,2021-03-06,IGN385
US001,2021-03-30,ZTA624
US001,2021-03-26,SBI836
US001,2021-03-23,RET625
US001,2021-03-19,IWX486
US001,2021-03-18,LHK519
US001,2021-03-16,MTE775
US001,2021-03-29,RHK743
US001,2021-03-25,VNH609
US001,2021-03-13,CAK327
US001,2021-03-06,STF605
US001,2021-03-14,VOZ524
US001,2021-03-30,VMX140
US001,2021-03-29,UVI164
US001,2021-03-03,SQP579
US001,2021-03-24,GXD677
US001,2021-03-07,TBS103
US001,2021-03-14,XEZ618
US001,2021-03-04,UTW451
US001,2021-03-03,DYB547
US001,2021-03-09,NOL778
US001,2021-03-07,MJB795
US001,2021-03-29,ZLJ429
US001,2021-03-03,AIK748
US001,2021-03-26,DRE015
US001,2021-03-14,YSL001
US001,2021-03-20,UOM762
US001,2021-03-26,CRB603
US001,2021-03-16,WJE984
US001,2021-03-21,JCH336
US001,2021-03-18,NZA403
US001,2021-03-13,VEA231
US001,2021-03-30,FAY882
US001,2021-03-27,TYC740
US001,2021-03-14,TSF853
US001,2021-03-16,IOJ405
US001,2021-03-24,EER173
US001,2021-03-07,OSK408
US001,2021-03-03,QIF852
US001,2021-03-19,JFP165
US001,2021-03-21,GCB208
US001,2021-03-07,HAR622
US001,2021-03-07,QQL881
US001,2021-03-18,IJG613
US001,2021-03-24,CJQ548
US001,2021-03-18,DNO226
US001,2021-03-10,XLO342
US001,2021-03-11,HRE519
US001,2021-03-01,BQK984
US001,2021-03-29,UIM420
US001,2021-03-15,FYM363
US001,2021-03-09,JSI508
US001,2021-03-08,GYF199
US001,2021-03-24,DUF596
US001,2021-03-17,HZV371
US001,2021-03-01,IPT952
US001,2021-03-14,VCI952
US001,2021-03-14,WSK125
US001,2021-03-20,KMN574
US001,2021-03-08,FDY056
US001,2021-03-01,DAA503
US001,2021-03-12,QVL746
US001,2021-03-06,WCF856
US001,2021-03-20,QBI609
US001,2021-03-25,RLB935
US001,2021-03-24,FZM167
US001,2021-03-03,NAP418
US001,2021-03-16,EUL349
US001,2021-03-26,XRD305
US001,2021-03-14,PDZ065
US001,2021-03-19,DTL984
US001,2021-03-10,HSB578
US001,2021-03-01,JCO559
US001,2021-03-20,YVF736
US001,2021-03-18,CSC846
US001,2021-03-24,BBI754
US001,2021-03-27,QAE607
US001,2021-03-08,WHH556
US001,2021-03-05,LVP430
US001,2021-03-05,SNE404
US001,2021-03-06,AWJ663
US001,2021-03-23,WBM809
US001,2021-03-11,YCE198
US001,2021-03-09,XJA913
US001,2021-03-05,CVM966
US001,2021-03-25,RDH841
US001,2021-03-16,MAD486
US001,2021-03-18,YHX105
US001,2021-03-04,NCH609
US001,2021-03-03,DPK070
US001,2021-03-25,NSO329
US001,2021-03-11,SCK338
US001,2021-03-23,HVB933
US001,2021-03-30,TBT620
US001,2021-03-11,FXL054
US001,2021-03-27,HPP139
US001,2021-03-19,NRU637
US001,2021-03-21,TLT379
US001,2021-03-21,OXQ085
US001,2021-03-21,HKP552
US001,2021-03-21,FBE152
US001,2021-03-26,PZO049
US001,2021-03-08,PHA240
US001,2021-03-28,PXG193
US001,2021-03-23,XGF803
US001,2021-03-16,ZZD620
US001,2021-03-18,LCT413
US001,2021-03-29,IJK288
US001,2021-03-19,ZNH758
US001,2021-03-10,DYV909
US001,2021-03-15,QML543
US001,2021-03-15,YUH411
US001,2021-03-24,ZIJ141
US001,2021-03-27,WLD726
US001,2021-03-01,HLM478
US001,2021-03-23,AFI584
US001,2021-03-22,EQF357
US001,2021-03-07,DIC335
US001,2021-03-22,XLD728
US001,2021-03-29,OEF969
US001,2021-03-04,MEF402
US001,2021-03-10,XQA755
US001,2021-03-24,WCB892
US001,2021-03-10,QLY355
US001,2021-03-03,MZZ850
US001,2021-03-12,ZGV562
US001,2021-03-29,ZCA250
US001,2021-03-03,WDO809
US001,2021-03-26,HQU893
US001,2021-03-02,AGE347
US001,2021-03-29,TFJ153
US001,2021-03-06,NOI909
US001,2021-03-24,XJB722
US001,2021-03-25,SUL320
US001,2021-03-09,TGN542
US001,2021-03-11,ICR878
US001,2021-03-20,OVK665
US001,2021-03-16,EUZ612
US001,2021-03-16,MAI280
US001,2021-03-26,WQH151
US001,2021-03-29,VYF954
US001,2021-03-25,ZDU514
US001,2021-03-20,RMG341
US001,2021-03-30,WPD772
US001,2021-03-14,MWZ631
US001,2021-03-10,IEU938
US001,2021-03-23,TXX099
US001,2021-03-15,HLB463
US001,2021-03-25,CIQ203
US001,2021-03-30,ZEE141
US001,2021-03-21,HMH805
US001,2021-03-14,UZH497
US001,2021-03-12,NDS987
US001,2021-03-01,SWD721
US001,2021-03-22,FHJ084
US001,2021-03-21,TEL477
US001,2021-03-19,MEX939
US001,2021-03-29,LPR973
US001,2021-03-04,BJP340
US001,2021-03-12,FXB152
US001,2021-03-09,TOE731
US001,2021-03-07,UXU142
US001,2021-03-05,RYL726
US001,2021-03-10,ZQH065
US001,2021-03-17,LKU211
US001,2021-03-03,XMN268
US001,2021-03-04,IVA700
US001,2021-03-26,OCW826
US001,2021-03-25,SPN343
US001,2021-03-26,WAS319
US001,2021-03-19,MRO859
US001,2021-03-20,AHA684
US001,2021-03-05,IBX696
US001,2021-03-17,SRJ270
US001,2021-03-23,ZVK434
US001,2021-03-05,TJH969
US001,2021-03-26,RJI574
US001,2021-03-21,JJO102
US001,2021-03-02,JML177
US001,2021-03-09,JTB688
US001,2021-03-24,UBW521
US001,2021-03-08,WOS888
US001,2021-03-16,RCU466
US001,2021-03-10,OZI990
US001,2021-03-29,NPX724
US001,2021-03-25,IJN277
US001,2021-03-30,MOD593
US001,2021-03-30,PWH972
US001,2021-03-20,LOA013
US001,2021-03-30,WYQ635
US001,2021-03-26,DXL594
US001,2021-03-20,TOU765
US001,2021-03-06,TDJ500
US001,2021-03-07,YMR562
US001,2021-03-24,HUB717
US001,2021-03-04,VPV584
US001,2021-03-23,LWS627
US001,2021-03-14,ESD045
US001,2021-03-24,AGG058
US001,2021-03-24,XBU803
US001,2021-03-15,UZY436
US001,2021-03-15,NEC300
US001,2021-03-08,DJT056
US001,2021-03-20,PBA663
US001,2021-03-13,MRG885
US001,2021-03-29,ADA167
US001,2021-03-06,JHS211
US001,2021-03-19,TLY112
US001,2021-03-22,VZF978
US001,2021-03-19,LDE144
US001,2021-03-22,CBE514
US001,2021-03-05,FVS139
US001,2021-03-20,HKO138
US001,2021-03-26,QNB363
US001,2021-03-28,WGC028
US001,2021-03-10,HUH222
US001,2021-03-12,KUP243
US001,2021-03-20,PHZ502
US001,2021-03-24,NGT031
US001,2021-03-26,GUN546
US001,2021-03-14,ZNG075
US001,2021-03-21,BNO425
US001,2021-03-24,NSU732
US001,2021-03-06,LCO612
US001,2021-03-15,AVW429
US001,2021-03-10,WWT029
US001,2021-03-10,UCI288
US001,2021-03-22,WQM948
US001,2021-03-11,ICU541
US001,2021-03-15,SQS921
US001,2021-03-22,ZDS353
US001,2021-03-16,TDG455
US001,2021-03-13,PBQ354
US001,2021-03-24,DUS813
US001,2021-03-07,PZQ680
US001,2021-03-19,AOR869
US001,2021-03-10,TQC325
US001,2021-03-19,ZIC817
US001,2021-03-18,GGT445
US001,2021-03-30,ODG221
US001,2021-03-29,JNV776
US001,2021-03-14,DII713
US001,2021-03-04,UVR928
US001,2021-03-20,HNL450
US001,2021-03-03,CDM680
US001,2021-03-16,DQZ839
US001,2021-03-30,BAX826
US001,2021-03-01,PVX163
US001,2021-03-01,RPX617
US001,2021-03-03,DBY137
US001,2021-03-03,EQD808
US001,2021-03-30,GVK048
US001,2021-03-20,EGT770
US001,2021-03-14,PEN674
US001,2021-03-24,NWR677
US001,2021-03-02,CZH685
US001,2021-03-20,BKB293
US001,2021-03-11,RHI482
US001,2021-03-09,WIS446
US001,2021-03-19,LEL870
US001,2021-03-20,ABZ556
US001,2021-03-06,DXA803
US001,2021-03-06,ENN985
US001,2021-03-12,ITA136
US001,2021-03-05,AJZ964
US001,2021-03-08,IVD416
US001,2021-03-23,YCB027
US001,2021-03-17,ZKE592
US001,2021-03-14,JCC036
US001,2021-03-29,INS948
US001,2021-03-04,XVS618
US001,2021-03-19,FGL878
US001,2021-03-21,BSS281
US001,2021-03-25,IRG316
US001,2021-03-23,UHW695
US001,2021-03-27,JYJ373
US001,2021-03-21,ZQF341
US001,2021-03-01,XYQ116
US001,2021-03-07,YAW280
US001,2021-03-04,RNG375
US001,2021-03-16,ALI670
US001,2021-03-27,IJY577
US001,2021-03-26,LHV186
US001,2021-03-16,CTG081
US001,2021-03-06,VBH963
US001,2021-03-14,GDJ238
US001,2021-03-27,HRC357
US001,2021-03-28,EMW438
US001,2021-03-24,RRT341
US001,2021-03-09,UBD646
US001,2021-03-03,VQB522
US001,2021-03-16,QUT102
US001,2021-03-15,QEO949
US001,2021-03-26,XCU520
US001,2021-03-23,DFV199
US001,2021-03-23,KGV367
US001,2021-03-13,AFU613
US001,2021-03-03,ZSY947
US001,2021-03-24,XDY227
US001,2021-03-09,NOU086
US001,2021-03-30,JCZ485
US001,2021-03-28,ZND557
US001,2021-03-10,AAQ907
US001,2021-03-20,DRP283
US001,2021-03-02,MYP321
US001,2021-03-13,JAD002
US001,2021-03-18,NIT791
US001,2021-03-29,JTV782
US001,2021-03-23,KAX950
US001,2021-03-17,MVX347
US001,2021-03-08,NYW625
US001,2021-03-29,QJD881
US001,2021-03-29,POH333
US001,2021-03-09,KVJ290
US001,2021-03-11,KZC035
US001,2021-03-20,VQJ877
US001,2021-03-08,OFO384
US001,2021-03-13,ETS252
US001,2021-03-01,THB430
US001,2021-03-01,DUQ846
US001,2021-03-29,CPI888
US001,2021-03-22,VQV657
US001,2021-03-24,NDL940
US001,2021-03-17,GRC289
US001,2021-03-26,BYV287
US001,2021-03-11,MST370
US001,2021-03-29,DHY809
US001,2021-03-11,TXN784
US001,2021-03-27,WBL527
US001,2021-03-14,JFA878
US001,2021-03-01,YNP661
US001,2021-03-21,WQU396
US001,2021-03-23,YJM957
US001,2021-03-17,RVR905
US001,2021-03-24,BFO059
US001,2021-03-27,QWF801
US001,2021-03-10,JVG308
US001,2021-03-10,VFL699
US001,2021-03-11,JXZ317
US001,2021-03-01,SYV513
US001,2021-03-07,KWI550
US001,2021-03-05,LZQ861
US001,2021-03-13,OBW293
US001,2021-03-27,THA934
US001,2021-03-01,NUP823
US001,2021-03-04,HFX035
US001,2021-03-24,BFH135
US001,2021-03-25,FGB980
US001,2021-03-25,QVW372
US001,2021-03-12,UFC837
US001,2021-03-26,VHM323
US001,2021-03-11,FQA516
US001,2021-03-16,HAL560
US001,2021-03-08,GKL271
US001,2021-03-07,ZBB467
US001,2021-03-10,VHS689
US001,2021-03-27,TTT027
US001,2021-03-17,JGX662
US001,2021-03-07,XHU402
US001,2021-03-26,VMK439
US001,2021-03-01,HPW567
US001,2021-03-30,DXS670
US001,2021-03-16,QTB718
US001,2021-03-26,HSE322
US001,2021-03-30,AIW310
US001,2021-03-17,LSQ942
US001,2021-03-14,UFZ292
US001,2021-03-17,HPG626
US001,2021-03-02,GGI348
US001,2021-03-02,XNE662
US001,2021-03-12,PTA126
US001,2021-03-15,TCP649
US001,2021-03-04,IWS966
US001,2021-03-15,AOU981
US001,2021-03-19,ICB274
US001,2021-03-21,DMQ005
US001,2021-03-15,EAG730
US001,2021-03-13,LMV919
US001,2021-03-15,LNV183
US001,2021-03-14,JBO205
US001,2021-03-05,NDH402
US001,2021-03-28,JQR282
US001,2021-03-18,ALF485
US001,2021-03-26,CNA420
US001,2021-03-10,YIR552
US001,2021-03-09,WZI907
US001,2021-03-30,LZF368
US001,2021-03-18,JAA951
US001,2021-03-24,SJA983
US001,2021-03-02,SPL477
US001,2021-03-05,ZHW992
US001,2021-03-17,VIQ361
US001,2021-03-24,UBZ263
US001,2021-03-01,UZK984
US001,2021-03-05,DXN197
