company_code,employee_id
US001,LD822
US001,BC980
US001,AU885
US001,PR429
US001,JJ627
US001,KZ425
US001,AQ769
US001,VO747
US001,ZV844
US001,WJ557
US001,QF059
US001,KW393
US001,KC112
US001,LP312
US001,PD078
US001,QB797
US001,FC046
US001,WM525
US001,JC053
US001,FU687
US001,JS356
US001,OR126
US001,HU659
US001,WN188
US001,QD302
US001,UY264
US001,ON374
US001,TV090
US001,KR198
US001,JU860
US001,OX511
US001,UM899
US001,MD547
US001,OT246
US001,EP081
US001,ZT535
US001,UU193
US001,JF602
US001,MY068
US001,EP910
US001,GB927
US001,ZE154
US001,QL512
US001,PI565
US001,ZF167
US001,TM856
US001,WZ358
US001,XU854
US001,DH884
US001,AH575
US001,NW561
US001,LQ840
US001,AI624
US001,EM055
US001,RD787
US001,IR095
US001,AL042
US001,ZT979
US001,MY543
US001,YN863
US001,NB479
US001,RP532
US001,PY727
US001,TM691
US001,GD711
US001,KS532
US001,OW010
US001,JH038
US001,PA438
US001,RC684
US001,TG062
US001,IF659
US001,OF458
US001,SE301
US001,LG222
US001,LN498
US001,ET115
US001,XK655
US001,VR445
US001,HX939
US001,DA337
US001,HX879
US001,ME451
US001,AX481
US001,IY548
US001,NE277
US001,BM166
US001,SK997
US001,PL946
US001,EN233
US001,RN466
US001,DU478
US001,VU066
US001,QI696
US001,WM199
US001,ZT783
US001,MJ215
US001,PJ793
US001,BO735
US001,FR974
US001,YY914
US001,SA679
US001,PY297
US001,AQ847
US001,AS254
US001,MM938
US001,HN132
US001,BH265
US001,IW558
US001,JG524
US001,PY899
US001,YF382
US001,KZ111
US001,KX432
US001,ZE042
US001,RS315
US001,KI324
US001,NN731
US001,TR810
US001,EN084
US001,HM972
US001,CQ830
US001,QG837
US001,RD184
US001,DX209
US001,JR157
US001,EF447
US001,CS475
US001,GW695
US001,ZR955
US001,TB742
US001,ZK675
US001,TA747
US001,ST604
US001,WZ589
US001,XV060
US001,GJ996
US001,UI444
US001,ZN414
US001,VA640
US001,HB698
US001,PI748
US001,NF858
US001,CL635
US001,EG427
US001,YH033
US001,HA931
US001,XB099
US001,YE752
US001,FZ915
US001,TJ044
US001,OI018
US001,IK688
US001,MJ759
US001,RQ471
US001,BY762
US001,RC549
US001,PY432
US001,TF838
US001,AL380
US001,PP606
US001,GR827
US001,OI380
US001,VR096
US001,TR825
US001,BG203
US001,CV411
US001,VA478
US001,AA374
US001,DA951
US001,FC238
US001,BP977
US001,WW498
US001,UI978
US001,JN285
US001,RZ319
US001,NO374
US001,AL276
US001,BM679
US001,MI203
US001,LA095
US001,HD144
US001,UK521
US001,QE528
US001,BC089
US001,TY581
US001,EV037
US001,IC815
US001,JI150
US001,ZR591
US001,BJ186
US001,BL635
US001,DG635
US001,XE619
US001,HC796
US001,YG394
US001,UU233
US001,WN234
US001,CB858
US001,UU347
US001,GR072
US001,EQ853
US001,NC077
US001,XR042
US001,TO477
US001,LU094
US001,MT752
US001,IT527
US001,IK837
US001,VY622
US001,LX360
US001,TC895
US001,VM566
US001,FB053
US001,RP673
US001,RC965
US001,TC021
US001,GY297
US001,ZR876
US001,EI931
US001,LP599
US001,OY777
US001,ZP778
US001,QR128
US001,YN630
US001,RU095
US001,NE653
US001,EH617
US001,QT273
US001,UA468
US001,ZK981
US001,GQ310
US001,MG853
US001,WX509
US001,IS207
US001,DC617
US001,DT357
US001,NT197
US001,SB578
US001,TO556
US001,BR236
US001,UC814
US001,OM419
US001,UJ223
US001,DS735
US001,KB320
US001,VW382
US001,IY504
US001,VL355
US001,KX333
US001,YG858
US001,IU381
US001,NB463
US001,XG876
US001,QW064
US001,ZZ037
US001,TJ621
US001,HU489
US001,EY475
US001,XW063
US001,CS832
US001,JH142
US001,HN694
US001,DV353
US001,UF779
US001,ZV692
US001,TV050
US001,TS048
US001,PY921
US001,IU671
US001,ZK646
US001,BL818
US001,HH557
US001,VM187
US001,IN922
US001,LQ264
US001,BM955
US001,TC038
US001,LH861
US001,PR441
US001,MS733
US001,YP699
US001,RU301
US001,EW314
US001,XY281
US001,KV892
US001,PS377
US001,HJ741
US001,DC267
US001,WO075
US001,ZQ085
US001,HO889
US001,XA465
US001,VC365
US001,MF172
US001,AQ228
US001,IE339
US001,GY652
US001,DZ920
US001,NV791
US001,GX159
US001,TU351
US001,AT950
US001,DE061
US001,QT957
US001,IW329
US001,EO539
US001,IU900
US001,RV329
US001,KT595
US001,GE898
US001,XR734
US001,PY614
US001,LL064
US001,PF527
US001,KJ605
US001,LQ359
US001,OU730
US001,OG327
US001,FU724
US001,QQ858
US001,WB382
US001,WL573
US001,MJ493
US001,IA977
US001,NT200
US001,KR376
US001,KZ032
US001,UT297
US001,EF050
US001,WI817
US001,NR558
US001,RM359
US001,AB601
US001,XK497
US001,CK618
US001,RQ268
US001,VV782
US001,HP292
US001,TC192
US001,QI179
US001,SJ777
US001,OL949
US001,JG926
US001,TC800
US001,OW238
US001,JP096
US001,CD613
US001,ZH098
US001,SC324
US001,SW551
US001,TA888
US001,EU538
US001,FY603
US001,FC660
US001,FK438
US001,SM491
US001,GI126
US001,BW136
US001,NZ674
US001,KP468
US001,XK832
US001,TG852
US001,RP054
US001,WB877
US001,TB396
US001,JN251
US001,NE690
US001,VT708
US001,PU175
US001,YP377
US001,PH790
US001,MA928
US001,ES868
US001,CO251
US001,UZ141
US001,OX204
US001,KB467
US001,VE430
US001,PU761
US001,DI488
US001,PB685
US001,ZW002
US001,XH374
US001,CZ560
US001,IB743
US001,IQ432
US001,YU957
US001,YJ843
US001,LW044
US001,JC349
US001,SD907
US001,WY288
US001,WV605
US001,WT290
US001,MI588
US001,LE867
US001,PA869
US001,EL104
US001,FK463
US001,AZ075
US001,JN191
US001,VU985
US001,XE676
US001,QR820
US001,UE730
US001,NT898
US001,XL821
US001,OC883
US001,IF552
US001,TH791
US001,IA842
US001,DN604
US001,LZ209
US001,MA617
US001,ME316
US001,RG637
US001,HR965
US001,HV965
US001,HB357
US001,KS359
US001,QB470
US001,TT513
US001,NB480
US001,WZ396
US001,OF399
US001,XN451
US001,OS854
US001,UL256
US001,AO050
US001,VU789
US001,PJ368
US001,DK717
US001,WS357
US001,KM038
US001,NO648
US001,OB791
US001,GD467
US001,CW588
US001,XX559
US001,ES976
US001,JJ287
US001,GR339
US001,NK130
US001,BY683
US001,QP708
US001,RH196
US001,BY696
US001,TM685
US001,AH431
US001,JE338
US001,LG310
US001,OU976
US001,AB490
US001,GO893
US001,VK497
US001,BV384
US001,FO599
US001,SK246
US001,GV117
US001,WZ405
US001,ZW244
US001,GO638
US001,KY594
US001,ZA883
US001,AL323
US001,BP423
US001,WJ433
US001,OM988
US001,QL283
US001,XD205
US001,JC594
US001,BO766
US001,HR082
US001,EU814
US001,WM015
US001,DD057
US001,LM911
US001,WQ566
US001,LG082
US001,LI464
US001,TT546
US001,WN042
US001,XN613
US001,FS912
US001,QS021
US001,KY270
US001,MF903
US001,BE750
US001,BL374
US001,XQ651
US001,KH125
US001,QX548
US001,CZ836
US001,FP435
US001,HR079
US001,QM237
US001,PA799
US001,XT040
US001,RE926
US001,LD793
US001,JV376
US001,KC756
US001,HM494
US001,TR196
US001,PU735
US001,KF644
US001,BH765
US001,NN865
US001,KU256
US001,IL307
US001,OL432
US001,OE066
US001,DU157
US001,FY618
US001,SY316
US001,JO056
US001,DT168
US001,JN591
US001,LP190
US001,FK734
US001,SD395
US001,BE269
US001,HQ611
US001,SP105
US001,JG749
US001,IH800
US001,SW308
US001,DO715
US001,UA578
US001,IW753
US001,KW910
US001,XJ421
US001,VI554
US001,QN520
US001,SW898
US001,ZQ936
US001,OH526
US001,FD484
US001,QS973
US001,DO195
US001,MR512
US001,JD043
US001,TO505
US001,MO223
US001,BX529
US001,YN426
US001,IL401
US001,RJ470
US001,KG230
US001,DM734
US001,CF138
US001,XN073
US001,LI348
US001,EX940
US001,UR263
US001,XC131
US001,NC992
US001,HY850
US001,LZ162
US001,GU884
US001,GI522
US001,QC928
US001,TR710
US001,GM336
US001,JQ053
US001,GS620
US001,QO380
US001,UY513
US001,HL713
US001,VW324
US001,AA657
US001,WA580
US001,SR647
US001,QJ685
US001,LP527
US001,BR187
US001,IO715
US001,FI072
US001,GM082
US001,US775
US001,PL046
US001,ZR818
US001,MS879
US001,SI096
US001,SK487
US001,RZ275
US001,XC702
US001,VG656
US001,VL341
US001,SM478
US001,RJ276
US001,SZ914
US001,KF897
US001,GW346
US001,JU212
US001,QG513
US001,VD817
US001,YE899
US001,VZ070
US001,QS546
US001,TT640
US001,GB586
US001,LR265
US001,JM620
US001,YE769
US001,ZR087
US001,YJ130
US001,KT234
US001,HC768
US001,TX116
US001,YF681
US001,ZX371
US001,NX596
US001,EO197
US001,BJ242
US001,AV720
US001,MI032
US001,XG317
US001,NW705
US001,DR082
US001,ER777
US001,UU975
US001,VZ985
US001,ZH093
US001,GV675
US001,ZF671
US001,OY622
US001,CC426
US001,ZR538
US001,UM085
US001,XR739
US001,AS655
US001,TW018
US001,DY007
US001,UI419
US001,PH922
US001,TE075
US001,QX055
US001,LP178
US001,ZO482
US001,VH072
US001,SQ212
US001,VA923
US001,PQ760
US001,NO154
US001,RW118
US001,KZ321
US001,TE747
US001,RQ022
US001,TD980
US001,GA501
US001,EY477
US001,AR570
US001,ZW761
US001,KF896
US001,CO124
US001,VH445
US001,OC950
US001,KN401
US001,OC599
US001,CU595
US001,IH904
US001,VS308
US001,MV753
US001,TY430
US001,JC475
US001,MV297
US001,AG750
US001,LV074
US001,ZG899
US001,BW586
US001,YP183
US001,WK095
US001,QC844
US001,NL780
US001,QY846
US001,RX742
US001,XK274
US001,AM277
US001,II388
US001,JT133
US001,ON938
US001,NJ444
US001,VB847
US001,CP452
US001,ON287
US001,LZ700
US001,QO038
US001,FX797
US001,DW452
US001,LC723
US001,WT589
US001,IE220
US001,KO813
US001,NC813
US001,JP534
US001,FW017
US001,CA342
US001,BK459
US001,CI510
US001,LS112
US001,MQ197
US001,TL782
US001,UN216
US001,KW520
US001,ZY259
US001,DA754
US001,TJ364
US001,CP881
US001,GG426
US001,MS935
US001,VM683
US001,NG508
US001,ZA823
US001,CR635
US001,KG441
US001,CN136
US001,YJ029
US001,TP161
US001,BH286
US001,XS717
US001,TA677
US001,MI506
US001,EB061
US001,DN296
US001,IF810
US001,HK251
US001,AC617
US001,SX315
US001,FX507
US001,KU160
US001,OC182
US001,CO733
US001,FG890
US001,QJ027
US001,PA596
US001,XO811
US001,CO439
US001,RA949
US001,DR695
US001,FF949
US001,GH225
US001,RK226
US001,BY214
US001,PT594
US001,JP493
US001,QW394
US001,MH438
US001,RH976
US001,UB796
US001,BZ618
US001,QU217
US001,GK015
US001,EZ247
US001,QI338
US001,XH902
US001,QF392
US001,PZ161
US001,CZ015
US001,DT242
US001,LN569
US001,TI412
US001,FI740
US001,BU962
US001,HH125
US001,PD951
US001,WA236
US001,VL287
US001,QA548
US001,CE973
US001,RQ602
US001,RQ264
US001,CX040
US001,OT432
US001,YO084
US001,IZ189
US001,AF203
US001,VR722
US001,QE838
US001,JQ006
US001,RC566
US001,AE556
US001,XT841
US001,LS476
US001,RA924
US001,KQ210
US001,SH062
US001,DH373
US001,DI096
US001,KG115
US001,AQ637
US001,ZU609
US001,XE747
US001,ST922
US001,WE331
US001,IA827
US001,GF574
US001,NL209
US001,JW114
US001,XQ372
US001,NQ511
US001,BV665
US001,KZ757
US001,SJ345
US001,ZO983
US001,JB490
US001,NW659
US001,IX602
US001,WV558
US001,DD290
US001,AQ396
US001,OG789
US001,LC650
US001,JK161
US001,YM360
US001,RC826
US001,GQ428
US001,MF901
US001,KE559
US001,OQ177
US001,IJ851
US001,OU839
US001,PY031
US001,AD218
US001,FQ150
US001,FB950
US001,SM359
US001,XU423
US001,BB320
US001,VC938
US001,FU798
US001,KY432
US001,VH705
US001,VE830
US001,BU084
US001,QV940
US001,QJ071
US001,UA107
US001,FT573
US001,EE012
US001,OR227
US001,HL712
US001,SV769
US001,ML034
US001,ZF060
US001,YK031
US001,RN178
US001,OS721
US001,OU527
US001,GG568
US001,MH101
US001,GM770
US001,SX183
US001,SP287
US001,RW505
US001,OX860
US001,FO481
US001,TP104
US001,TE554
US001,LV991
US001,ZI886
US001,AF000
US001,UU871
US001,SJ106
US001,HO873
US001,YF219
US001,LM527
US001,AJ291
US001,QA132
US001,SF458
US001,NV642
US001,JL376
US001,BI507
US001,MM960
US001,VJ170
US001,DL940
US001,UA045
US001,OM886
US001,MO776
US001,VS235
US001,DP823
US001,LS259
US001,RD221
US001,YP977
US001,XB434
US001,QA166
US001,YY735
US001,ZK388
US001,ZF084
US001,UC292
US001,YN963
US001,MX823
US001,ZD684
US001,VG563
US001,BC721
US001,BJ843
US001,VS507
US001,MK598
US001,HC943
US001,XY965
US001,YE555
US001,VJ577
US001,YS964
US001,NL931
US001,VB000
US001,FU431
US001,AN934
US001,MV091
US001,ZK713
US001,TY675
US001,CX595
US001,VK840
US001,XZ816
US001,HL059
US001,GC120
US001,WS690
US001,YP128
US001,AQ970
US001,YE085
US001,KQ246
US001,WC087
US001,WB659
US001,NL175
US001,SS727
US001,GI770
US001,RZ341
US001,LF488
US001,MF001
US001,CP925
US001,VL017
US001,HS497
US001,QI747
US001,KT955
US001,XM238
US001,RN245
US001,QY948
US001,KD788
US001,DM949
US001,AE724
US001,WE866
US001,PF460
US001,TK052
US001,IG523
US001,EJ374
US001,UE543
US001,LS228
US001,PP337
US001,HY626
US001,AD129
US001,XJ642
US001,AU071
US001,OH652
US001,JG612
US001,ZV333
US001,YQ704
US001,YP244
US001,BU441
US001,IB659
US001,UB723
US001,MO081
US001,WO469
US001,GS064
US001,GF336
US001,OS318
US001,QI821
US001,XG417
US001,YB813
US001,VX173
US001,OU431
US001,QG497
US001,OI917
US001,CO860
US001,ZP288
US001,YC412
US001,OW296
US001,SU930
US001,WT012
US001,RO992
US001,MZ834
US001,JZ883
US001,TO885
US001,AO508
US001,ST143
US001,FR749
US001,XN536
US001,FP356
US001,BK040
US001,CM177
US001,GO553
US001,EM366
US001,QH205
US001,EQ826
US001,UK726
US001,RV101
US001,NA733
US001,NJ241
US001,PF352
US001,JR470
US001,BU043
US001,RQ553
US001,RK391
US001,UA559
US001,VW433
US001,PX009
US001,IA055
US001,QO312
US001,NN700
US001,WU013
US001,AS493
US001,PR527
US001,VX906
US001,AF436
US001,OE951
US001,PH171
US001,TF343
US001,LM569
US001,BT367
US001,KL807
US001,MK649
US001,RT671
US001,AC261
US001,CA773
US001,LJ526
US001,PA205
US001,RB323
US001,IH656
US001,VW097
US001,NU629
US001,NI183
US001,QZ340
US001,EZ634
US001,PX399
US001,CU983
US001,AV312
US001,RB596
US001,GK322
US001,QY994
US001,UU245
US001,SE771
US001,IZ942
US001,SK615
US001,QZ930
US001,FR225
US001,OW225
US001,CG896
US001,LC178
US001,RJ605
US001,BU756
US001,PC332
US001,CW088
US001,JO092
US001,IH606
US001,LH729
US001,FC806
US001,MJ237
US001,KE280
US001,JC344
US001,HE538
US001,SA070
US001,LV369
US001,UB445
US001,BU546
US001,TA399
US001,LL672
US001,NK380
US001,UR924
US001,IU915
US001,XN340
US001,TH524
US001,HC023
US001,KG357
US001,FT039
US001,WI575
US001,EO844
US001,HB553
US001,UM007
US001,VN376
US001,XE433
US001,LT355
US001,WX311
US001,KF467
US001,LG730
US001,XF020
US001,NH115
US001,VO588
US001,AR472
US001,FT004
US001,WP738
US001,OE590
US001,RK445
US001,LU730
US001,LE075
US001,VB750
US001,VO849
US001,TY455
US001,SI709
US001,YU205
US001,RO634
US001,QX298
US001,IU180
US001,CU158
US001,GI361
US001,HI163
US001,AW477
US001,YA599
US001,RT494
US001,CM426
US001,LJ261
US001,OW113
US001,RE708
US001,CY476
US001,CE759
US001,WU685
US001,RV833
US001,MT794
US001,MU882
US001,RV667
US001,FQ983
US001,DH449
US001,IF093
US001,NB372
US001,DZ632
US001,OL604
US001,NZ147
US001,IQ951
US001,SL931
US001,IT039
US001,GZ984
US001,ZD095
US001,UV089
US001,HG470
US001,AD367
US001,DH901
US001,WU444
US001,CZ600
US001,YY189
US001,QE477
US001,GU346
US001,LU232
US001,KE407
US001,VN505
US001,DD362
US001,HA227
US001,JA942
US001,DP897
US001,XG551
US001,AH509
US001,YH413
US001,DI085
US001,MI774
US001,QA187
US001,LH301
US001,MK109
US001,HB117
US001,NB589
US001,RG531
US001,PK890
US001,SL260
US001,BK802
US001,QX930
US001,KF975
US001,MX847
US001,DW027
US001,HE245
US001,OO978
US001,MH342
US001,AI970
US001,QP881
US001,OH580
US001,RE614
US001,JY501
US001,OO518
US001,MP395
US001,GP237
US001,WH723
US001,ZB450
US001,YE024
US001,MP784
US001,QY731
US001,GX614
US001,YU140
US001,VP637
US001,XS661
US001,KQ377
US001,XL456
US001,ZZ676
US001,OW807
US001,JN541
US001,QN551
US001,OS354
US001,HU435
US001,QC179
US001,BF304
US001,CW033
US001,NY931
US001,MY460
US001,OT330
US001,KF821
US001,HU423
US001,NB786
US001,WC489
US001,QA968
US001,MP653
US001,XY234
US001,VL617
US001,JI350
US001,WB774
US001,JA880
US001,SI264
US001,CC555
US001,XE643
US001,ML567
US001,SP150
US001,KW863
US001,ST051
US001,TL434
US001,FQ778
US001,RY487
US001,NA650
US001,OK793
US001,DI678
US001,CZ861
US001,FY796
US001,HU463
US001,PX114
US001,NB537
US001,PQ475
US001,OR691
US001,OW919
US001,MZ345
US001,SO573
US001,MX620
US001,HW698
US001,GZ799
US001,VW561
US001,HQ442
US001,IK910
US001,AS705
US001,OJ299
US001,CG778
US001,WK707
US001,JR027
US001,XK039
US001,TG207
US001,LC198
US001,KF905
US001,KM702
US001,AB537
US001,FH021
US001,ZA228
US001,YD889
US001,BJ966
US001,JM024
US001,AI014
US001,II806
US001,SD775
US001,QX172
US001,SR848
US001,RG291
US001,DM254
US001,PG889
US001,CC346
US001,EK216
US001,CM203
US001,SK637
US001,IR411
US001,KJ259
US001,JG709
US001,RV226
US001,ZE638
US001,CE145
US001,HJ427
US001,LA600
US001,ZV107
US001,HI988
US001,EP810
US001,WN433
US001,TP804
US001,YK855
US001,QH614
US001,DL600
US001,FO758
US001,UI678
US001,SC414
US001,XA591
US001,QV714
US001,XT407
US001,ZN624
US001,PK985
US001,PD316
US001,OX648
US001,NX649
US001,IH836
US001,TS906
US001,BA083
US001,UO843
US001,JZ259
US001,DS386
US001,IU617
US001,YI166
US001,KZ779
US001,CF654
US001,QA337
US001,JG972
US001,FN507
US001,QC568
US001,PN604
US001,XD281
US001,YN793
US001,FJ486
US001,PU758
US001,KN784
US001,CQ692
US001,KB335
US001,MH494
US001,HY538
US001,LO002
US001,AC832
US001,PF612
US001,DP740
US001,SI076
US001,XI509
US001,BF717
US001,MZ992
US001,GL636
US001,ZP604
US001,GF090
US001,VT214
US001,SH336
US001,UN388
US001,VV766
US001,NK912
US001,VA310
US001,YR852
US001,XP140
US001,JX853
US001,HS326
US001,OJ734
US001,CE493
US001,KD621
US001,BG117
US001,QS794
US001,JF185
US001,YH545
US001,CB457
US001,XV602
US001,ZN644
US001,KE579
US001,JF518
US001,WH152
US001,KQ407
US001,FU313
US001,IX598
US001,VU768
US001,KS802
US001,TD919
US001,CJ820
US001,GS563
US001,QQ316
US001,ZY626
US001,BF549
US001,II561
US001,JM560
US001,LV972
US001,KS660
US001,MS857
US001,TH612
US001,QX160
US001,TQ353
US001,IJ711
US001,DW085
US001,LG524
US001,DR742
US001,DT265
US001,JN041
US001,BN546
US001,XV411
US001,JZ346
US001,AZ269
US001,UO593
US001,VS671
US001,HP182
US001,GZ120
US001,GL718
US001,GB520
US001,HZ816
US001,KG083
US001,VD570
US001,VE054
US001,OB662
US001,AL128
US001,XZ301
US001,SE009
US001,TG221
US001,MP437
US001,LB661
US001,KX376
US001,HM050
US001,DA296
US001,FD594
US001,NC410
US001,KZ848
US001,BY319
US001,NG257
US001,YO353
US001,GN908
US001,CF094
US001,OQ367
US001,LX657
US001,KI254
US001,PT801
US001,UJ157
US001,FZ112
US001,YJ150
US001,NQ444
US001,ZW590
US001,TB091
US001,NZ605
US001,GN426
US001,ME115
US001,ZQ139
US001,TJ312
US001,MW527
US001,JB688
US001,ZH423
US001,HU291
US001,NX681
US001,CS637
US001,RM511
US001,ZH413
US001,QT115
US001,ON450
US001,HC320
US001,LX220
US001,PM431
US001,SF728
US001,VE031
US001,LT316
US001,OP213
US001,PQ794
US001,HE147
US001,AQ054
US001,MF873
US001,OO985
US001,NV705
US001,BC814
US001,EC286
US001,VO207
US001,AK420
US001,JB321
US001,PH566
US001,MG466
US001,UC956
US001,EX395
US001,DH364
US001,WT634
US001,MR965
US001,ZR528
US001,CT237
US001,OK871
US001,ZM352
US001,VM691
US001,JL770
US001,AM117
US001,EN033
US001,IP398
US001,PH761
US001,IJ402
US001,OH690
US001,SJ125
US001,RF658
US001,SU118
US001,IJ006
US001,WY470
US001,QG225
US001,JI136
US001,OW846
US001,LI470
US001,ZF808
US001,CO320
US001,WX952
US001,JN963
US001,IY437
US001,YG662
US001,IK364
US001,OI585
US001,EA421
US001,WS202
US001,SX542
US001,CJ500
US001,IB428
US001,YP468
US001,VR093
US001,MM675
US001,YL075
US001,BG018
US001,OR492
US001,GU093
US001,CV101
US001,GV244
US001,BQ082
US001,NK600
US001,YJ347
US001,HJ127
US001,QR061
US001,PV094
US001,ZL270
US001,EP459
US001,MZ541
US001,KQ508
US001,MM040
US001,NN110
US001,WL665
US001,IV106
US001,UE186
US001,FH761
US001,WN386
US001,UX281
US001,UI789
US001,SZ669
US001,SN491
US001,TM053
US001,MM543
US001,NE217
US001,NN093
US001,YE420
US001,LB424
US001,YN469
US001,TX718
US001,QT008
US001,KN348
US001,KD268
US001,EW943
US001,ZJ399
US001,RS674
US001,AZ736
US001,GR359
US001,BB587
US001,FO993
US001,RI024
US001,SE619
US001,WT642
US001,FG546
US001,IU498
US001,LU647
US001,VI567
US001,JI205
US001,GB478
US001,PN018
US001,RI558
US001,BF104
US001,QH506
US001,OM454
US001,MY135
US001,VY665
US001,WD179
US001,DW667
US001,ZG821
US001,UO183
US001,GO447
US001,IS222
US001,HW129
US001,EN662
US001,KC784
US001,TW262
US001,UJ191
US001,TI443
US001,EC648
US001,WH145
US001,GG935
US001,RC361
US001,SR461
US001,VS800
US001,DV703
US001,IN708
US001,HZ247
US001,EZ945
US001,VO145
US001,CZ007
US001,AT989
US001,NJ267
US001,FL862
US001,VJ722
US001,OE934
US001,AF467
US001,IZ956
US001,ZE065
US001,AX886
US001,MK532
US001,KC928
US001,PY637
US001,KS618
US001,MA735
US001,WW845
US001,PY611
US001,HY507
US001,ZM967
US001,HF371
US001,AG000
US001,UG706
US001,WK041
US001,EZ050
US001,OJ547
US001,NZ743
US001,VA267
US001,DT292
US001,CT050
US001,QU392
US001,EE467
US001,EG664
US001,PD408
US001,HC194
US001,WL466
US001,ZB322
US001,DQ228
US001,TA985
US001,AL211
US001,DN201
US001,RI238
US001,YR647
US001,MY028
US001,RH877
US001,TX270
US001,PU439
US001,FI303
US001,WO160
US001,OU654
US001,KK374
US001,QA056
US001,BL454
US001,LB968
US001,TB078
US001,SQ008
US001,UH392
US001,JQ189
US001,YV268
US001,KQ735
US001,AW819
US001,XH586
US001,PB298
US001,MZ318
US001,WJ180
US001,LW175
US001,PW192
US001,VE718
US001,JG903
US001,UN211
US001,LU842
US001,DM605
US001,VJ585
US001,SN695
US001,LD499
US001,GQ168
US001,ET749
US001,RI950
US001,IS446
US001,DR188
US001,OG493
US001,HX971
US001,UX583
US001,QB278
US001,NN623
US001,RR551
US001,VV733
US001,VX277
US001,WW596
US001,OB608
US001,IT322
US001,MS519
US001,CW070
US001,BA783
US001,TF095
US001,UA221
US001,JO153
US001,DD243
US001,BJ200
US001,QY744
US001,EX155
US001,XK327
US001,II404
US001,XE660
US001,WU667
US001,TL705
US001,CF740
US001,MD360
US001,MZ017
US001,CQ653
US001,LV691
US001,XE685
US001,KU571
US001,QM872
US001,MC038
US001,QE698
US001,XA114
US001,XH763
US001,DB780
US001,SY526
US001,IT962
US001,GG632
US001,MP186
US001,AI576
US001,DT774
US001,GS400
US001,ZR003
US001,QE872
US001,CQ239
US001,LP163
US001,SL714
US001,WY530
US001,AK990
US001,BG015
US001,FV306
US001,NA483
US001,XO389
US001,WG366
US001,JG076
US001,FI355
US001,UN842
US001,AI279
US001,DV964
US001,GP453
US001,OO931
US001,HV985
US001,CQ178
US001,AV310
US001,HD171
US001,MZ879
US001,MK830
US001,YZ231
US001,FZ584
US001,MA541
US001,LK874
US001,DO151
US001,KP741
US001,XE001
US001,UH167
US001,EH605
US001,YF398
US001,IQ797
US001,DN950
US001,GZ004
US001,XE173
US001,RM611
US001,KU881
US001,VC033
US001,FP392
US001,DE455
US001,UY670
US001,YQ895
US001,SS280
US001,UO726
US001,TD302
US001,OG249
US001,JT407
US001,TM336
US001,II998
US001,DO894
US001,ZN975
US001,XA544
US001,YF968
US001,DI639
US001,AP339
US001,IU266
US001,SE038
US001,OM302
US001,JJ572
US001,LB964
US001,MT228
US001,ZZ390
US001,AY187
US001,JN274
US001,AX610
US001,QD953
US001,HG889
US001,LY208
US001,HE202
US001,FC785
US001,LB142
US001,VX384
US001,NQ431
US001,OK056
US001,CP695
US001,NI776
US001,XU915
US001,YZ720
US001,IQ039
US001,DX350
US001,WD630
US001,HI556
US001,DQ933
US001,MB368
US001,SF758
US001,LZ137
US001,TG602
US001,JF344
US001,MU229
US001,ME511
US001,GY563
US001,MV254
US001,GZ128
US001,EG439
US001,UZ571
US001,RP082
US001,QO748
US001,PI627
US001,LJ243
US001,TO219
US001,WD337
US001,OL348
US001,HK975
US001,TE017
US001,IB411
US001,BM608
US001,NF421
US001,NQ962
US001,ZA868
US001,ZO557
US001,YB911
US001,WH978
US001,OY343
US001,RK217
US001,WD971
US001,DL806
US001,TJ686
US001,VV850
US001,KH000
US001,NZ968
US001,XM240
US001,CE815
US001,TP862
US001,RS422
US001,WM267
US001,NJ025
US001,ZJ110
US001,MT729
US001,NG274
US001,SP769
US001,VZ689
US001,IY466
US001,YZ985
US001,MP946
US001,MC605
US001,NB891
US001,LJ522
US001,DR667
US001,AR763
US001,UR628
US001,SY016
US001,WV882
US001,TK045
US001,SD049
US001,UG133
US001,DS572
US001,BK516
US001,FU522
US001,OM560
US001,LB941
US001,CL014
US001,CA934
US001,UK082
US001,HB550
US001,DM880
US001,UD023
US001,ZC444
US001,MX256
US001,GS246
US001,EW020
US001,JU656
US001,FZ315
US001,BT479
US001,YI334
US001,GX504
US001,BG636
US001,ZI218
US001,TW243
US001,AR828
US001,DF316
US001,OH722
US001,WO543
US001,WB941
US001,XJ698
US001,TK306
US001,IC371
US001,IC593
US001,XF670
US001,SS309
US001,TE844
US001,JN107
US001,XK915
US001,YD928
US001,AV081
US001,TJ520
US001,XX100
US001,LW083
US001,PD221
US001,TV305
US001,JC654
US001,JF178
US001,HC676
US001,WN783
US001,NH459
US001,LK697
US001,OQ819
US001,LP145
US001,UC464
US001,CV235
US001,EN707
US001,TQ992
US001,LF186
US001,LD180
US001,YT865
US001,LJ697
US001,ZB850
US001,YJ295
US001,QN835
US001,LF583
US001,EV369
US001,PX847
US001,DD789
US001,NL548
US001,VA913
US001,AF304
US001,HE996
US001,RT095
US001,VM372
US001,VO263
US001,KD194
US001,GL683
US001,RM089
US001,KV865
US001,JW945
US001,FL717
US001,LW505
US001,EB743
US001,LL108
US001,EM601
US001,SG548
US001,UI348
US001,GM232
US001,KX408
US001,TG948
US001,GA145
US001,EJ939
US001,RR237
US001,FE472
US001,FA630
US001,RM418
US001,ZI753
US001,JJ537
US001,LF118
US001,IX797
US001,JM233
US001,OW728
US001,RT026
US001,CT162
US001,TW520
US001,ZX635
US001,LT442
US001,HK984
US001,CU425
US001,WU698
US001,VR478
US001,KY636
US001,LO937
US001,DJ917
US001,WZ923
US001,MJ485
US001,NM556
US001,RL799
US001,HE235
US001,IT903
US001,PD789
US001,LB928
US001,KF329
US001,CA261
US001,BT536
US001,IK698
US001,KA258
US001,FQ870
US001,KW442
US001,ST154
US001,IU245
US001,OO982
US001,BS454
US001,LC389
US001,UP822
US001,NC845
US001,IP689
US001,EW609
US001,AD041
US001,QW187
US001,XT802
US001,WM685
US001,YA034
US001,TK669
US001,PC673
US001,ND959
US001,EW153
US001,AA690
US001,RW748
US001,VE172
US001,FN253
US001,JQ349
US001,PW431
US001,OR160
US001,WP746
US001,JG388
US001,RQ135
US001,OF526
US001,RH717
US001,FZ350
US001,OL682
US001,DQ813
US001,QG473
US001,TZ247
US001,CL479
US001,SH430
US001,UO538
US001,ST531
US001,YV904
US001,QH015
US001,CU475
US001,IU113
US001,EL182
US001,CD913
US001,FI149
US001,ZJ411
US001,MK259
US001,BM935
US001,ND876
US001,MD439
US001,TD681
US001,QS506
US001,KR916
US001,KV481
US001,SC846
US001,XW954
US001,LR844
US001,RF474
US001,WV950
US001,SU603
US001,EP516
US001,WO537
US001,QG292
US001,YJ179
US001,WO414
US001,IN940
US001,SF972
US001,FX630
US001,QR957
US001,XO020
US001,QZ025
US001,VH586
US001,GL201
US001,GP468
US001,AD675
US001,QJ349
US001,OM366
US001,QO832
US001,PK078
US001,TP993
US001,RF733
US001,RT017
US001,AV818
US001,NX146
US001,BQ430
US001,AX965
US001,PD556
US001,JK922
US001,MW363
US001,JW445
US001,BE938
US001,HH854
US001,OD182
US001,TL692
US001,II802
US001,VV891
US001,IQ774
US001,CL618
US001,ZT177
US001,PN395
US001,BF074
US001,ZV108
US001,JS009
US001,TP079
US001,JL326
US001,JV764
US001,KI044
US001,DU842
US001,SV377
US001,NX705
US001,YQ472
US001,HV276
US001,MY214
US001,FZ277
US001,EI442
US001,VG733
US001,CV271
US001,IX265
US001,QB567
US001,TT818
US001,ZI098
US001,KO972
US001,BO545
US001,JZ354
US001,BM427
US001,YD287
US001,UC810
US001,FK567
US001,XI958
US001,EJ984
US001,RP356
US001,DH956
US001,RP246
US001,YJ442
US001,EM991
US001,AU518
US001,ZA719
US001,RP178
US001,QS288
US001,LJ338
US001,TN249
US001,UC699
US001,VC164
US001,DC220
US001,MN362
US001,BO427
US001,WN442
US001,HH152
US001,MI630
US001,KH704
US001,JK410
US001,FG361
US001,VK516
US001,LL748
US001,YJ845
US001,JX959
US001,OD995
US001,MI272
US001,JR702
US001,UA501
US001,RD090
US001,NH496
US001,OL539
US001,QP557
US001,II496
US001,SX010
US001,DN660
US001,SD635
US001,DS122
US001,KC943
US001,PR277
US001,TQ371
US001,OO519
US001,ME981
US001,CB537
US001,YS058
US001,EI859
US001,AM031
US001,ZC205
US001,RO964
US001,ZP810
US001,SQ541
US001,KE119
US001,GB676
US001,AD960
US001,RF915
US001,OS799
US001,UR818
US001,MK680
US001,NZ652
US001,VO189
US001,ZW684
US001,VV526
US001,PC879
US001,NU771
US001,PS189
US001,CE949
US001,UV152
US001,HM246
US001,NE263
US001,MT202
US001,TZ553
US001,LJ575
US001,EF162
US001,IU235
US001,HG495
US001,RU198
US001,DX618
US001,XQ676
US001,OB441
US001,OO413
US001,KE456
US001,IF503
US001,HT438
US001,PE440
US001,RJ852
US001,KM650
US001,UC471
US001,XM263
US001,RP335
US001,OE329
US001,SN076
US001,AE632
US001,CX896
US001,CY894
US001,JN264
US001,BZ911
US001,ET746
US001,JU326
US001,DA467
US001,PF663
US001,SH631
US001,MK030
US001,UK857
US001,AK939
US001,ZH618
US001,PW610
US001,YH205
US001,EA361
US001,LY963
US001,ZG784
US001,XW287
US001,GW208
US001,XU094
US001,JL006
US001,OY102
US001,KY605
US001,MM682
US001,ZQ530
US001,WJ767
US001,BQ717
US001,OI189
US001,KG248
US001,AN498
US001,YM458
US001,DQ995
US001,GR620
US001,HV490
US001,EI532
US001,ZA301
US001,OW348
US001,WY684
US001,KW917
US001,SJ659
US001,AM040
US001,IA790
US001,DS518
US001,QS441
US001,HV306
US001,QB029
US001,PL807
US001,JC735
US001,VP621
US001,QA659
US001,JG838
US001,RU070
US001,HX107
US001,LL295
US001,EN090
US001,LL567
US001,JG005
US001,AM740
US001,TW822
US001,BZ619
US001,ZI740
US001,QG426
US001,KK518
US001,LO429
US001,QB010
US001,EX122
US001,TD379
US001,JS928
US001,MS934
US001,AK512
US001,VX013
US001,YZ737
US001,EC749
US001,PZ339
US001,CQ687
US001,JV755
US001,KP402
US001,JC441
US001,FD752
US001,OX071
US001,GG724
US001,FD942
US001,SJ546
US001,KT572
US001,GB626
US001,QF582
US001,AQ874
US001,NC130
US001,ZD915
US001,SK028
US001,DC133
US001,IS517
US001,WZ669
US001,RH420
US001,ZC808
US001,CH324
US001,XA265
US001,LX720
US001,OI357
US001,CI152
US001,QG164
US001,VO654
US001,YE301
US001,ZQ888
US001,HH308
US001,KK029
US001,WR676
US001,DX643
US001,LW601
US001,BC167
US001,DV677
US001,UI445
US001,PH860
US001,HD509
US001,YG449
US001,IF171
US001,BN774
US001,SB850
US001,AT031
US001,BC298
US001,OV423
US001,UV640
US001,IW707
US001,PA270
US001,RP580
US001,JA131
US001,OK818
US001,TJ155
US001,ZY405
US001,LX040
US001,MR761
US001,JX940
US001,JS166
US001,BK311
US001,RZ389
US001,FK445
US001,YP271
US001,ME990
US001,AR064
US001,HK525
US001,JU370
US001,VN217
US001,HN686
US001,QW769
US001,JM649
US001,IG595
US001,GE975
US001,MN364
US001,BI150
US001,XW762
US001,TY492
US001,DQ702
US001,ON896
US001,BL975
US001,DR676
US001,JQ198
US001,TA429
US001,QW973
US001,WP939
US001,GL513
US001,YS060
US001,UJ389
US001,TG150
US001,MA426
US001,FH656
US001,RV050
US001,GE040
US001,VS516
US001,AS375
US001,OB802
US001,CB216
US001,LZ314
US001,YY081
US001,AB412
US001,AB379
US001,AV959
US001,CZ097
US001,OD195
US001,HZ423
US001,ZC061
US001,HV058
US001,GF779
US001,RM985
US001,VA137
US001,KE976
US001,LN558
US001,BE040
US001,MF510
US001,HM022
US001,SF240
US001,JE365
US001,LA734
US001,YX304
US001,YH592
US001,UQ697
US001,VP723
US001,TH833
US001,GO843
US001,BZ358
US001,OI324
US001,VO382
US001,AN249
US001,FV301
US001,NB539
US001,QJ544
US001,YQ844
US001,HD165
US001,JL868
US001,MY368
US001,MV644
US001,HB326
US001,LC437
US001,UU227
US001,LJ844
US001,DA875
US001,WA077
US001,GZ372
US001,YI379
US001,QN271
US001,HB437
US001,LT008
US001,EA889
US001,PA174
US001,FU401
US001,EM059
US001,QW816
US001,ZL502
US001,IF331
US001,XK639
US001,DP573
US001,TA216
US001,ON647
US001,UF720
US001,JS184
US001,KD149
US001,MK243
US001,YE823
US001,EC767
US001,VB021
US001,QX411
US001,VL777
US001,KN640
US001,TQ947
US001,TZ532
US001,EX957
US001,ZN274
US001,AX936
US001,TF934
US001,MW764
US001,CD069
US001,XW543
US001,IJ971
US001,JH297
US001,HG903
US001,YR259
US001,HC688
US001,VY467
US001,OC951
US001,LA151
US001,CF534
US001,BA483
US001,UU377
US001,WL382
US001,DH870
US001,QL038
US001,EN916
US001,WI001
US001,FO063
US001,ZA235
US001,BG264
US001,NS869
US001,HH410
US001,YF760
US001,JB883
US001,HP112
US001,GA584
US001,BT331
US001,ZJ476
US001,XH142
US001,UV353
US001,TR541
US001,JL618
US001,IU046
US001,FV121
US001,BO370
US001,ZR476
US001,EH450
US001,DB835
US001,LA412
US001,PF202
US001,GT180
US001,VZ688
US001,RA457
US001,MM992
US001,MO804
US001,PW399
US001,OM892
US001,OY190
US001,HU642
US001,OK359
US001,GS896
US001,NS109
US001,UE801
US001,BA548
US001,YV537
US001,XA221
US001,LV576
US001,LE141
US001,KF998
US001,YD390
US001,YD028
US001,LY247
US001,LN987
US001,SI821
US001,ID198
US001,JU077
US001,YE277
US001,KX571
US001,DC010
US001,ED203
US001,ER143
US001,OA658
US001,KL578
US001,EU244
US001,PV810
US001,FY069
US001,WU004
US001,XD043
US001,LD523
US001,RN376
US001,VH941
US001,QF524
US001,VW365
US001,OB776
US001,OI947
US001,PZ318
US001,RU745
US001,CS622
US001,ZL400
US001,WV479
US001,VJ951
US001,OY189
US001,ZK234
US001,TC420
US001,BK785
US001,IA548
US001,UV340
US001,QD637
US001,IR040
US001,BN702
US001,IO805
US001,EM803
US001,UU096
US001,YD770
US001,NC680
US001,RY560
US001,OA442
US001,CM967
US001,VF458
US001,YU063
US001,PR012
US001,DQ686
US001,LF355
US001,WJ553
US001,FJ134
US001,ML880
US001,LM826
US001,OA720
US001,RW984
US001,IF661
US001,WG668
US001,QX426
US001,CI421
US001,SV668
US001,TL905
US001,FA918
US001,JM429
US001,DE309
US001,EI434
US001,LV909
US001,ZS770
US001,GY623
US001,XW714
US001,JE695
US001,VC366
US001,NX610
US001,PH510
US001,BP833
US001,NY949
US001,OL985
US001,MM851
US001,NN074
US001,PV417
US001,CB521
US001,JS899
US001,HN804
US001,FI629
US001,NL267
US001,TY258
US001,YN078
US001,AM329
US001,SD665
US001,WT822
US001,IN363
US001,GM437
US001,FX455
US001,SI452
US001,UA749
US001,GY471
US001,MN433
US001,GN503
US001,NS113
US001,TP490
US001,KE377
US001,XX004
US001,BK932
US001,PD267
US001,DI946
US001,JD071
US001,NY904
US001,HV100
US001,YR878
US001,ID262
US001,WG980
US001,LU933
US001,FJ939
US001,MV938
US001,TB281
US001,AZ590
US001,AI480
US001,RZ799
US001,GA535
US001,WM312
US001,MN059
US001,IH414
US001,EH504
US001,HQ492
US001,MC419
US001,NK737
US001,KY304
US001,SP215
US001,HS476
US001,ZT483
US001,RQ934
US001,EA732
US001,EG965
US001,LE787
US001,PX795
US001,TM688
US001,WV159
US001,UW038
US001,GT897
US001,SM560
US001,BO116
US001,HJ437
US001,CF862
US001,AL326
US001,JV624
US001,SJ307
US001,RH277
US001,FC834
US001,QB695
US001,FX969
US001,JD315
US001,VD318
US001,RJ782
US001,MM481
US001,LV701
US001,KU735
US001,GQ662
US001,IE205
US001,UG637
US001,PS602
US001,OT569
US001,CO259
US001,AT343
US001,TL132
US001,UX890
US001,QS530
US001,HL189
US001,SY637
US001,EO087
US001,JW344
US001,KP675
US001,DP181
US001,BM484
US001,FG385
US001,II029
US001,VG858
US001,JC290
US001,IS142
US001,KI516
US001,QK125
US001,XS074
US001,EL537
US001,QQ746
US001,LP961
US001,NZ085
US001,AS660
US001,MI734
US001,JJ746
US001,QM376
US001,TP558
US001,WK574
US001,DO801
US001,VT150
US001,IZ121
US001,DU940
US001,QQ505
US001,AS834
US001,AB206
US001,LA609
US001,PP529
US001,HV962
US001,RL034
US001,QH916
US001,PQ175
US001,OZ015
US001,LH542
US001,LV967
US001,QD701
US001,NT689
US001,KG010
US001,SN813
US001,EB587
US001,ZW527
US001,BS090
US001,AD352
US001,SS436
US001,HO038
US001,NQ546
US001,DN363
US001,SD135
US001,UZ599
US001,WH158
US001,XH815
US001,KY424
US001,RG484
US001,LO080
US001,SD945
US001,AX657
US001,KZ326
US001,OA913
US001,HW502
US001,TV825
US001,ON289
US001,KY967
US001,NX636
US001,FR413
US001,KE931
US001,KM518
US001,RY505
US001,KO388
US001,PX189
US001,BX154
US001,ZJ901
US001,IA730
US001,OE414
US001,RU837
US001,KS839
US001,PJ059
US001,BN608
US001,OO061
US001,LV567
US001,OT113
US001,RS601
US001,ZA258
US001,JD802
US001,GO651
US001,GS555
US001,MV782
US001,DV004
US001,CB944
US001,WC263
US001,JM156
US001,NP145
US001,RI090
US001,NC212
US001,EM288
US001,PF032
US001,FA776
US001,DK720
US001,VU482
US001,II562
US001,MO178
US001,XN483
US001,XH645
US001,XB357
US001,WU718
US001,AU940
US001,TN255
US001,SR248
US001,PJ499
US001,HB140
US001,FT381
US001,UN092
US001,WN102
US001,SL245
US001,PZ064
US001,NY088
US001,WO629
US001,OQ297
US001,TI680
US001,WZ514
US001,OD343
US001,QY246
US001,AL531
US001,AV821
US001,HL410
US001,EX297
US001,CA337
US001,DI968
US001,UT796
US001,JQ679
US001,IU454
US001,QD352
US001,PV511
US001,LX583
US001,LZ604
US001,SQ560
US001,WR453
US001,GB003
US001,BB663
US001,NO904
US001,AI278
US001,WL438
US001,OH598
US001,PH283
US001,VA883
US001,US598
US001,WD465
US001,BH745
US001,GO050
US001,XJ670
US001,LY433
US001,IR329
US001,XI977
US001,BN150
US001,EG987
US001,RM037
US001,EO080
US001,RF911
US001,ME212
US001,DY887
US001,GA439
US001,QS689
US001,FW044
US001,IX578
US001,DP237
US001,QG194
US001,US206
US001,CO430
US001,HZ237
US001,EG790
US001,EL863
US001,IN118
US001,IQ288
US001,YA921
US001,ZY127
US001,MB278
US001,KY647
US001,LK742
US001,LD227
US001,VS480
US001,ZV399
US001,FQ631
US001,YF292
US001,VG884
US001,FV180
US001,ZP980
US001,IO912
US001,FB012
US001,RS949
US001,RO418
US001,WW595
US001,EI051
US001,TL844
US001,UP704
US001,RW513
US001,WI070
US001,KZ456
US001,FX596
US001,GX540
US001,BI870
US001,ZY889
US001,JM239
US001,PR059
US001,EQ749
US001,QJ930
US001,VJ551
US001,XP915
US001,HR534
US001,DU835
US001,CG138
US001,QR031
US001,VS932
US001,ZZ195
US001,YW075
US001,ER106
US001,GS375
US001,DZ681
US001,ZO743
US001,IX934
US001,VJ414
US001,QL188
US001,MY251
US001,CR300
US001,VQ712
US001,WN264
US001,BX143
US001,OP918
US001,CL244
US001,XN545
US001,JT452
US001,VU740
US001,TT430
US001,FE495
US001,DT869
US001,DL666
US001,VB067
US001,JC884
US001,BM916
US001,OL391
US001,KG941
US001,MC692
US001,VD807
US001,LS797
US001,IN171
US001,XV757
US001,UG842
US001,NQ565
US001,UO410
US001,VW270
US001,PL434
US001,LJ518
US001,YD310
US001,YR314
US001,UP906
US001,JC717
US001,UH196
US001,BX594
US001,KP870
US001,DO047
US001,KP272
US001,WA062
US001,HT940
US001,IH413
US001,IB798
US001,VY577
US001,UP402
US001,VY171
US001,YH273
US001,EJ832
US001,JX491
US001,HU504
US001,QZ798
US001,FQ733
US001,DS102
US001,TT596
US001,ZP781
US001,OW429
US001,NO590
US001,HZ989
US001,VA766
US001,AU894
US001,KF451
US001,TL952
US001,MV129
US001,ZB184
US001,YI730
US001,HN080
US001,EF855
US001,SE588
US001,LL920
US001,NY163
US001,LJ918
US001,JJ792
US001,XQ627
US001,JE773
US001,JL465
US001,MU784
US001,YM512
US001,TC540
US001,IG371
US001,XC381
US001,CI844
US001,LU774
US001,FM108
US001,QN953
US001,DP001
US001,JB335
US001,MR883
US001,SP763
US001,MC080
