company_code,employee_id,grade_code,currency_id,salary
US001,OS854,2,1,66740
US001,WW498,2,1,66740
US001,EM601,1,1,263289
US001,OQ297,2,1,66740
US001,OA913,3,1,33496
US001,MI203,3,1,33496
US001,LO429,3,1,33496
US001,XJ698,2,1,66740
US001,EA732,2,1,66740
US001,JD315,2,1,66740
US001,EL182,2,1,66740
US001,RI950,3,1,33496
US001,VS671,2,1,66740
US001,AZ075,3,1,33496
US001,OO978,2,1,66740
US001,OU654,2,1,66740
US001,SR248,3,1,33496
US001,UO183,2,1,66740
US001,NT197,2,1,66740
US001,DU940,3,1,33496
US001,QG513,1,1,263289
US001,UA045,1,1,263289
US001,CK618,2,1,66740
US001,VL287,2,1,66740
US001,VL777,3,1,33496
US001,JF518,2,1,66740
US001,KC756,2,1,66740
US001,WE331,3,1,33496
US001,QH614,3,1,33496
US001,BA083,2,1,66740
US001,TP993,2,1,66740
US001,WS357,2,1,66740
US001,ZA719,1,1,263289
US001,BS454,2,1,66740
US001,ZW761,2,1,66740
US001,NJ267,2,1,66740
US001,JO153,3,1,33496
US001,OU431,2,1,66740
US001,EP910,3,1,33496
US001,GZ372,3,1,33496
US001,SE588,2,1,66740
US001,GV244,2,1,66740
US001,RN245,2,1,66740
US001,SV377,3,1,33496
US001,IN940,2,1,66740
US001,GO553,1,1,263289
US001,XA544,2,1,66740
US001,IY548,2,1,66740
US001,DO047,2,1,66740
US001,YM360,3,1,33496
US001,SS727,2,1,66740
US001,IW329,2,1,66740
US001,KQ508,3,1,33496
US001,WC489,3,1,33496
US001,KE407,2,1,66740
US001,LY963,2,1,66740
US001,VB000,2,1,66740
US001,UG842,3,1,33496
US001,LR844,3,1,33496
US001,HG470,3,1,33496
US001,BK040,2,1,66740
US001,RM418,2,1,66740
US001,LS476,3,1,33496
US001,MX823,2,1,66740
US001,EI859,3,1,33496
US001,EG987,2,1,66740
US001,IN118,2,1,66740
US001,LL108,3,1,33496
US001,MT202,2,1,66740
US001,IJ402,3,1,33496
US001,QX160,2,1,66740
US001,FC046,3,1,33496
US001,QZ025,2,1,66740
US001,FC806,2,1,66740
US001,BL818,3,1,33496
US001,YI379,1,1,263289
US001,VG733,1,1,263289
US001,RX742,2,1,66740
US001,YU140,3,1,33496
US001,WA062,3,1,33496
US001,DW085,3,1,33496
US001,ER777,2,1,66740
US001,VQ712,3,1,33496
US001,WN386,2,1,66740
US001,YE277,3,1,33496
US001,JQ679,3,1,33496
US001,VJ585,2,1,66740
US001,IY466,3,1,33496
US001,ZF167,3,1,33496
US001,NW705,3,1,33496
US001,HZ989,2,1,66740
US001,XH142,3,1,33496
US001,ZH618,2,1,66740
US001,OM302,3,1,33496
US001,SL931,2,1,66740
US001,EN033,2,1,66740
US001,QE528,3,1,33496
US001,MY214,3,1,33496
US001,UE730,3,1,33496
US001,QX298,3,1,33496
US001,KE280,2,1,66740
US001,MP784,3,1,33496
US001,IU113,3,1,33496
US001,PR441,2,1,66740
US001,IK698,3,1,33496
US001,CO860,2,1,66740
US001,ES976,2,1,66740
US001,QX930,2,1,66740
US001,VA267,1,1,263289
US001,OE329,2,1,66740
US001,TT596,3,1,33496
US001,SK487,2,1,66740
US001,MF901,2,1,66740
US001,MP653,2,1,66740
US001,CQ687,1,1,263289
US001,TX116,3,1,33496
US001,GB520,2,1,66740
US001,MS519,2,1,66740
US001,SJ777,2,1,66740
US001,XL456,1,1,263289
US001,YH545,2,1,66740
US001,KU160,1,1,263289
US001,VN505,1,1,263289
US001,UB445,3,1,33496
US001,IF810,1,1,263289
US001,GN503,2,1,66740
US001,VT150,2,1,66740
US001,ZA235,3,1,33496
US001,MU784,2,1,66740
US001,WV605,2,1,66740
US001,YE301,1,1,263289
US001,VO654,1,1,263289
US001,ZM352,2,1,66740
US001,II388,2,1,66740
US001,ZT535,3,1,33496
US001,EL537,3,1,33496
US001,UJ223,3,1,33496
US001,AQ054,2,1,66740
US001,PG889,3,1,33496
US001,KJ605,3,1,33496
US001,KV865,2,1,66740
US001,BJ242,2,1,66740
US001,YI334,3,1,33496
US001,NZ968,2,1,66740
US001,JU656,3,1,33496
US001,WA077,2,1,66740
US001,HU435,3,1,33496
US001,QR031,2,1,66740
US001,CF654,3,1,33496
US001,CT050,3,1,33496
US001,MZ318,2,1,66740
US001,TO477,2,1,66740
US001,ZR528,3,1,33496
US001,FJ939,2,1,66740
US001,VA640,2,1,66740
US001,BT536,2,1,66740
US001,KM038,2,1,66740
US001,YS964,2,1,66740
US001,EX122,2,1,66740
US001,FW044,3,1,33496
US001,ON647,2,1,66740
US001,ZY259,2,1,66740
US001,NQ511,2,1,66740
US001,NO904,3,1,33496
US001,XW063,2,1,66740
US001,XJ642,2,1,66740
US001,QF392,3,1,33496
US001,ZZ195,3,1,33496
US001,IS446,2,1,66740
US001,LH542,2,1,66740
US001,TB281,1,1,263289
US001,EH605,3,1,33496
US001,FU401,2,1,66740
US001,CF862,2,1,66740
US001,FB950,2,1,66740
US001,JB688,2,1,66740
US001,VB847,1,1,263289
US001,EE467,2,1,66740
US001,MK259,3,1,33496
US001,LY433,3,1,33496
US001,HB698,3,1,33496
US001,TZ553,3,1,33496
US001,ZM967,2,1,66740
US001,RF474,2,1,66740
US001,DS572,3,1,33496
US001,QL188,2,1,66740
US001,CO430,2,1,66740
US001,AV818,2,1,66740
US001,OI189,1,1,263289
US001,PL046,2,1,66740
US001,BI870,3,1,33496
US001,YD310,2,1,66740
US001,RD787,2,1,66740
US001,UB796,3,1,33496
US001,VJ577,2,1,66740
US001,FO758,2,1,66740
US001,FY603,2,1,66740
US001,WB659,2,1,66740
US001,TJ155,3,1,33496
US001,QG473,2,1,66740
US001,IU180,3,1,33496
US001,WD630,3,1,33496
US001,SD135,3,1,33496
US001,SE771,2,1,66740
US001,TL132,2,1,66740
US001,SN695,3,1,33496
US001,VO382,3,1,33496
US001,AV310,3,1,33496
US001,KW910,3,1,33496
US001,RW505,2,1,66740
US001,JN041,2,1,66740
US001,PY297,3,1,33496
US001,OM988,3,1,33496
US001,EF855,2,1,66740
US001,KB335,1,1,263289
US001,WN433,2,1,66740
US001,UI419,3,1,33496
US001,FZ315,2,1,66740
US001,UH392,3,1,33496
US001,NO590,2,1,66740
US001,YP699,3,1,33496
US001,GY623,2,1,66740
US001,FX596,1,1,263289
US001,ZP288,3,1,33496
US001,VS516,2,1,66740
US001,WK707,3,1,33496
US001,LA151,2,1,66740
US001,SM491,2,1,66740
US001,RB323,1,1,263289
US001,OC950,2,1,66740
US001,DS386,2,1,66740
US001,HB140,3,1,33496
US001,BU756,1,1,263289
US001,YA921,2,1,66740
US001,BI507,2,1,66740
US001,ZI740,3,1,33496
US001,OL949,2,1,66740
US001,BG203,3,1,33496
US001,TK052,2,1,66740
US001,TW262,2,1,66740
US001,CO124,2,1,66740
US001,ET115,2,1,66740
US001,NK737,3,1,33496
US001,YJ845,3,1,33496
US001,OA658,2,1,66740
US001,NL931,3,1,33496
US001,CW088,2,1,66740
US001,QZ340,3,1,33496
US001,RO418,3,1,33496
US001,IE220,3,1,33496
US001,JM429,2,1,66740
US001,DO894,2,1,66740
US001,GS896,3,1,33496
US001,JI205,3,1,33496
US001,ST531,2,1,66740
US001,AL323,3,1,33496
US001,FI303,2,1,66740
US001,IA842,3,1,33496
US001,KZ321,2,1,66740
US001,HJ741,2,1,66740
US001,MS935,2,1,66740
US001,VA883,3,1,33496
US001,ZL270,3,1,33496
US001,YE085,1,1,263289
US001,IA548,3,1,33496
US001,NH115,1,1,263289
US001,FK734,2,1,66740
US001,RA924,3,1,33496
US001,ON450,2,1,66740
US001,GE040,3,1,33496
US001,GN908,2,1,66740
US001,EX297,2,1,66740
US001,TG062,3,1,33496
US001,WU685,3,1,33496
US001,WC087,2,1,66740
US001,CV271,2,1,66740
US001,AL042,1,1,263289
US001,ZR955,1,1,263289
US001,ON287,3,1,33496
US001,WT290,3,1,33496
US001,WL665,2,1,66740
US001,CF740,2,1,66740
US001,KS660,3,1,33496
US001,DP573,1,1,263289
US001,ZR003,2,1,66740
US001,UT297,3,1,33496
US001,GQ310,3,1,33496
US001,DM734,2,1,66740
US001,KS802,2,1,66740
US001,HU463,2,1,66740
US001,EI051,1,1,263289
US001,RB596,2,1,66740
US001,VX013,3,1,33496
US001,VU740,2,1,66740
US001,TW243,3,1,33496
US001,TJ044,3,1,33496
US001,OC599,3,1,33496
US001,GX504,3,1,33496
US001,PD789,2,1,66740
US001,IS222,3,1,33496
US001,EX155,2,1,66740
US001,SP215,3,1,33496
US001,TT546,3,1,33496
US001,II998,3,1,33496
US001,HL712,3,1,33496
US001,GQ168,3,1,33496
US001,SN491,3,1,33496
US001,UR628,2,1,66740
US001,LJ918,1,1,263289
US001,DH373,2,1,66740
US001,FG361,2,1,66740
US001,UU377,3,1,33496
US001,LL920,3,1,33496
US001,AD041,1,1,263289
US001,RN178,3,1,33496
US001,JP493,2,1,66740
US001,LT316,2,1,66740
US001,UR924,2,1,66740
US001,LX040,3,1,33496
US001,CZ015,3,1,33496
US001,IU498,2,1,66740
US001,IT039,2,1,66740
US001,PD556,3,1,33496
US001,KO388,2,1,66740
US001,KS839,2,1,66740
US001,SX542,2,1,66740
US001,QS021,2,1,66740
US001,YN963,2,1,66740
US001,MJ215,3,1,33496
US001,UV089,3,1,33496
US001,UX583,2,1,66740
US001,HO873,1,1,263289
US001,FO481,3,1,33496
US001,NV642,1,1,263289
US001,IH836,3,1,33496
US001,OE414,3,1,33496
US001,YO353,3,1,33496
US001,NM556,3,1,33496
US001,LC389,2,1,66740
US001,KJ259,3,1,33496
US001,XS074,3,1,33496
US001,BM935,2,1,66740
US001,XI977,2,1,66740
US001,RF658,2,1,66740
US001,WX952,2,1,66740
US001,ZC808,3,1,33496
US001,VR478,3,1,33496
US001,RW984,3,1,33496
US001,GX540,2,1,66740
US001,UZ599,3,1,33496
US001,QI821,2,1,66740
US001,PD267,2,1,66740
US001,OI380,2,1,66740
US001,IU900,3,1,33496
US001,XD281,2,1,66740
US001,DR188,2,1,66740
US001,WS202,2,1,66740
US001,VU482,3,1,33496
US001,PK890,2,1,66740
US001,JG972,2,1,66740
US001,ZV844,2,1,66740
US001,FH021,1,1,263289
US001,MN059,3,1,33496
US001,DT292,2,1,66740
US001,OY343,1,1,263289
US001,VW561,3,1,33496
US001,IQ797,2,1,66740
US001,SQ008,2,1,66740
US001,HH125,2,1,66740
US001,EW609,2,1,66740
US001,JK922,2,1,66740
US001,DI968,3,1,33496
US001,KC928,2,1,66740
US001,VV766,3,1,33496
US001,XK655,1,1,263289
US001,RU745,2,1,66740
US001,HG903,2,1,66740
US001,DM254,2,1,66740
US001,CS637,2,1,66740
US001,OW807,1,1,263289
US001,GK322,3,1,33496
US001,HY850,2,1,66740
US001,MY251,3,1,33496
US001,DT357,2,1,66740
US001,XG417,3,1,33496
US001,UC464,2,1,66740
US001,UA578,2,1,66740
US001,ZR476,1,1,263289
US001,YE823,2,1,66740
US001,ZZ390,1,1,263289
US001,SQ560,2,1,66740
US001,IR095,2,1,66740
US001,ZP810,1,1,263289
US001,NX681,3,1,33496
US001,QN520,2,1,66740
US001,XP915,2,1,66740
US001,KU881,3,1,33496
US001,FU798,3,1,33496
US001,IX578,3,1,33496
US001,VA913,3,1,33496
US001,TF343,2,1,66740
US001,KS618,3,1,33496
US001,SJ546,3,1,33496
US001,HG495,2,1,66740
US001,CQ239,2,1,66740
US001,WZ923,3,1,33496
US001,WU698,2,1,66740
US001,LP527,2,1,66740
US001,KK518,3,1,33496
US001,YH033,2,1,66740
US001,AX965,3,1,33496
US001,TO505,2,1,66740
US001,JC594,2,1,66740
US001,TB742,3,1,33496
US001,US598,3,1,33496
US001,ZK675,3,1,33496
US001,GP453,2,1,66740
US001,TG207,3,1,33496
US001,SP763,2,1,66740
US001,WS690,2,1,66740
US001,WB941,2,1,66740
US001,UU975,2,1,66740
US001,AR064,2,1,66740
US001,FU687,2,1,66740
US001,MV297,3,1,33496
US001,BQ430,2,1,66740
US001,JD043,3,1,33496
US001,QQ746,2,1,66740
US001,OY777,2,1,66740
US001,MV753,2,1,66740
US001,FN253,3,1,33496
US001,BH265,3,1,33496
US001,LJ526,2,1,66740
US001,AF467,2,1,66740
US001,KV892,3,1,33496
US001,UM085,2,1,66740
US001,DL940,3,1,33496
US001,OC182,2,1,66740
US001,MI630,2,1,66740
US001,RH196,2,1,66740
US001,VF458,2,1,66740
US001,BB663,2,1,66740
US001,SU930,2,1,66740
US001,GE898,2,1,66740
US001,KC943,2,1,66740
US001,GE975,3,1,33496
US001,IS142,3,1,33496
US001,XT040,3,1,33496
US001,MP437,1,1,263289
US001,SI076,2,1,66740
US001,NU771,1,1,263289
US001,BN774,2,1,66740
US001,ZY889,3,1,33496
US001,MG466,3,1,33496
US001,LF186,3,1,33496
US001,WD337,3,1,33496
US001,RJ782,2,1,66740
US001,ME511,3,1,33496
US001,JV755,3,1,33496
US001,XA465,3,1,33496
US001,TD379,2,1,66740
US001,BC980,2,1,66740
US001,IV106,2,1,66740
US001,SC414,2,1,66740
US001,DP181,2,1,66740
US001,JU860,2,1,66740
US001,CV235,3,1,33496
US001,CU983,3,1,33496
US001,NQ565,3,1,33496
US001,FM108,3,1,33496
US001,MK680,3,1,33496
US001,RV329,3,1,33496
US001,JX491,1,1,263289
US001,ZK981,1,1,263289
US001,AG750,1,1,263289
US001,XL821,2,1,66740
US001,CA337,2,1,66740
US001,GF090,2,1,66740
US001,JH038,2,1,66740
US001,QS689,2,1,66740
US001,FQ870,3,1,33496
US001,NY931,3,1,33496
US001,XW543,2,1,66740
US001,GA535,2,1,66740
US001,OP213,3,1,33496
US001,GZ128,2,1,66740
US001,BP977,3,1,33496
US001,TA747,2,1,66740
US001,VS932,2,1,66740
US001,MC038,2,1,66740
US001,CS475,2,1,66740
US001,OL432,3,1,33496
US001,TQ992,2,1,66740
US001,KW393,3,1,33496
US001,AB537,2,1,66740
US001,QX055,1,1,263289
US001,BJ966,1,1,263289
US001,MV644,3,1,33496
US001,QY246,2,1,66740
US001,NY163,3,1,33496
US001,JM156,3,1,33496
US001,GS555,3,1,33496
US001,YJ150,2,1,66740
US001,NZ652,2,1,66740
US001,UU347,2,1,66740
US001,YR314,2,1,66740
US001,XE676,3,1,33496
US001,AQ874,2,1,66740
US001,MD439,2,1,66740
US001,WA236,3,1,33496
US001,RG291,3,1,33496
US001,ZQ530,3,1,33496
US001,TE017,2,1,66740
US001,YF219,2,1,66740
US001,MN362,2,1,66740
US001,II404,3,1,33496
US001,MJ237,3,1,33496
US001,PI627,2,1,66740
US001,FG385,2,1,66740
US001,TL844,2,1,66740
US001,VK516,3,1,33496
US001,LB968,2,1,66740
US001,VM187,3,1,33496
US001,OM366,1,1,263289
US001,HN132,2,1,66740
US001,HV058,3,1,33496
US001,IG595,2,1,66740
US001,JG838,3,1,33496
US001,RG637,2,1,66740
US001,EK216,2,1,66740
US001,QC568,2,1,66740
US001,EI931,3,1,33496
US001,LW505,2,1,66740
US001,FO599,2,1,66740
US001,DC133,1,1,263289
US001,IC593,2,1,66740
US001,AQ637,1,1,263289
US001,QY846,3,1,33496
US001,TX270,2,1,66740
US001,OB802,2,1,66740
US001,KX376,3,1,33496
US001,RU198,2,1,66740
US001,NX610,3,1,33496
US001,SX315,2,1,66740
US001,EO197,2,1,66740
US001,NA733,2,1,66740
US001,WM015,2,1,66740
US001,JG524,2,1,66740
US001,AP339,2,1,66740
US001,RI238,2,1,66740
US001,MC692,3,1,33496
US001,ZF084,3,1,33496
US001,RC361,2,1,66740
US001,BH745,3,1,33496
US001,NE217,2,1,66740
US001,XM238,2,1,66740
US001,GM770,3,1,33496
US001,LJ575,3,1,33496
US001,FA776,3,1,33496
US001,RO964,3,1,33496
US001,JN251,2,1,66740
US001,ML880,2,1,66740
US001,AQ970,2,1,66740
US001,BU441,2,1,66740
US001,MW527,2,1,66740
US001,ZP781,3,1,33496
US001,CF534,3,1,33496
US001,LD523,2,1,66740
US001,TP104,3,1,33496
US001,JR157,3,1,33496
US001,HZ423,2,1,66740
US001,BP423,3,1,33496
US001,BC721,3,1,33496
US001,XH374,2,1,66740
US001,DN363,2,1,66740
US001,MA541,3,1,33496
US001,JV624,3,1,33496
US001,RV101,3,1,33496
US001,PQ794,2,1,66740
US001,JY501,3,1,33496
US001,CF094,3,1,33496
US001,QR820,2,1,66740
US001,RJ605,3,1,33496
US001,MV782,2,1,66740
US001,GM336,2,1,66740
US001,JJ627,3,1,33496
US001,QS794,2,1,66740
US001,YE555,3,1,33496
US001,RZ341,3,1,33496
US001,WC263,2,1,66740
US001,HT438,2,1,66740
US001,LA600,2,1,66740
US001,EO844,2,1,66740
US001,EZ247,2,1,66740
US001,QA132,3,1,33496
US001,ZG899,2,1,66740
US001,YU205,2,1,66740
US001,DR695,2,1,66740
US001,UI445,3,1,33496
US001,VH941,2,1,66740
US001,MO178,1,1,263289
US001,JG076,3,1,33496
US001,PL946,2,1,66740
US001,AM277,1,1,263289
US001,JN285,3,1,33496
US001,EM059,2,1,66740
US001,QX426,3,1,33496
US001,EE012,3,1,33496
US001,GZ004,3,1,33496
US001,ST143,3,1,33496
US001,RA949,2,1,66740
US001,QY994,2,1,66740
US001,KG357,2,1,66740
US001,CO259,1,1,263289
US001,IO912,2,1,66740
US001,ZR538,2,1,66740
US001,YG449,1,1,263289
US001,UE801,2,1,66740
US001,TP862,2,1,66740
US001,OV423,1,1,263289
US001,IE339,2,1,66740
US001,EB061,2,1,66740
US001,DT869,3,1,33496
US001,HJ427,3,1,33496
US001,MT794,2,1,66740
US001,BY762,3,1,33496
US001,DK720,2,1,66740
US001,AR763,3,1,33496
US001,MF172,2,1,66740
US001,LX220,3,1,33496
US001,PZ339,3,1,33496
US001,NC130,3,1,33496
US001,UF720,2,1,66740
US001,EG664,2,1,66740
US001,VO207,2,1,66740
US001,ZB850,2,1,66740
US001,NW659,3,1,33496
US001,OR492,2,1,66740
US001,IT527,2,1,66740
US001,YF292,2,1,66740
US001,ZE042,3,1,33496
US001,VJ951,2,1,66740
US001,MI032,2,1,66740
US001,EF162,3,1,33496
US001,QV714,2,1,66740
US001,WZ396,3,1,33496
US001,EP516,3,1,33496
US001,DA296,2,1,66740
US001,QQ316,3,1,33496
US001,VA137,2,1,66740
US001,RE708,3,1,33496
US001,NY904,3,1,33496
US001,NK380,3,1,33496
US001,YV537,2,1,66740
US001,SB850,2,1,66740
US001,CU158,2,1,66740
US001,LW601,3,1,33496
US001,LF583,3,1,33496
US001,AH431,1,1,263289
US001,OH722,2,1,66740
US001,IP398,3,1,33496
US001,EM288,3,1,33496
US001,GY563,2,1,66740
US001,KY432,2,1,66740
US001,HC676,3,1,33496
US001,MJ493,3,1,33496
US001,GS563,1,1,263289
US001,VJ551,2,1,66740
US001,VT214,2,1,66740
US001,PN604,2,1,66740
US001,OW238,2,1,66740
US001,FT004,2,1,66740
US001,JC475,2,1,66740
US001,HH410,3,1,33496
US001,TS906,2,1,66740
US001,MZ879,2,1,66740
US001,OW846,2,1,66740
US001,YM512,3,1,33496
US001,BE269,3,1,33496
US001,JJ572,2,1,66740
US001,KH125,3,1,33496
US001,GP468,2,1,66740
US001,IC371,2,1,66740
US001,WV479,3,1,33496
US001,LM911,3,1,33496
US001,NL209,1,1,263289
US001,NL267,2,1,66740
US001,NX146,1,1,263289
US001,NS113,3,1,33496
US001,GW695,3,1,33496
US001,QZ930,2,1,66740
US001,QW394,2,1,66740
US001,YD287,3,1,33496
US001,LS797,2,1,66740
US001,SE301,2,1,66740
US001,KN784,1,1,263289
US001,LA609,2,1,66740
US001,HV306,2,1,66740
US001,SV769,2,1,66740
US001,RP532,1,1,263289
US001,GL718,2,1,66740
US001,HD144,2,1,66740
US001,VI567,2,1,66740
US001,OI357,3,1,33496
US001,EG439,2,1,66740
US001,JN591,2,1,66740
US001,PJ793,2,1,66740
US001,KP402,2,1,66740
US001,VI554,2,1,66740
US001,MK243,3,1,33496
US001,KY647,3,1,33496
US001,YR259,3,1,33496
US001,HK525,1,1,263289
US001,ME212,3,1,33496
US001,JP534,2,1,66740
US001,VS507,3,1,33496
US001,DB835,3,1,33496
US001,FS912,2,1,66740
US001,GO638,2,1,66740
US001,YS058,2,1,66740
US001,HC688,2,1,66740
US001,JC717,3,1,33496
US001,KB320,2,1,66740
US001,IC815,2,1,66740
US001,TC192,2,1,66740
US001,EG427,2,1,66740
US001,QH916,3,1,33496
US001,AU518,3,1,33496
US001,HY538,2,1,66740
US001,UC956,2,1,66740
US001,RT017,2,1,66740
US001,PL434,3,1,33496
US001,JU077,3,1,33496
US001,ZA301,2,1,66740
US001,TN249,3,1,33496
US001,ZQ888,2,1,66740
US001,QA548,1,1,263289
US001,LE867,3,1,33496
US001,BL454,2,1,66740
US001,UI444,2,1,66740
US001,OR691,2,1,66740
US001,YJ029,2,1,66740
US001,PF460,2,1,66740
US001,RY487,2,1,66740
US001,EO539,3,1,33496
US001,BF549,3,1,33496
US001,BZ358,3,1,33496
US001,CR300,3,1,33496
US001,DC010,2,1,66740
US001,CH324,3,1,33496
US001,JM024,2,1,66740
US001,WN188,2,1,66740
US001,JT452,3,1,33496
US001,JM649,2,1,66740
US001,KY605,3,1,33496
US001,QB567,2,1,66740
US001,YP977,3,1,33496
US001,OZ015,3,1,33496
US001,JE338,3,1,33496
US001,PX795,3,1,33496
US001,NB786,2,1,66740
US001,PY727,3,1,33496
US001,TL705,3,1,33496
US001,FX797,3,1,33496
US001,FJ134,3,1,33496
US001,DL600,1,1,263289
US001,SO573,2,1,66740
US001,HB553,3,1,33496
US001,CB858,2,1,66740
US001,RP580,1,1,263289
US001,JA880,3,1,33496
US001,WO075,3,1,33496
US001,TJ312,2,1,66740
US001,LB941,3,1,33496
US001,MX620,3,1,33496
US001,BZ911,3,1,33496
US001,UN216,2,1,66740
US001,VU768,2,1,66740
US001,QX411,3,1,33496
US001,QP557,2,1,66740
US001,FI355,2,1,66740
US001,ZE638,2,1,66740
US001,GB003,2,1,66740
US001,MR761,3,1,33496
US001,YI166,2,1,66740
US001,SF728,2,1,66740
US001,SD395,3,1,33496
US001,DI639,3,1,33496
US001,IW707,2,1,66740
US001,TP490,2,1,66740
US001,UU096,2,1,66740
US001,HM050,3,1,33496
US001,DT265,1,1,263289
US001,BY319,2,1,66740
US001,CZ861,2,1,66740
US001,IK910,2,1,66740
US001,VV850,2,1,66740
US001,YJ295,3,1,33496
US001,OT432,2,1,66740
US001,QB695,2,1,66740
US001,KY636,2,1,66740
US001,RZ799,3,1,33496
US001,QS546,1,1,263289
US001,ZN644,2,1,66740
US001,KD788,3,1,33496
US001,XB357,3,1,33496
US001,XE747,2,1,66740
US001,LI464,3,1,33496
US001,LI470,3,1,33496
US001,QY948,2,1,66740
US001,NQ962,2,1,66740
US001,WN264,3,1,33496
US001,EU538,2,1,66740
US001,MF001,3,1,33496
US001,AX610,2,1,66740
US001,SK615,2,1,66740
US001,FA630,1,1,263289
US001,BX529,3,1,33496
US001,SI096,2,1,66740
US001,ZR818,2,1,66740
US001,KG083,2,1,66740
US001,TW018,1,1,263289
US001,ZH413,2,1,66740
US001,JM620,3,1,33496
US001,EP810,3,1,33496
US001,HV962,2,1,66740
US001,XQ627,2,1,66740
US001,OC883,2,1,66740
US001,UJ191,3,1,33496
US001,VA310,3,1,33496
US001,WO543,3,1,33496
US001,CJ820,2,1,66740
US001,RE926,3,1,33496
US001,UU193,3,1,33496
US001,AL276,2,1,66740
US001,UV152,2,1,66740
US001,PN395,3,1,33496
US001,EQ826,2,1,66740
US001,BB587,3,1,33496
US001,HP292,2,1,66740
US001,RW118,2,1,66740
US001,WM525,2,1,66740
US001,TQ371,3,1,33496
US001,CX595,2,1,66740
US001,ZH093,2,1,66740
US001,QN551,2,1,66740
US001,OX648,2,1,66740
US001,FV306,2,1,66740
US001,YY735,3,1,33496
US001,JI136,3,1,33496
US001,QP881,3,1,33496
US001,DU842,3,1,33496
US001,XZ816,3,1,33496
US001,GM082,3,1,33496
US001,KL807,3,1,33496
US001,FR749,2,1,66740
US001,BJ200,3,1,33496
US001,OG493,3,1,33496
US001,AF000,2,1,66740
US001,LZ162,3,1,33496
US001,TJ364,3,1,33496
US001,OH598,2,1,66740
US001,JL006,2,1,66740
US001,JA131,2,1,66740
US001,VC938,1,1,263289
US001,AS493,3,1,33496
US001,ZN274,3,1,33496
US001,RQ602,2,1,66740
US001,BC814,3,1,33496
US001,DX618,3,1,33496
US001,AS834,3,1,33496
US001,SD945,2,1,66740
US001,EG790,3,1,33496
US001,DB780,3,1,33496
US001,MZ992,3,1,33496
US001,LJ844,3,1,33496
US001,KG441,2,1,66740
US001,IF552,2,1,66740
US001,RW513,1,1,263289
US001,NH496,2,1,66740
US001,EL104,1,1,263289
US001,ZS770,3,1,33496
US001,DE455,2,1,66740
US001,KV481,2,1,66740
US001,CR635,1,1,263289
US001,DT242,2,1,66740
US001,BK459,1,1,263289
US001,UK857,2,1,66740
US001,AC832,2,1,66740
US001,HZ247,3,1,33496
US001,WK041,3,1,33496
US001,WP939,2,1,66740
US001,ST922,3,1,33496
US001,AL128,1,1,263289
US001,LV991,2,1,66740
US001,JZ883,2,1,66740
US001,HM972,3,1,33496
US001,UH167,2,1,66740
US001,JL770,3,1,33496
US001,HS476,3,1,33496
US001,AB206,2,1,66740
US001,XF020,2,1,66740
US001,HC320,2,1,66740
US001,UU871,3,1,33496
US001,PQ760,3,1,33496
US001,AJ291,3,1,33496
US001,QV940,2,1,66740
US001,XA591,2,1,66740
US001,ZA258,2,1,66740
US001,HA931,1,1,263289
US001,DV353,2,1,66740
US001,WQ566,2,1,66740
US001,YN793,2,1,66740
US001,WM267,2,1,66740
US001,ZC061,2,1,66740
US001,SJ345,3,1,33496
US001,UV640,1,1,263289
US001,KH000,2,1,66740
US001,AA374,3,1,33496
US001,MY028,2,1,66740
US001,QM872,3,1,33496
US001,RD221,3,1,33496
US001,AN249,3,1,33496
US001,KC784,3,1,33496
US001,UK521,1,1,263289
US001,AV821,2,1,66740
US001,OX204,2,1,66740
US001,AK512,2,1,66740
US001,PU735,2,1,66740
US001,YD028,2,1,66740
US001,KZ848,3,1,33496
US001,WI070,1,1,263289
US001,HU489,3,1,33496
US001,JG005,3,1,33496
US001,FU313,2,1,66740
US001,NL548,3,1,33496
US001,PX399,2,1,66740
US001,SX183,2,1,66740
US001,UG133,3,1,33496
US001,ZB322,1,1,263289
US001,CE759,2,1,66740
US001,ZY405,3,1,33496
US001,FJ486,2,1,66740
US001,OQ177,2,1,66740
US001,IZ942,1,1,263289
US001,PM431,1,1,263289
US001,ZF060,3,1,33496
US001,XH815,2,1,66740
US001,NY949,3,1,33496
US001,UV340,1,1,263289
US001,MY543,1,1,263289
US001,DV677,1,1,263289
US001,HX971,3,1,33496
US001,BL374,3,1,33496
US001,MO804,1,1,263289
US001,VJ414,3,1,33496
US001,KZ111,2,1,66740
US001,HV985,2,1,66740
US001,NV791,2,1,66740
US001,QW064,2,1,66740
US001,JC884,2,1,66740
US001,QC179,2,1,66740
US001,EF447,2,1,66740
US001,TC800,2,1,66740
US001,BS090,2,1,66740
US001,UA749,3,1,33496
US001,RK217,2,1,66740
US001,BL975,3,1,33496
US001,LT442,2,1,66740
US001,MF903,3,1,33496
US001,MU229,3,1,33496
US001,QA187,1,1,263289
US001,ZJ901,3,1,33496
US001,IX934,2,1,66740
US001,OR227,3,1,33496
US001,FG546,2,1,66740
US001,DM880,3,1,33496
US001,UN842,2,1,66740
US001,OI324,2,1,66740
US001,HD509,3,1,33496
US001,XB434,2,1,66740
US001,EZ634,3,1,33496
US001,XT841,1,1,263289
US001,KD621,2,1,66740
US001,TE747,1,1,263289
US001,QQ505,2,1,66740
US001,WH978,1,1,263289
US001,DS735,2,1,66740
US001,LU774,2,1,66740
US001,BQ082,2,1,66740
US001,RR551,3,1,33496
US001,LU232,2,1,66740
US001,ZZ676,2,1,66740
US001,VB067,2,1,66740
US001,PH860,3,1,33496
US001,MI774,2,1,66740
US001,IW558,3,1,33496
US001,QL512,3,1,33496
US001,PB298,3,1,33496
US001,LK697,2,1,66740
US001,FX455,2,1,66740
US001,XV060,2,1,66740
US001,GF779,3,1,33496
US001,FX969,2,1,66740
US001,SR647,3,1,33496
US001,WZ358,2,1,66740
US001,HX107,2,1,66740
US001,KM650,3,1,33496
US001,LQ840,2,1,66740
US001,VA478,2,1,66740
US001,KZ032,3,1,33496
US001,VS308,3,1,33496
US001,WV882,2,1,66740
US001,JQ198,3,1,33496
US001,NC992,3,1,33496
US001,CQ830,2,1,66740
US001,EP459,2,1,66740
US001,UE186,1,1,263289
US001,FN507,3,1,33496
US001,MC419,3,1,33496
US001,KI324,2,1,66740
US001,TJ686,3,1,33496
US001,LC198,2,1,66740
US001,CM426,3,1,33496
US001,LV074,2,1,66740
US001,HI163,2,1,66740
US001,LB424,3,1,33496
US001,WG366,3,1,33496
US001,MB368,3,1,33496
US001,PZ064,2,1,66740
US001,ZW684,1,1,263289
US001,JJ537,3,1,33496
US001,AZ269,1,1,263289
US001,MR512,2,1,66740
US001,LU647,2,1,66740
US001,SY526,2,1,66740
US001,EB743,1,1,263289
US001,SH430,3,1,33496
US001,OM454,2,1,66740
US001,OL604,3,1,33496
US001,CQ178,3,1,33496
US001,PF663,3,1,33496
US001,NQ431,3,1,33496
US001,HU423,3,1,33496
US001,DE309,3,1,33496
US001,CV101,2,1,66740
US001,KG010,3,1,33496
US001,ZE065,2,1,66740
US001,NN731,2,1,66740
US001,FD594,3,1,33496
US001,JU370,2,1,66740
US001,IJ006,2,1,66740
US001,LJ522,2,1,66740
US001,AE556,3,1,33496
US001,VO849,2,1,66740
US001,TL692,3,1,33496
US001,CU425,3,1,33496
US001,II562,1,1,263289
US001,BA783,2,1,66740
US001,EF050,2,1,66740
US001,XQ651,2,1,66740
US001,CJ500,3,1,33496
US001,TN255,2,1,66740
US001,HC796,2,1,66740
US001,GI361,2,1,66740
US001,CV411,3,1,33496
US001,JG612,2,1,66740
US001,BO545,3,1,33496
US001,QN835,2,1,66740
US001,CM203,3,1,33496
US001,AO508,3,1,33496
US001,AL531,2,1,66740
US001,KG248,1,1,263289
US001,WL573,2,1,66740
US001,OB791,2,1,66740
US001,EN916,2,1,66740
US001,ST154,1,1,263289
US001,XN483,2,1,66740
US001,MS857,2,1,66740
US001,ZT979,2,1,66740
US001,YE899,2,1,66740
US001,JF178,3,1,33496
US001,FV121,2,1,66740
US001,LS228,1,1,263289
US001,KI254,1,1,263289
US001,UG637,2,1,66740
US001,HX879,3,1,33496
US001,JL465,2,1,66740
US001,CB521,2,1,66740
US001,EU814,2,1,66740
US001,IT962,2,1,66740
US001,DI085,2,1,66740
US001,QS530,3,1,33496
US001,PP337,2,1,66740
US001,BX143,3,1,33496
US001,MM543,2,1,66740
US001,SE009,3,1,33496
US001,AD218,1,1,263289
US001,WT634,3,1,33496
US001,OS354,3,1,33496
US001,BZ619,3,1,33496
US001,IB743,2,1,66740
US001,XX559,1,1,263289
US001,RF911,3,1,33496
US001,HD171,3,1,33496
US001,RM359,2,1,66740
US001,JD802,3,1,33496
US001,MY068,2,1,66740
US001,WH152,2,1,66740
US001,DH449,2,1,66740
US001,KE119,3,1,33496
US001,XS717,3,1,33496
US001,MM992,3,1,33496
US001,FP392,3,1,33496
US001,DA337,3,1,33496
US001,IF661,3,1,33496
US001,YP377,3,1,33496
US001,CZ560,3,1,33496
US001,JG926,2,1,66740
US001,ZR087,2,1,66740
US001,QR061,2,1,66740
US001,AK990,2,1,66740
US001,RL034,2,1,66740
US001,QW973,2,1,66740
US001,HV490,2,1,66740
US001,KS359,2,1,66740
US001,VX906,3,1,33496
US001,MR883,2,1,66740
US001,AM031,2,1,66740
US001,OY622,3,1,33496
US001,EW943,2,1,66740
US001,QB278,2,1,66740
US001,IL401,1,1,263289
US001,UJ157,2,1,66740
US001,DH901,3,1,33496
US001,NC680,1,1,263289
US001,HJ437,2,1,66740
US001,AK939,3,1,33496
US001,IG371,3,1,33496
US001,JR470,2,1,66740
US001,SJ106,3,1,33496
US001,YN426,3,1,33496
US001,RM611,3,1,33496
US001,OU730,3,1,33496
US001,OL391,3,1,33496
US001,VM372,2,1,66740
US001,NL780,1,1,263289
US001,PD951,3,1,33496
US001,IF171,3,1,33496
US001,RA457,2,1,66740
US001,BF717,3,1,33496
US001,KP675,2,1,66740
US001,EC767,2,1,66740
US001,EM366,3,1,33496
US001,HW698,2,1,66740
US001,BO735,3,1,33496
US001,BH286,2,1,66740
US001,RP082,2,1,66740
US001,SB578,3,1,33496
US001,AI014,3,1,33496
US001,TZ532,3,1,33496
US001,TW822,3,1,33496
US001,JB321,2,1,66740
US001,LQ359,2,1,66740
US001,KF451,2,1,66740
US001,EN084,2,1,66740
US001,IQ288,2,1,66740
US001,RP335,2,1,66740
US001,PW431,2,1,66740
US001,OE951,2,1,66740
US001,WG980,2,1,66740
US001,VC164,2,1,66740
US001,AM740,2,1,66740
US001,TM336,2,1,66740
US001,WO160,3,1,33496
US001,LJ243,2,1,66740
US001,OM892,3,1,33496
US001,PH566,2,1,66740
US001,BK516,3,1,33496
US001,GH225,2,1,66740
US001,KQ246,2,1,66740
US001,XD043,2,1,66740
US001,WV159,2,1,66740
US001,GS375,3,1,33496
US001,ZD915,1,1,263289
US001,LP190,3,1,33496
US001,DH956,3,1,33496
US001,OQ367,3,1,33496
US001,ZQ139,1,1,263289
US001,AH575,2,1,66740
US001,IJ971,2,1,66740
US001,PY614,2,1,66740
US001,AU940,1,1,263289
US001,TG221,2,1,66740
US001,EZ945,1,1,263289
US001,QM237,1,1,263289
US001,YP468,2,1,66740
US001,MS934,2,1,66740
US001,XU854,2,1,66740
US001,OS318,3,1,33496
US001,KN401,2,1,66740
US001,XR734,3,1,33496
US001,IX797,2,1,66740
US001,GU884,2,1,66740
US001,XI958,3,1,33496
US001,BO116,1,1,263289
US001,JM239,3,1,33496
US001,TE844,3,1,33496
US001,OH690,3,1,33496
US001,KP468,2,1,66740
US001,HE147,2,1,66740
US001,CQ692,2,1,66740
US001,YN863,2,1,66740
US001,QG426,3,1,33496
US001,RQ135,3,1,33496
US001,RD184,2,1,66740
US001,QY731,3,1,33496
US001,PD408,2,1,66740
US001,YU957,3,1,33496
US001,QW187,1,1,263289
US001,AD129,3,1,33496
US001,LO002,2,1,66740
US001,GS400,1,1,263289
US001,MH494,2,1,66740
US001,MV129,2,1,66740
US001,KX333,1,1,263289
US001,EH617,2,1,66740
US001,YV904,3,1,33496
US001,GZ984,2,1,66740
US001,MN364,3,1,33496
US001,GG568,2,1,66740
US001,RP178,3,1,33496
US001,LZ700,2,1,66740
US001,JH142,2,1,66740
US001,CO733,3,1,33496
US001,PF612,3,1,33496
US001,VL355,2,1,66740
US001,DP897,3,1,33496
US001,OU839,2,1,66740
US001,YD390,3,1,33496
US001,ZW002,2,1,66740
US001,AQ769,3,1,33496
US001,NG508,1,1,263289
US001,GR072,2,1,66740
US001,MY368,3,1,33496
US001,AB379,3,1,33496
US001,XN613,2,1,66740
US001,EV369,3,1,33496
US001,LH861,2,1,66740
US001,RS315,2,1,66740
US001,ZN624,2,1,66740
US001,YG662,2,1,66740
US001,DI946,3,1,33496
US001,KL578,2,1,66740
US001,IT322,2,1,66740
US001,KQ735,2,1,66740
US001,TA985,3,1,33496
US001,YJ347,2,1,66740
US001,SS309,3,1,33496
US001,KK374,2,1,66740
US001,KG941,3,1,33496
US001,VS235,2,1,66740
US001,NI776,2,1,66740
US001,FT573,2,1,66740
US001,UI789,1,1,263289
US001,PY432,1,1,263289
US001,VM566,2,1,66740
US001,LV369,2,1,66740
US001,FC238,2,1,66740
US001,RO992,2,1,66740
US001,VY577,3,1,33496
US001,BK311,3,1,33496
US001,IU915,3,1,33496
US001,JJ792,2,1,66740
US001,DP237,3,1,33496
US001,ZK234,2,1,66740
US001,CW588,3,1,33496
US001,FE495,2,1,66740
US001,QO038,2,1,66740
US001,QG194,3,1,33496
US001,TA677,2,1,66740
US001,TM685,1,1,263289
US001,LW044,2,1,66740
US001,CB216,3,1,33496
US001,BR236,3,1,33496
US001,XX100,2,1,66740
US001,XC131,3,1,33496
US001,YH413,2,1,66740
US001,QX172,3,1,33496
US001,VE718,2,1,66740
US001,BY683,2,1,66740
US001,QD637,2,1,66740
US001,SY316,2,1,66740
US001,SK246,2,1,66740
US001,OL985,2,1,66740
US001,LN987,2,1,66740
US001,VE830,2,1,66740
US001,MP186,2,1,66740
US001,IU245,2,1,66740
US001,TE554,2,1,66740
US001,KF998,2,1,66740
US001,HN080,2,1,66740
US001,NB463,2,1,66740
US001,XQ676,2,1,66740
US001,TR196,3,1,33496
US001,HL713,2,1,66740
US001,YP271,2,1,66740
US001,NL175,3,1,33496
US001,AL380,3,1,33496
US001,XE173,3,1,33496
US001,RY505,3,1,33496
US001,QD302,1,1,263289
US001,OX860,2,1,66740
US001,QT008,2,1,66740
US001,FC785,1,1,263289
US001,PC332,3,1,33496
US001,NN110,3,1,33496
US001,VG656,2,1,66740
US001,MI588,3,1,33496
US001,PZ318,3,1,33496
US001,EY475,3,1,33496
US001,EW314,3,1,33496
US001,HE235,3,1,33496
US001,ZH423,2,1,66740
US001,XQ372,2,1,66740
US001,II029,3,1,33496
US001,VM683,3,1,33496
US001,GF574,3,1,33496
US001,QO312,3,1,33496
US001,IU235,2,1,66740
US001,KP870,3,1,33496
US001,GB676,3,1,33496
US001,AF436,3,1,33496
US001,ZB184,2,1,66740
US001,VC366,2,1,66740
US001,KG115,3,1,33496
US001,KW520,3,1,33496
US001,AT950,3,1,33496
US001,VE054,2,1,66740
US001,ZN975,1,1,263289
US001,CC346,2,1,66740
US001,NJ025,2,1,66740
US001,JU212,2,1,66740
US001,TP804,2,1,66740
US001,WT822,2,1,66740
US001,MN433,1,1,263289
US001,ZV692,2,1,66740
US001,BT479,2,1,66740
US001,HO038,2,1,66740
US001,TJ520,2,1,66740
US001,RC549,2,1,66740
US001,IB659,3,1,33496
US001,AS705,1,1,263289
US001,WM685,2,1,66740
US001,AX886,3,1,33496
US001,FC834,2,1,66740
US001,PA438,3,1,33496
US001,ZT783,2,1,66740
US001,XX004,3,1,33496
US001,XW287,2,1,66740
US001,CP695,3,1,33496
US001,NQ546,2,1,66740
US001,TD919,3,1,33496
US001,MZ541,2,1,66740
US001,UR263,3,1,33496
US001,IE205,2,1,66740
US001,ZW244,3,1,33496
US001,LI348,2,1,66740
US001,VR445,2,1,66740
US001,IA790,2,1,66740
US001,KU256,2,1,66740
US001,KO972,3,1,33496
US001,BM955,3,1,33496
US001,YH273,2,1,66740
US001,HV100,2,1,66740
US001,NN093,2,1,66740
US001,HH308,2,1,66740
US001,KF897,3,1,33496
US001,IP689,2,1,66740
US001,XE433,2,1,66740
US001,RQ934,2,1,66740
US001,LV691,3,1,33496
US001,CP881,2,1,66740
US001,QJ685,3,1,33496
US001,FT381,3,1,33496
US001,VL017,2,1,66740
US001,LL567,2,1,66740
US001,QU217,3,1,33496
US001,TY258,2,1,66740
US001,SF972,3,1,33496
US001,OD182,1,1,263289
US001,VB750,2,1,66740
US001,FU431,2,1,66740
US001,IZ189,1,1,263289
US001,JC053,3,1,33496
US001,YF968,3,1,33496
US001,SJ125,3,1,33496
US001,KE456,2,1,66740
US001,DH870,2,1,66740
US001,DO715,1,1,263289
US001,VP723,3,1,33496
US001,PH761,2,1,66740
US001,ME990,2,1,66740
US001,WU667,2,1,66740
US001,TM691,2,1,66740
US001,OW429,2,1,66740
US001,HR965,3,1,33496
US001,ZI753,3,1,33496
US001,MC080,3,1,33496
US001,EX957,3,1,33496
US001,HM494,2,1,66740
US001,AB601,3,1,33496
US001,GC120,3,1,33496
US001,FV180,2,1,66740
US001,WH145,2,1,66740
US001,EL863,3,1,33496
US001,OI947,2,1,66740
US001,KE579,2,1,66740
US001,AV720,2,1,66740
US001,HB117,3,1,33496
US001,WI575,2,1,66740
US001,IA977,2,1,66740
US001,LL672,2,1,66740
US001,DN660,2,1,66740
US001,XA221,3,1,33496
US001,ZU609,2,1,66740
US001,MG853,2,1,66740
US001,PH790,2,1,66740
US001,QO832,2,1,66740
US001,NZ674,2,1,66740
US001,WD465,3,1,33496
US001,UW038,1,1,263289
US001,ZW527,2,1,66740
US001,NP145,2,1,66740
US001,DA467,2,1,66740
US001,WI817,2,1,66740
US001,OL539,1,1,263289
US001,BQ717,3,1,33496
US001,QG292,3,1,33496
US001,UA221,2,1,66740
US001,OR126,2,1,66740
US001,SD907,2,1,66740
US001,XN451,1,1,263289
US001,KX432,3,1,33496
US001,UN388,2,1,66740
US001,YG858,1,1,263289
US001,XU094,2,1,66740
US001,WT012,2,1,66740
US001,PD221,3,1,33496
US001,RP054,1,1,263289
US001,VJ722,3,1,33496
US001,CZ097,2,1,66740
US001,XU423,2,1,66740
US001,LV701,3,1,33496
US001,WH723,3,1,33496
US001,KD268,2,1,66740
US001,TZ247,3,1,33496
US001,PY031,2,1,66740
US001,EW153,2,1,66740
US001,GR339,3,1,33496
US001,KG230,3,1,33496
US001,CA342,2,1,66740
US001,OE590,3,1,33496
US001,UT796,2,1,66740
US001,YZ737,3,1,33496
US001,AR472,3,1,33496
US001,MK649,1,1,263289
US001,LA412,2,1,66740
US001,UO843,3,1,33496
US001,GS246,2,1,66740
US001,AV312,3,1,33496
US001,LV567,3,1,33496
US001,JS166,2,1,66740
US001,KN640,2,1,66740
US001,RH277,2,1,66740
US001,DQ813,3,1,33496
US001,LW083,2,1,66740
US001,ZQ936,2,1,66740
US001,MT228,1,1,263289
US001,CN136,1,1,263289
US001,UN211,1,1,263289
US001,GA145,1,1,263289
US001,RY560,3,1,33496
US001,XK639,3,1,33496
US001,BG636,3,1,33496
US001,MK830,2,1,66740
US001,QX548,3,1,33496
US001,KM702,2,1,66740
US001,AF304,3,1,33496
US001,OO931,2,1,66740
US001,CC555,3,1,33496
US001,UM007,2,1,66740
US001,IA730,3,1,33496
US001,QS441,3,1,33496
US001,SX010,2,1,66740
US001,BT367,1,1,263289
US001,QS506,3,1,33496
US001,DX350,2,1,66740
US001,HY626,3,1,33496
US001,PS189,2,1,66740
US001,PX847,2,1,66740
US001,YA599,3,1,33496
US001,CB457,3,1,33496
US001,AL211,2,1,66740
US001,IS517,2,1,66740
US001,VR722,2,1,66740
US001,FQ733,2,1,66740
US001,XV602,2,1,66740
US001,QJ027,2,1,66740
US001,TX718,2,1,66740
US001,OM560,2,1,66740
US001,II806,1,1,263289
US001,JM560,3,1,33496
US001,SU603,3,1,33496
US001,OG249,3,1,33496
US001,RD090,3,1,33496
US001,RP246,2,1,66740
US001,NO154,2,1,66740
US001,KA258,2,1,66740
US001,YF681,3,1,33496
US001,YK855,1,1,263289
US001,GS064,2,1,66740
US001,BN608,2,1,66740
US001,NX705,3,1,33496
US001,MF510,2,1,66740
US001,YB813,2,1,66740
US001,GV117,3,1,33496
US001,MX256,3,1,33496
US001,EM991,1,1,263289
US001,MC605,3,1,33496
US001,VY622,2,1,66740
US001,BK785,3,1,33496
US001,GA501,3,1,33496
US001,DQ686,3,1,33496
US001,OL348,2,1,66740
US001,IQ039,2,1,66740
US001,CL635,2,1,66740
US001,XH586,3,1,33496
US001,AQ228,2,1,66740
US001,SI452,2,1,66740
US001,KP741,1,1,263289
US001,CB537,2,1,66740
US001,FZ112,3,1,33496
US001,BL635,3,1,33496
US001,YJ130,3,1,33496
US001,IZ121,3,1,33496
US001,VW365,2,1,66740
US001,LO937,1,1,263289
US001,MI272,2,1,66740
US001,JK410,2,1,66740
US001,LG730,3,1,33496
US001,JT133,2,1,66740
US001,LX720,2,1,66740
US001,OF526,3,1,33496
US001,ZF671,2,1,66740
US001,HV965,3,1,33496
US001,MM481,2,1,66740
US001,TS048,2,1,66740
US001,PV094,3,1,33496
US001,ZK646,2,1,66740
US001,NE277,2,1,66740
US001,MZ017,2,1,66740
US001,QC844,3,1,33496
US001,EA361,3,1,33496
US001,OH580,3,1,33496
US001,TA216,2,1,66740
US001,YO084,2,1,66740
US001,OW919,2,1,66740
US001,TK306,2,1,66740
US001,NK600,2,1,66740
US001,NK130,2,1,66740
US001,DT774,1,1,263289
US001,DT168,3,1,33496
US001,GJ996,2,1,66740
US001,ZT177,2,1,66740
US001,YH592,3,1,33496
US001,XH763,3,1,33496
US001,VU789,2,1,66740
US001,SY637,2,1,66740
US001,SK637,1,1,263289
US001,YD770,2,1,66740
US001,FQ150,2,1,66740
US001,ZH098,2,1,66740
US001,WT642,3,1,33496
US001,DH884,2,1,66740
US001,FO063,2,1,66740
US001,GK015,3,1,33496
US001,SQ212,2,1,66740
US001,SV668,3,1,33496
US001,CO251,3,1,33496
US001,TA399,2,1,66740
US001,YI730,3,1,33496
US001,DY887,3,1,33496
US001,RN466,3,1,33496
US001,JC344,2,1,66740
US001,AV959,3,1,33496
US001,KY967,2,1,66740
US001,HW129,2,1,66740
US001,VW097,3,1,33496
US001,MF873,2,1,66740
US001,DN296,3,1,33496
US001,JP096,2,1,66740
US001,JG388,2,1,66740
US001,TM053,2,1,66740
US001,HK251,2,1,66740
US001,PW399,2,1,66740
US001,AD960,2,1,66740
US001,QE698,3,1,33496
US001,BR187,2,1,66740
US001,YX304,2,1,66740
US001,TA888,2,1,66740
US001,XE685,2,1,66740
US001,GO447,3,1,33496
US001,GG426,3,1,33496
US001,GG724,1,1,263289
US001,QS288,3,1,33496
US001,QE477,3,1,33496
US001,EM803,2,1,66740
US001,CA773,2,1,66740
US001,XH902,3,1,33496
US001,UA107,3,1,33496
US001,EX940,3,1,33496
US001,NH459,3,1,33496
US001,QF059,2,1,66740
US001,BC089,2,1,66740
US001,OU976,3,1,33496
US001,LT008,2,1,66740
US001,VB021,3,1,33496
US001,LN558,1,1,263289
US001,YE024,3,1,33496
US001,BO370,2,1,66740
US001,YV268,2,1,66740
US001,RU070,3,1,33496
US001,XY965,2,1,66740
US001,NG274,3,1,33496
US001,RJ470,3,1,33496
US001,IX602,1,1,263289
US001,MV938,2,1,66740
US001,VP637,3,1,33496
US001,XE619,2,1,66740
US001,GM437,2,1,66740
US001,HV276,3,1,33496
US001,PI565,3,1,33496
US001,XG876,2,1,66740
US001,DW452,2,1,66740
US001,NC845,2,1,66740
US001,KF467,3,1,33496
US001,ZD095,2,1,66740
US001,ZP980,2,1,66740
US001,OY190,2,1,66740
US001,QJ071,3,1,33496
US001,HG889,2,1,66740
US001,IU266,2,1,66740
US001,AX936,2,1,66740
US001,JF602,3,1,33496
US001,AD675,2,1,66740
US001,FQ983,2,1,66740
US001,EI442,2,1,66740
US001,DO801,2,1,66740
US001,RQ264,2,1,66740
US001,WB382,2,1,66740
US001,RQ553,2,1,66740
US001,BW586,3,1,33496
US001,XH645,1,1,263289
US001,JZ346,3,1,33496
US001,WB774,2,1,66740
US001,KX408,2,1,66740
US001,LY208,2,1,66740
US001,PY921,2,1,66740
US001,DQ702,2,1,66740
US001,CG778,2,1,66740
US001,XK039,2,1,66740
US001,TM856,3,1,33496
US001,SF458,1,1,263289
US001,SI821,2,1,66740
US001,PB685,2,1,66740
US001,DD243,2,1,66740
US001,AX657,3,1,33496
US001,NJ444,2,1,66740
US001,CP452,3,1,33496
US001,II496,2,1,66740
US001,NV705,2,1,66740
US001,QA968,2,1,66740
US001,AI576,2,1,66740
US001,PL807,3,1,33496
US001,ZR876,2,1,66740
US001,IR411,2,1,66740
US001,PA869,2,1,66740
US001,BE750,2,1,66740
US001,LZ604,3,1,33496
US001,DR667,2,1,66740
US001,RG531,2,1,66740
US001,MQ197,2,1,66740
US001,QE838,3,1,33496
US001,KF905,1,1,263289
US001,DS122,2,1,66740
US001,XR739,2,1,66740
US001,NC077,2,1,66740
US001,VC365,3,1,33496
US001,EJ374,3,1,33496
US001,RU301,1,1,263289
US001,BG015,3,1,33496
US001,TA429,2,1,66740
US001,OJ547,2,1,66740
US001,HW502,2,1,66740
US001,GG935,2,1,66740
US001,UP822,3,1,33496
US001,LB928,2,1,66740
US001,EJ939,2,1,66740
US001,TV305,3,1,33496
US001,HT940,1,1,263289
US001,AB412,3,1,33496
US001,PP529,1,1,263289
US001,PF352,3,1,33496
US001,OH526,3,1,33496
US001,YN630,1,1,263289
US001,PI748,2,1,66740
US001,XW762,2,1,66740
US001,HB357,2,1,66740
US001,GR620,2,1,66740
US001,UY513,2,1,66740
US001,UN092,2,1,66740
US001,GI126,3,1,33496
US001,LZ314,2,1,66740
US001,XS661,3,1,33496
US001,WX311,3,1,33496
US001,AD367,2,1,66740
US001,VN376,3,1,33496
US001,KR376,2,1,66740
US001,DG635,1,1,263289
US001,UE543,1,1,263289
US001,AZ736,2,1,66740
US001,QM376,2,1,66740
US001,VD817,3,1,33496
US001,JS899,3,1,33496
US001,XN340,2,1,66740
US001,JN107,2,1,66740
US001,EV037,2,1,66740
US001,NJ241,3,1,33496
US001,AT989,3,1,33496
US001,PW610,3,1,33496
US001,VN217,2,1,66740
US001,OS799,3,1,33496
US001,AI279,3,1,33496
US001,ZL400,3,1,33496
US001,SY016,2,1,66740
US001,ZC205,1,1,263289
US001,WP746,2,1,66740
US001,UQ697,2,1,66740
US001,PF032,2,1,66740
US001,MO776,2,1,66740
US001,FI740,2,1,66740
US001,RK226,3,1,33496
US001,LP312,2,1,66740
US001,GQ662,3,1,33496
US001,XR042,3,1,33496
US001,IJ851,2,1,66740
US001,IH413,2,1,66740
US001,YQ472,2,1,66740
US001,KN348,2,1,66740
US001,LU094,2,1,66740
US001,GA439,2,1,66740
US001,BT331,3,1,33496
US001,YP183,2,1,66740
US001,OT246,2,1,66740
US001,QY744,2,1,66740
US001,DI678,3,1,33496
US001,DX209,2,1,66740
US001,ZL502,2,1,66740
US001,WV950,2,1,66740
US001,TG150,2,1,66740
US001,IN922,3,1,33496
US001,GP237,2,1,66740
US001,KQ407,2,1,66740
US001,UC814,2,1,66740
US001,NB372,2,1,66740
US001,XO389,3,1,33496
US001,SP287,2,1,66740
US001,KU735,2,1,66740
US001,RV226,2,1,66740
US001,KF329,2,1,66740
US001,GO050,3,1,33496
US001,FQ778,2,1,66740
US001,MP395,2,1,66740
US001,BE040,2,1,66740
US001,ME316,2,1,66740
US001,XU915,2,1,66740
US001,MT752,1,1,263289
US001,XK327,3,1,33496
US001,XE660,2,1,66740
US001,XC702,2,1,66740
US001,UU245,1,1,263289
US001,ME981,3,1,33496
US001,DZ681,2,1,66740
US001,ZF808,2,1,66740
US001,JV764,2,1,66740
US001,RS601,2,1,66740
US001,RW748,3,1,33496
US001,PS377,2,1,66740
US001,VO189,1,1,263289
US001,JC349,2,1,66740
US001,RH976,2,1,66740
US001,BG117,3,1,33496
US001,LX583,1,1,263289
US001,SD049,3,1,33496
US001,VA923,2,1,66740
US001,PC673,2,1,66740
US001,VH445,2,1,66740
US001,ON896,2,1,66740
US001,BO427,3,1,33496
US001,IU617,3,1,33496
US001,WU013,3,1,33496
US001,GD711,3,1,33496
US001,YU063,3,1,33496
US001,SE038,3,1,33496
US001,IK688,2,1,66740
US001,II561,3,1,33496
US001,MI506,2,1,66740
US001,NF858,3,1,33496
US001,XY234,2,1,66740
US001,NC410,2,1,66740
US001,RT494,2,1,66740
US001,AU885,3,1,33496
US001,GI522,2,1,66740
US001,KE377,2,1,66740
US001,VV891,3,1,33496
US001,KF896,3,1,33496
US001,NS109,2,1,66740
US001,GL636,2,1,66740
US001,CI152,2,1,66740
US001,XA265,2,1,66740
US001,VD318,2,1,66740
US001,NX596,2,1,66740
US001,HJ127,3,1,33496
US001,DM605,1,1,263289
US001,DR742,2,1,66740
US001,YP128,3,1,33496
US001,GB626,2,1,66740
US001,DL666,2,1,66740
US001,OO519,3,1,33496
US001,HZ816,2,1,66740
US001,SP105,2,1,66740
US001,ND876,2,1,66740
US001,BY696,3,1,33496
US001,IY504,2,1,66740
US001,VH586,2,1,66740
US001,LG222,2,1,66740
US001,MA617,2,1,66740
US001,KB467,3,1,33496
US001,LA734,2,1,66740
US001,IQ951,2,1,66740
US001,IX265,2,1,66740
US001,RC965,2,1,66740
US001,MH342,2,1,66740
US001,HN686,3,1,33496
US001,DD057,3,1,33496
US001,CZ007,3,1,33496
US001,GS620,3,1,33496
US001,PK985,2,1,66740
US001,XM240,3,1,33496
US001,JH297,3,1,33496
US001,RM037,2,1,66740
US001,CX040,3,1,33496
US001,EC286,2,1,66740
US001,IO805,2,1,66740
US001,JD071,2,1,66740
US001,IY437,3,1,33496
US001,SR848,3,1,33496
US001,WK095,3,1,33496
US001,DP823,3,1,33496
US001,HC194,3,1,33496
US001,OK818,2,1,66740
US001,LG310,2,1,66740
US001,FR225,3,1,33496
US001,DC267,1,1,263289
US001,EQ853,2,1,66740
US001,SC846,2,1,66740
US001,QR957,2,1,66740
US001,QA337,3,1,33496
US001,IG523,3,1,33496
US001,XK915,2,1,66740
US001,AA690,2,1,66740
US001,TC895,2,1,66740
US001,LD822,3,1,33496
US001,CL618,3,1,33496
US001,TL952,2,1,66740
US001,JN264,2,1,66740
US001,SA070,2,1,66740
US001,KZ757,2,1,66740
US001,GY471,1,1,263289
US001,YR878,2,1,66740
US001,KF975,1,1,263289
US001,BM916,1,1,263289
US001,BJ843,2,1,66740
US001,BV665,2,1,66740
US001,VW382,2,1,66740
US001,OW225,2,1,66740
US001,MD360,2,1,66740
US001,IX598,3,1,33496
US001,DC617,3,1,33496
US001,NB537,2,1,66740
US001,NZ605,2,1,66740
US001,MH438,3,1,33496
US001,ZN414,2,1,66740
US001,QW816,2,1,66740
US001,QT115,3,1,33496
US001,VT708,2,1,66740
US001,JG903,3,1,33496
US001,WR453,3,1,33496
US001,ZV107,2,1,66740
US001,UG706,1,1,263289
US001,CU595,2,1,66740
US001,KY594,3,1,33496
US001,OF399,2,1,66740
US001,QB797,2,1,66740
US001,BG264,2,1,66740
US001,KQ377,3,1,33496
US001,IB428,3,1,33496
US001,QA659,3,1,33496
US001,HB437,3,1,33496
US001,AX481,2,1,66740
US001,MT729,1,1,263289
US001,LP961,2,1,66740
US001,GZ799,3,1,33496
US001,EG965,3,1,33496
US001,KT572,2,1,66740
US001,DO195,2,1,66740
US001,GB478,2,1,66740
US001,NU629,2,1,66740
US001,PT801,1,1,263289
US001,SG548,2,1,66740
US001,OW728,3,1,33496
US001,GX159,2,1,66740
US001,EN662,2,1,66740
US001,HU642,2,1,66740
US001,MM960,1,1,263289
US001,JL868,2,1,66740
US001,TP161,2,1,66740
US001,JR702,3,1,33496
US001,VK840,1,1,263289
US001,SI264,2,1,66740
US001,BO766,2,1,66740
US001,LJ697,3,1,33496
US001,KY304,2,1,66740
US001,TL905,3,1,33496
US001,GB927,1,1,263289
US001,IB411,2,1,66740
US001,QA056,3,1,33496
US001,KZ425,2,1,66740
US001,QB029,1,1,263289
US001,GL201,3,1,33496
US001,WV558,2,1,66740
US001,OE934,2,1,66740
US001,CI510,3,1,33496
US001,VX277,2,1,66740
US001,AI480,2,1,66740
US001,KH704,2,1,66740
US001,OL682,2,1,66740
US001,BU962,3,1,33496
US001,MK030,3,1,33496
US001,TO219,3,1,33496
US001,AC261,2,1,66740
US001,PF527,3,1,33496
US001,ON938,3,1,33496
US001,JC654,3,1,33496
US001,RH420,2,1,66740
US001,SQ541,2,1,66740
US001,WM312,2,1,66740
US001,QQ858,2,1,66740
US001,LJ518,2,1,66740
US001,NE653,3,1,33496
US001,VS480,2,1,66740
US001,RQ022,2,1,66740
US001,PH922,2,1,66740
US001,JV376,2,1,66740
US001,KQ210,2,1,66740
US001,OB662,2,1,66740
US001,TR810,3,1,33496
US001,UF779,3,1,33496
US001,OP918,2,1,66740
US001,CL014,2,1,66740
US001,GU346,3,1,33496
US001,LC437,1,1,263289
US001,SK997,2,1,66740
US001,LN569,2,1,66740
US001,QR128,1,1,263289
US001,IS207,3,1,33496
US001,KY424,2,1,66740
US001,PE440,3,1,33496
US001,WN042,3,1,33496
US001,PJ368,2,1,66740
US001,CW033,3,1,33496
US001,XB099,3,1,33496
US001,VJ170,3,1,33496
US001,RM511,2,1,66740
US001,OK359,3,1,33496
US001,AZ590,3,1,33496
US001,QE872,3,1,33496
US001,GN426,2,1,66740
US001,LV576,2,1,66740
US001,SN076,3,1,33496
US001,WB877,2,1,66740
US001,WZ669,2,1,66740
US001,LC650,2,1,66740
US001,OT113,3,1,33496
US001,LU842,3,1,33496
US001,OK056,3,1,33496
US001,FZ584,2,1,66740
US001,PR012,2,1,66740
US001,SL714,2,1,66740
US001,NN623,3,1,33496
US001,WL438,3,1,33496
US001,JQ053,2,1,66740
US001,PY611,2,1,66740
US001,TH524,2,1,66740
US001,UK726,3,1,33496
US001,VP621,2,1,66740
US001,AG000,2,1,66740
US001,KT595,3,1,33496
US001,AU071,3,1,33496
US001,CE949,2,1,66740
US001,FK567,2,1,66740
US001,FK438,2,1,66740
US001,ER106,2,1,66740
US001,OS721,2,1,66740
US001,LD793,2,1,66740
US001,PQ175,2,1,66740
US001,TI412,2,1,66740
US001,MX847,3,1,33496
US001,JN274,3,1,33496
US001,LF488,3,1,33496
US001,IF331,2,1,66740
US001,DR676,2,1,66740
US001,RV833,2,1,66740
US001,RU095,2,1,66740
US001,JC290,2,1,66740
US001,WW595,2,1,66740
US001,XZ301,1,1,263289
US001,JW344,2,1,66740
US001,EA421,3,1,33496
US001,DQ933,3,1,33496
US001,ZO557,2,1,66740
US001,IQ432,1,1,263289
US001,FY069,3,1,33496
US001,WR676,3,1,33496
US001,JL326,2,1,66740
US001,CL479,3,1,33496
US001,IR329,3,1,33496
US001,CA261,2,1,66740
US001,TY581,2,1,66740
US001,LV972,2,1,66740
US001,OY189,1,1,263289
US001,MM040,2,1,66740
US001,PQ475,3,1,33496
US001,OY102,3,1,33496
US001,TT640,3,1,33496
US001,NE690,2,1,66740
US001,JG749,3,1,33496
US001,YT865,2,1,66740
US001,NX636,2,1,66740
US001,RC684,3,1,33496
US001,EH450,3,1,33496
US001,UP704,3,1,33496
US001,PU761,2,1,66740
US001,DF316,3,1,33496
US001,ZV333,3,1,33496
US001,NC212,3,1,33496
US001,GR359,2,1,66740
US001,IK364,2,1,66740
US001,YA034,2,1,66740
US001,BX594,2,1,66740
US001,PS602,2,1,66740
US001,FZ350,3,1,33496
US001,ED203,1,1,263289
US001,JC735,3,1,33496
US001,BM484,2,1,66740
US001,JN541,2,1,66740
US001,MZ345,3,1,33496
US001,IW753,3,1,33496
US001,GO843,3,1,33496
US001,VW433,2,1,66740
US001,LY247,2,1,66740
US001,MR965,2,1,66740
US001,TW520,2,1,66740
US001,ZJ476,2,1,66740
US001,OB608,2,1,66740
US001,SM560,2,1,66740
US001,FD484,1,1,263289
US001,XC381,3,1,33496
US001,JJ287,2,1,66740
US001,WD971,3,1,33496
US001,WA580,2,1,66740
US001,EB587,2,1,66740
US001,KT955,2,1,66740
US001,LV909,2,1,66740
US001,SS280,2,1,66740
US001,GR827,3,1,33496
US001,TD302,1,1,263289
US001,MV091,2,1,66740
US001,TB078,3,1,33496
US001,SD665,2,1,66740
US001,ZA228,3,1,33496
US001,LF355,1,1,263289
US001,QW769,2,1,66740
US001,VE172,3,1,33496
US001,SM478,3,1,33496
US001,VO588,2,1,66740
US001,HQ442,2,1,66740
US001,ZB450,2,1,66740
US001,SJ307,3,1,33496
US001,BP833,3,1,33496
US001,TT513,2,1,66740
US001,NB539,2,1,66740
US001,MK598,3,1,33496
US001,VX173,3,1,33496
US001,TK669,3,1,33496
US001,OU527,2,1,66740
US001,NW561,3,1,33496
US001,QP708,3,1,33496
US001,KD149,2,1,66740
US001,EX395,3,1,33496
US001,DN950,1,1,263289
US001,TO885,2,1,66740
US001,CZ600,2,1,66740
US001,JW114,2,1,66740
US001,WW845,2,1,66740
US001,XW714,2,1,66740
US001,VZ689,3,1,33496
US001,PC879,2,1,66740
US001,UZ571,2,1,66740
US001,RK391,3,1,33496
US001,SH062,2,1,66740
US001,BA483,2,1,66740
US001,TI680,2,1,66740
US001,NC813,3,1,33496
US001,VG563,2,1,66740
US001,LU933,2,1,66740
US001,RP673,2,1,66740
US001,NT689,2,1,66740
US001,SK028,3,1,33496
US001,LK742,3,1,33496
US001,DW027,2,1,66740
US001,LP163,3,1,33496
US001,PV417,3,1,33496
US001,QO380,3,1,33496
US001,FB053,3,1,33496
US001,KE976,3,1,33496
US001,OW296,3,1,33496
US001,TY675,3,1,33496
US001,YM458,3,1,33496
US001,RH717,1,1,263289
US001,AV081,2,1,66740
US001,SD635,1,1,263289
US001,DP001,2,1,66740
US001,YC412,3,1,33496
US001,PF202,1,1,263289
US001,ZK388,2,1,66740
US001,ET749,3,1,33496
US001,YG394,2,1,66740
US001,OT569,3,1,33496
US001,TC420,2,1,66740
US001,JQ189,3,1,33496
US001,PZ161,1,1,263289
US001,RO634,3,1,33496
US001,YD889,3,1,33496
US001,WN234,2,1,66740
US001,EY477,3,1,33496
US001,RC566,3,1,33496
US001,AN498,2,1,66740
US001,DC220,2,1,66740
US001,ZA823,2,1,66740
US001,DU835,3,1,33496
US001,ZA883,3,1,33496
US001,JE773,2,1,66740
US001,BG018,2,1,66740
US001,BM427,3,1,33496
US001,FH656,3,1,33496
US001,QI338,2,1,66740
US001,HE996,2,1,66740
US001,NK912,1,1,263289
US001,JX940,3,1,33496
US001,WJ557,2,1,66740
US001,HH854,2,1,66740
US001,LD180,2,1,66740
US001,UK082,2,1,66740
US001,PH510,3,1,33496
US001,SC324,2,1,66740
US001,VD570,3,1,33496
US001,CO439,3,1,33496
US001,HR082,3,1,33496
US001,DV964,3,1,33496
US001,JF185,3,1,33496
US001,IB798,3,1,33496
US001,TV825,3,1,33496
US001,GA584,3,1,33496
US001,WY530,3,1,33496
US001,WU718,2,1,66740
US001,MO223,2,1,66740
US001,TC021,2,1,66740
US001,UY264,2,1,66740
US001,FX507,3,1,33496
US001,KD194,2,1,66740
US001,AF203,3,1,33496
US001,OD343,2,1,66740
US001,LL295,2,1,66740
US001,MH101,2,1,66740
US001,HP182,3,1,33496
US001,TG852,3,1,33496
US001,IH656,1,1,263289
US001,AS254,3,1,33496
US001,HE202,3,1,33496
US001,EW020,2,1,66740
US001,YZ720,3,1,33496
US001,DQ995,2,1,66740
US001,QD352,3,1,33496
US001,OH652,3,1,33496
US001,FI149,2,1,66740
US001,VZ985,3,1,33496
US001,CQ653,2,1,66740
US001,LM569,2,1,66740
US001,OW010,3,1,33496
US001,XN073,3,1,33496
US001,HL189,2,1,66740
US001,NA483,3,1,33496
US001,TH612,3,1,33496
US001,DU478,1,1,263289
US001,ZY127,1,1,263289
US001,XG317,3,1,33496
US001,YF760,1,1,263289
US001,RN376,2,1,66740
US001,RL799,3,1,33496
US001,HM022,3,1,33496
US001,PV810,2,1,66740
US001,JI150,3,1,33496
US001,MV254,3,1,33496
US001,MZ834,2,1,66740
US001,VC033,3,1,33496
US001,NQ444,2,1,66740
US001,AE632,2,1,66740
US001,UZ141,3,1,33496
US001,RZ275,2,1,66740
US001,PR527,3,1,33496
US001,FI072,3,1,33496
US001,HI988,3,1,33496
US001,YE752,3,1,33496
US001,RG484,3,1,33496
US001,EZ050,3,1,33496
US001,HC943,1,1,263289
US001,LE141,2,1,66740
US001,KF821,2,1,66740
US001,TL782,2,1,66740
US001,JM233,3,1,33496
US001,IT903,3,1,33496
US001,FK445,3,1,33496
US001,ON374,2,1,66740
US001,ST604,2,1,66740
US001,DD789,2,1,66740
US001,SP150,2,1,66740
US001,UX281,3,1,33496
US001,FZ915,2,1,66740
US001,QB470,2,1,66740
US001,CA934,2,1,66740
US001,SS436,3,1,33496
US001,DM949,1,1,263289
US001,JI350,2,1,66740
US001,WP738,2,1,66740
US001,CC426,2,1,66740
US001,EC648,3,1,33496
US001,IF503,2,1,66740
US001,WX509,2,1,66740
US001,CI844,1,1,263289
US001,ON289,2,1,66740
US001,KY270,2,1,66740
US001,YZ985,2,1,66740
US001,KT234,2,1,66740
US001,YE420,2,1,66740
US001,WG668,3,1,33496
US001,CD913,1,1,263289
US001,HK975,3,1,33496
US001,BU043,2,1,66740
US001,PJ059,1,1,263289
US001,KZ456,2,1,66740
US001,AM040,2,1,66740
US001,VY171,1,1,263289
US001,RP356,3,1,33496
US001,IK837,3,1,33496
US001,YQ844,2,1,66740
US001,ND959,2,1,66740
US001,QG837,2,1,66740
US001,LX657,2,1,66740
US001,LT355,2,1,66740
US001,HR534,2,1,66740
US001,AO050,1,1,263289
US001,LP145,1,1,263289
US001,QH506,2,1,66740
US001,US775,3,1,33496
US001,FT039,2,1,66740
US001,YB911,1,1,263289
US001,JE365,2,1,66740
US001,BA548,2,1,66740
US001,VO263,2,1,66740
US001,TD980,2,1,66740
US001,NF421,3,1,33496
US001,XY281,2,1,66740
US001,CP925,3,1,33496
US001,YJ442,3,1,33496
US001,QG497,3,1,33496
US001,VL617,2,1,66740
US001,WL382,2,1,66740
US001,LG524,2,1,66740
US001,LE787,2,1,66740
US001,FL717,2,1,66740
US001,RT026,1,1,263289
US001,GZ120,3,1,33496
US001,QF582,2,1,66740
US001,ZK713,2,1,66740
US001,TM688,2,1,66740
US001,VS800,3,1,33496
US001,ZJ399,3,1,33496
US001,LR265,1,1,263289
US001,HS326,2,1,66740
US001,GB586,2,1,66740
US001,AM329,2,1,66740
US001,KW863,3,1,33496
US001,IR040,3,1,33496
US001,GI770,2,1,66740
US001,KE931,3,1,33496
US001,YP244,2,1,66740
US001,XO811,3,1,33496
US001,FX630,2,1,66740
US001,ZC444,2,1,66740
US001,QF524,2,1,66740
US001,DE061,2,1,66740
US001,TJ621,2,1,66740
US001,XA114,2,1,66740
US001,HC023,2,1,66740
US001,CM967,2,1,66740
US001,EO080,2,1,66740
US001,NB589,2,1,66740
US001,BU546,1,1,263289
US001,RI558,2,1,66740
US001,FU724,3,1,33496
US001,BB320,3,1,33496
US001,KE559,3,1,33496
US001,EH504,3,1,33496
US001,WO629,3,1,33496
US001,JW945,2,1,66740
US001,AI278,2,1,66740
US001,TR825,1,1,263289
US001,RF733,2,1,66740
US001,XT407,3,1,33496
US001,BW136,1,1,263289
US001,SZ914,3,1,33496
US001,OJ299,3,1,33496
US001,CY476,2,1,66740
US001,VO747,2,1,66740
US001,JZ354,2,1,66740
US001,TU351,2,1,66740
US001,GT897,2,1,66740
US001,FK463,3,1,33496
US001,ZO983,1,1,263289
US001,JL618,2,1,66740
US001,TH791,1,1,263289
US001,YE769,3,1,33496
US001,PN018,3,1,33496
US001,LN498,2,1,66740
US001,VV526,3,1,33496
US001,AY187,2,1,66740
US001,ST051,2,1,66740
US001,HZ237,3,1,33496
US001,MM682,3,1,33496
US001,BC298,2,1,66740
US001,ZW590,1,1,263289
US001,AS375,3,1,33496
US001,BI150,3,1,33496
US001,CL244,3,1,33496
US001,MW363,2,1,66740
US001,FF949,3,1,33496
US001,JS356,3,1,33496
US001,UA559,3,1,33496
US001,TC038,3,1,33496
US001,BN546,3,1,33496
US001,OB776,2,1,66740
US001,DA875,2,1,66740
US001,PX189,3,1,33496
US001,QG164,3,1,33496
US001,PY637,2,1,66740
US001,XT802,2,1,66740
US001,ZZ037,1,1,263289
US001,YQ895,2,1,66740
US001,QS973,3,1,33496
US001,XG551,2,1,66740
US001,FP356,1,1,263289
US001,UL256,2,1,66740
US001,IH904,2,1,66740
US001,VR093,2,1,66740
US001,OQ819,3,1,33496
US001,QI696,3,1,33496
US001,TY430,2,1,66740
US001,SF240,3,1,33496
US001,TI443,2,1,66740
US001,CT237,3,1,33496
US001,OK793,3,1,33496
US001,PD316,2,1,66740
US001,ZJ110,2,1,66740
US001,MM851,1,1,263289
US001,QG225,1,1,263289
US001,DV004,3,1,33496
US001,YY914,2,1,66740
US001,OT330,2,1,66740
US001,HH557,2,1,66740
US001,WY470,2,1,66740
US001,SW551,2,1,66740
US001,LH301,2,1,66740
US001,RQ471,3,1,33496
US001,HO889,2,1,66740
US001,DO151,3,1,33496
US001,YW075,2,1,66740
US001,AC617,1,1,263289
US001,QL038,3,1,33496
US001,ZQ085,2,1,66740
US001,BM166,2,1,66740
US001,NN074,3,1,33496
US001,BC167,2,1,66740
US001,LS259,2,1,66740
US001,HD165,2,1,66740
US001,GV675,3,1,33496
US001,MS879,3,1,33496
US001,QN953,2,1,66740
US001,EA889,2,1,66740
US001,UY670,3,1,33496
US001,FH761,2,1,66740
US001,KC112,2,1,66740
US001,XV411,3,1,33496
US001,LX360,2,1,66740
US001,FC660,3,1,33496
US001,IH800,3,1,33496
US001,CE973,2,1,66740
US001,GO893,3,1,33496
US001,RI090,2,1,66740
US001,GW346,2,1,66740
US001,NN865,2,1,66740
US001,OA720,3,1,33496
US001,NN700,3,1,33496
US001,ZJ411,3,1,33496
US001,HU659,2,1,66740
US001,MM675,2,1,66740
US001,UI678,2,1,66740
US001,AQ847,1,1,263289
US001,OW348,2,1,66740
US001,FL862,2,1,66740
US001,RS674,3,1,33496
US001,VH072,3,1,33496
US001,FR974,2,1,66740
US001,NI183,3,1,33496
US001,LJ338,3,1,33496
US001,BY214,3,1,33496
US001,VW270,2,1,66740
US001,NB891,2,1,66740
US001,JL376,2,1,66740
US001,TL434,2,1,66740
US001,IF659,3,1,33496
US001,TD681,2,1,66740
US001,JG709,1,1,263289
US001,TG602,2,1,66740
US001,GY297,2,1,66740
US001,PA174,3,1,33496
US001,YD928,3,1,33496
US001,PA596,3,1,33496
US001,IU046,3,1,33496
US001,OO413,3,1,33496
US001,IO715,3,1,33496
US001,KZ326,2,1,66740
US001,II802,2,1,66740
US001,IF093,2,1,66740
US001,XE643,2,1,66740
US001,OC951,1,1,263289
US001,HB550,3,1,33496
US001,CB944,3,1,33496
US001,LD499,2,1,66740
US001,YY081,2,1,66740
US001,BF104,2,1,66740
US001,UR818,2,1,66740
US001,CS622,2,1,66740
US001,YJ179,3,1,33496
US001,PU439,1,1,263289
US001,JE695,3,1,33496
US001,RR237,2,1,66740
US001,WY288,2,1,66740
US001,HN804,2,1,66740
US001,DN201,2,1,66740
US001,MI734,3,1,33496
US001,DL806,2,1,66740
US001,FY618,3,1,33496
US001,RV050,2,1,66740
US001,AW819,1,1,263289
US001,HF371,2,1,66740
US001,GF336,3,1,33496
US001,JN191,3,1,33496
US001,AM117,3,1,33496
US001,ZP778,2,1,66740
US001,AN934,3,1,33496
US001,FI629,2,1,66740
US001,IN363,2,1,66740
US001,LB964,3,1,33496
US001,PT594,2,1,66740
US001,AA657,2,1,66740
US001,FD752,3,1,33496
US001,OO518,1,1,263289
US001,XM263,3,1,33496
US001,FO993,3,1,33496
US001,WW596,2,1,66740
US001,TP079,3,1,33496
US001,MA735,3,1,33496
US001,HI556,3,1,33496
US001,WM199,2,1,66740
US001,CZ836,2,1,66740
US001,TQ353,2,1,66740
US001,IA827,3,1,33496
US001,WJ553,2,1,66740
US001,XF670,1,1,263289
US001,NY088,3,1,33496
US001,VD807,2,1,66740
US001,NG257,3,1,33496
US001,AK420,2,1,66740
US001,TT430,3,1,33496
US001,ML034,2,1,66740
US001,PR277,3,1,33496
US001,IQ774,3,1,33496
US001,BF074,2,1,66740
US001,OM886,3,1,33496
US001,HL410,1,1,263289
US001,NX649,3,1,33496
US001,SW308,2,1,66740
US001,JX853,3,1,33496
US001,HS497,2,1,66740
US001,VZ688,3,1,33496
US001,TR541,3,1,33496
US001,VM691,2,1,66740
US001,QH015,2,1,66740
US001,UC292,2,1,66740
US001,NT898,2,1,66740
US001,YN469,2,1,66740
US001,HU291,2,1,66740
US001,GY652,3,1,33496
US001,PJ499,2,1,66740
US001,DK717,3,1,33496
US001,CE493,3,1,33496
US001,JF344,2,1,66740
US001,ZV399,3,1,33496
US001,ZG784,2,1,66740
US001,VW324,2,1,66740
US001,FA918,2,1,66740
US001,FZ277,3,1,33496
US001,ZI218,3,1,33496
US001,EI532,2,1,66740
US001,TF838,3,1,33496
US001,MA426,2,1,66740
US001,TY455,3,1,33496
US001,VX384,3,1,33496
US001,WE866,3,1,33496
US001,JB490,3,1,33496
US001,JK161,2,1,66740
US001,XO020,2,1,66740
US001,ZG821,2,1,66740
US001,KP272,3,1,33496
US001,HY507,2,1,66740
US001,PR429,2,1,66740
US001,CE145,2,1,66740
US001,OI585,3,1,33496
US001,GL683,2,1,66740
US001,QO748,2,1,66740
US001,IH606,3,1,33496
US001,NZ085,2,1,66740
US001,MM938,2,1,66740
US001,ES868,2,1,66740
US001,IN171,2,1,66740
US001,WJ180,1,1,263289
US001,SF758,2,1,66740
US001,MK532,2,1,66740
US001,AT031,1,1,263289
US001,WI001,3,1,33496
US001,WT589,2,1,66740
US001,EU244,3,1,33496
US001,TE075,2,1,66740
US001,JZ259,3,1,33496
US001,ZT483,2,1,66740
US001,MU882,3,1,33496
US001,IU671,3,1,33496
US001,DJ917,2,1,66740
US001,AL326,2,1,66740
US001,KI044,2,1,66740
US001,VY665,2,1,66740
US001,WZ589,3,1,33496
US001,OG789,2,1,66740
US001,DA951,3,1,33496
US001,LM826,2,1,66740
US001,WZ405,3,1,33496
US001,KR198,2,1,66740
US001,JS928,2,1,66740
US001,FG890,2,1,66740
US001,ZX371,2,1,66740
US001,XV757,3,1,33496
US001,BN150,2,1,66740
US001,CD069,3,1,33496
US001,EO087,3,1,33496
US001,XJ421,1,1,263289
US001,SN813,2,1,66740
US001,GG632,2,1,66740
US001,NS869,2,1,66740
US001,JB883,2,1,66740
US001,LC723,3,1,33496
US001,OK871,2,1,66740
US001,UO410,2,1,66740
US001,EJ832,2,1,66740
US001,TC540,3,1,33496
US001,LA095,1,1,263289
US001,JB335,2,1,66740
US001,QJ544,2,1,66740
US001,FE472,1,1,263289
US001,SU118,3,1,33496
US001,CW070,3,1,33496
US001,UA468,2,1,66740
US001,WO414,2,1,66740
US001,MJ485,2,1,66740
US001,MS733,3,1,33496
US001,RZ389,2,1,66740
US001,CX896,3,1,33496
US001,JA942,3,1,33496
US001,ID262,2,1,66740
US001,OI018,2,1,66740
US001,QD953,2,1,66740
US001,JS009,3,1,33496
US001,BK932,1,1,263289
US001,XP140,2,1,66740
US001,LF118,2,1,66740
US001,US206,2,1,66740
US001,CO320,1,1,263289
US001,KR916,3,1,33496
US001,TG948,2,1,66740
US001,ZX635,3,1,33496
US001,XE001,2,1,66740
US001,UV353,2,1,66740
US001,WU004,2,1,66740
US001,VR096,2,1,66740
US001,HH152,3,1,33496
US001,WJ767,2,1,66740
US001,KF644,3,1,33496
US001,RH877,3,1,33496
US001,JN963,2,1,66740
US001,DQ228,3,1,33496
US001,XK274,2,1,66740
US001,UU227,2,1,66740
US001,LM527,2,1,66740
US001,LZ137,3,1,33496
US001,BJ186,2,1,66740
US001,OR160,3,1,33496
US001,AE724,3,1,33496
US001,RS422,2,1,66740
US001,CT162,2,1,66740
US001,OM419,2,1,66740
US001,JU326,3,1,33496
US001,VZ070,1,1,263289
US001,WU444,3,1,33496
US001,VL341,3,1,33496
US001,NO374,3,1,33496
US001,BN702,2,1,66740
US001,DW667,2,1,66740
US001,SZ669,2,1,66740
US001,TB396,2,1,66740
US001,BK802,2,1,66740
US001,GT180,3,1,33496
US001,GQ428,2,1,66740
US001,IN708,3,1,33496
US001,VU066,2,1,66740
US001,RS949,3,1,33496
US001,WO537,2,1,66740
US001,JO092,3,1,33496
US001,LH729,3,1,33496
US001,QN271,2,1,66740
US001,PH171,2,1,66740
US001,SI709,2,1,66740
US001,FW017,3,1,33496
US001,ID198,2,1,66740
US001,EN707,3,1,33496
US001,CF138,3,1,33496
US001,UC471,2,1,66740
US001,UA501,2,1,66740
US001,ZP604,2,1,66740
US001,NB480,3,1,33496
US001,SL245,3,1,33496
US001,XI509,3,1,33496
US001,BF304,2,1,66740
US001,JJ746,2,1,66740
US001,LQ264,3,1,33496
US001,RM089,3,1,33496
US001,OI917,3,1,33496
US001,FR413,2,1,66740
US001,CG896,2,1,66740
US001,NO648,1,1,263289
US001,QI179,1,1,263289
US001,DX643,2,1,66740
US001,YZ231,2,1,66740
US001,HC768,2,1,66740
US001,YQ704,3,1,33496
US001,ZV108,3,1,33496
US001,WJ433,2,1,66740
US001,PX009,2,1,66740
US001,SW898,2,1,66740
US001,KS532,2,1,66740
US001,WO469,1,1,263289
US001,YN078,2,1,66740
US001,WD179,3,1,33496
US001,ZD684,1,1,263289
US001,PW192,3,1,33496
US001,QC928,1,1,263289
US001,AT343,2,1,66740
US001,FU522,3,1,33496
US001,YJ843,3,1,33496
US001,RF915,3,1,33496
US001,QU392,2,1,66740
US001,TV090,2,1,66740
US001,UX890,2,1,66740
US001,JR027,2,1,66740
US001,TO556,2,1,66740
US001,NZ743,2,1,66740
US001,DA754,3,1,33496
US001,PA270,2,1,66740
US001,DD362,2,1,66740
US001,AS660,2,1,66740
US001,OA442,1,1,263289
US001,MD547,2,1,66740
US001,YR852,2,1,66740
US001,DZ920,3,1,33496
US001,CG138,1,1,263289
US001,VV733,2,1,66740
US001,OX071,2,1,66740
US001,QK125,3,1,33496
US001,RK445,1,1,263289
US001,WZ514,3,1,33496
US001,JO056,2,1,66740
US001,KX571,2,1,66740
US001,AU894,2,1,66740
US001,DS102,2,1,66740
US001,XJ670,3,1,33496
US001,KM518,2,1,66740
US001,HR079,3,1,33496
US001,ZE154,3,1,33496
US001,FD942,3,1,33496
US001,JS184,2,1,66740
US001,RT095,2,1,66740
US001,MB278,1,1,263289
US001,VE430,2,1,66740
US001,LE075,3,1,33496
US001,JT407,3,1,33496
US001,UP906,3,1,33496
US001,PU175,1,1,263289
US001,XN545,3,1,33496
US001,LG082,3,1,33496
US001,YY189,2,1,66740
US001,AB490,1,1,263289
US001,OD995,3,1,33496
US001,OJ734,2,1,66740
US001,ZR591,2,1,66740
US001,VU985,2,1,66740
US001,IZ956,3,1,33496
US001,IU381,2,1,66740
US001,CY894,3,1,33496
US001,VK497,2,1,66740
US001,BX154,2,1,66740
US001,AI970,2,1,66740
US001,FQ631,2,1,66740
US001,SA679,3,1,33496
US001,LS112,2,1,66740
US001,QH205,2,1,66740
US001,UO726,3,1,33496
US001,JC441,2,1,66740
US001,PR059,1,1,263289
US001,CU475,1,1,263289
US001,PH283,2,1,66740
US001,LP599,3,1,33496
US001,OO982,2,1,66740
US001,EM055,3,1,33496
US001,EN090,2,1,66740
US001,QT957,2,1,66740
US001,DI488,1,1,263289
US001,YH205,2,1,66740
US001,UC810,2,1,66740
US001,DV703,3,1,33496
US001,MW764,2,1,66740
US001,UH196,2,1,66740
US001,UI348,2,1,66740
US001,RJ276,2,1,66740
US001,AH509,3,1,33496
US001,DP740,2,1,66740
US001,DI096,2,1,66740
US001,QZ798,2,1,66740
US001,IU454,2,1,66740
US001,XK497,2,1,66740
US001,YL075,2,1,66740
US001,AW477,2,1,66740
US001,SH336,3,1,33496
US001,DU157,2,1,66740
US001,IJ711,3,1,33496
US001,OX511,1,1,263289
US001,UP402,3,1,33496
US001,SM359,3,1,33496
US001,EP081,2,1,66740
US001,DS518,3,1,33496
US001,HL059,3,1,33496
US001,PV511,2,1,66740
US001,QL283,3,1,33496
US001,QJ930,2,1,66740
US001,YS060,2,1,66740
US001,SJ659,2,1,66740
US001,JW445,3,1,33496
US001,RI024,1,1,263289
US001,AR828,2,1,66740
US001,GD467,3,1,33496
US001,BZ618,2,1,66740
US001,DN604,3,1,33496
US001,RM985,3,1,33496
US001,FP435,2,1,66740
US001,LB661,3,1,33496
US001,EC749,3,1,33496
US001,QD701,1,1,263289
US001,HK984,2,1,66740
US001,PA799,3,1,33496
US001,XK832,2,1,66740
US001,UJ389,3,1,33496
US001,ME115,1,1,263289
US001,QJ349,1,1,263289
US001,PP606,3,1,33496
US001,VH705,3,1,33496
US001,NA650,2,1,66740
US001,OF458,2,1,66740
US001,IA055,1,1,263289
US001,LO080,1,1,263289
US001,DZ632,1,1,263289
US001,ME451,3,1,33496
US001,MA928,2,1,66740
US001,ZO743,2,1,66740
US001,YR647,1,1,263289
US001,MY135,2,1,66740
US001,OW113,2,1,66740
US001,UM899,2,1,66740
US001,WN783,1,1,263289
US001,HE538,2,1,66740
US001,VG884,3,1,33496
US001,OO061,2,1,66740
US001,SP769,2,1,66740
US001,OO985,3,1,33496
US001,XW954,2,1,66740
US001,LD227,2,1,66740
US001,EI434,3,1,33496
US001,WY684,2,1,66740
US001,UO538,3,1,33496
US001,HE245,3,1,33496
US001,CE815,3,1,33496
US001,BM679,2,1,66740
US001,NZ147,2,1,66740
US001,AD352,2,1,66740
US001,LJ261,3,1,33496
US001,MJ759,3,1,33496
US001,KU571,2,1,66740
US001,IL307,2,1,66740
US001,ER143,3,1,33496
US001,YK031,2,1,66740
US001,PY899,2,1,66740
US001,DH364,3,1,33496
US001,LW175,2,1,66740
US001,SL260,2,1,66740
US001,TR710,2,1,66740
US001,FV301,2,1,66740
US001,YF398,3,1,33496
US001,LP178,3,1,33496
US001,ZY626,2,1,66740
US001,GO651,3,1,33496
US001,QI747,2,1,66740
US001,RZ319,2,1,66740
US001,UB723,2,1,66740
US001,FB012,3,1,33496
US001,HQ611,3,1,33496
US001,RE614,2,1,66740
US001,UD023,2,1,66740
US001,HU504,2,1,66740
US001,SH631,2,1,66740
US001,MY460,1,1,263289
US001,TH833,2,1,66740
US001,GX614,2,1,66740
US001,QB010,3,1,33496
US001,KK029,3,1,33496
US001,WK574,2,1,66740
US001,AI624,2,1,66740
US001,OD195,2,1,66740
US001,JX959,3,1,33496
US001,SD775,1,1,263289
US001,LL748,3,1,33496
US001,DR082,3,1,33496
US001,VG858,3,1,33496
US001,UU233,3,1,33496
US001,TK045,2,1,66740
US001,ZA868,2,1,66740
US001,GW208,1,1,263289
US001,RU837,2,1,66740
US001,VA766,2,1,66740
US001,HN694,2,1,66740
US001,AR570,2,1,66740
US001,EN233,3,1,33496
US001,EJ984,3,1,33496
US001,ET746,2,1,66740
US001,NE263,1,1,263289
US001,QA166,2,1,66740
US001,RJ852,2,1,66740
US001,OB441,1,1,263289
US001,PA205,3,1,33496
US001,MP946,3,1,33496
US001,VY467,3,1,33496
US001,CS832,2,1,66740
US001,TB091,2,1,66740
US001,WN442,2,1,66740
US001,TQ947,3,1,33496
US001,EQ749,2,1,66740
US001,BH765,3,1,33496
US001,HP112,3,1,33496
US001,JQ006,2,1,66740
US001,IH414,1,1,263289
US001,VO145,3,1,33496
US001,RV667,2,1,66740
US001,LU730,3,1,33496
US001,CM177,3,1,33496
US001,WH158,1,1,263289
US001,JQ349,2,1,66740
US001,WN102,3,1,33496
US001,PD078,2,1,66740
US001,XD205,3,1,33496
US001,MO081,3,1,33496
US001,KZ779,2,1,66740
US001,TY492,3,1,33496
US001,YF382,2,1,66740
US001,TF934,2,1,66740
US001,TV050,1,1,263289
US001,VV782,3,1,33496
US001,RQ268,2,1,66740
US001,FY796,2,1,66740
US001,BM608,1,1,263289
US001,VE031,2,1,66740
US001,KI516,1,1,263289
US001,NB479,3,1,33496
US001,SE619,2,1,66740
US001,KW917,2,1,66740
US001,HA227,3,1,33496
US001,ML567,3,1,33496
US001,HX939,3,1,33496
US001,NT200,3,1,33496
US001,GM232,2,1,66740
US001,PK078,2,1,66740
US001,TF095,3,1,33496
US001,XN536,3,1,33496
US001,QT273,2,1,66740
US001,HM246,3,1,33496
US001,LZ209,3,1,33496
US001,ZI886,2,1,66740
US001,PX114,2,1,66740
US001,RC826,3,1,33496
US001,DD290,3,1,33496
US001,LL064,2,1,66740
US001,WL466,2,1,66740
US001,TP558,3,1,33496
US001,LV967,3,1,33496
US001,TT818,3,1,33496
US001,BU084,2,1,66740
US001,NR558,3,1,33496
US001,UC699,1,1,263289
US001,KW442,3,1,33496
US001,MK109,3,1,33496
US001,PU758,1,1,263289
US001,LB142,3,1,33496
US001,AQ396,3,1,33496
US001,HQ492,2,1,66740
US001,KO813,2,1,66740
US001,UI978,2,1,66740
US001,CI421,2,1,66740
US001,HB326,2,1,66740
US001,LC178,3,1,33496
US001,AS655,2,1,66740
US001,GL513,3,1,33496
US001,DY007,2,1,66740
US001,GU093,2,1,66740
US001,ZI098,1,1,263289
US001,OE066,3,1,33496
US001,LK874,3,1,33496
US001,OG327,2,1,66740
US001,BV384,2,1,66740
US001,ZO482,2,1,66740
US001,UO593,3,1,33496
US001,BE938,3,1,33496
US001,CD613,2,1,66740
US001,SR461,2,1,66740
US001,RT671,3,1,33496
