n,zip_code,area_code,x,y,city,state,population,density,national_rank
1,98174,206,47.604569,-122.335359,Seattle,Washington,180,50978.44,50
2,98121,206,47.614743,-122.345855,Seattle,Washington,8558,17894.56,250
3,98104,206,47.601701,-122.327670,Seattle,Washington,13095,17156.75,267
4,98101,206,47.610198,-122.334555,Seattle,Washington,9010,16603.32,285
5,98102,206,47.634416,-122.321561,Seattle,Washington,19424,14594.02,344
6,98122,206,47.610445,-122.302983,Seattle,Washington,28790,12332.03,440
7,98105,206,47.662129,-122.296786,Seattle,Washington,38963,9393.63,650
8,98107,206,47.668104,-122.377023,Seattle,Washington,18516,8571.51,736
9,98103,206,47.678255,-122.338152,Seattle,Washington,41971,8324.30,773
10,98119,206,47.639340,-122.369134,Seattle,Washington,19662,8230.40,788
11,98109,206,47.630798,-122.345752,Seattle,Washington,16018,8016.31,829
12,98403,253,47.265613,-122.459073,Tacoma,Washington,7777,7829.90,870
13,98117,206,47.687758,-122.382122,Seattle,Washington,29667,7567.61,905
14,98144,206,47.585499,-122.301467,Seattle,Washington,24913,7365.11,951
15,99204,509,47.649045,-117.431262,Spokane,Washington,9863,7170.30,989
16,98116,206,47.574388,-122.394493,Seattle,Washington,20826,6950.36,1049
17,98118,206,47.539965,-122.274722,Seattle,Washington,40791,6697.19,1114
18,98115,206,47.685766,-122.292178,Seattle,Washington,43567,6603.13,1139
19,98112,206,47.632236,-122.296766,Seattle,Washington,20480,6578.03,1148
20,98125,206,47.716889,-122.303205,Seattle,Washington,34994,6476.98,1176
21,98136,206,47.536973,-122.389941,Seattle,Washington,14138,6132.32,1269
22,98133,206,47.740091,-122.342761,Seattle,Washington,42896,6041.66,1298
23,99207,509,47.693993,-117.387702,Spokane,Washington,38565,5837.09,1370
24,98146,206,47.500058,-122.357848,Seattle,Washington,25574,5745.23,1409
25,98408,253,47.205050,-122.446513,Tacoma,Washington,29095,5725.42,1418
26,98559,360,46.958822,-123.327364,Malone,Washington,88,5610.03,1462
27,98126,206,47.549221,-122.374341,Seattle,Washington,18906,5564.85,1476
28,98204,425,47.900117,-122.253851,Everett,Washington,31351,5557.61,1482
29,98405,253,47.245647,-122.472399,Tacoma,Washington,22355,5456.83,1518
30,98406,253,47.262231,-122.508756,Tacoma,Washington,23511,5284.18,1588
31,98007,425,47.611975,-122.144604,Bellevue,Washington,23048,5266.65,1598
32,98337,360,47.566095,-122.637870,Bremerton,Washington,8332,5216.96,1620
33,98043,425,47.792841,-122.305727,Mountlake Terrace,Washington,20333,5144.73,1657
34,98023,253,47.308844,-122.362289,Federal Way,Washington,47572,4671.34,1892
35,98444,253,47.153041,-122.448831,Tacoma,Washington,31712,4666.76,1895
36,99205,509,47.697416,-117.447976,Spokane,Washington,43739,4650.98,1902
37,98902,509,46.596673,-120.533851,Yakima,Washington,42634,4594.86,1944
38,98199,206,47.651342,-122.402940,Seattle,Washington,19156,4551.16,1984
39,98198,206,47.396680,-122.310309,Seattle,Washington,33561,4488.33,2022
40,98106,206,47.546745,-122.349900,Seattle,Washington,23317,4434.17,2051
41,98155,206,47.754413,-122.300477,Seattle,Washington,33914,4395.68,2076
42,98178,206,47.496558,-122.251473,Seattle,Washington,21860,4386.27,2082
43,98402,253,47.251349,-122.443181,Tacoma,Washington,4935,4356.36,2098
44,98201,425,47.989112,-122.202042,Everett,Washington,30320,4336.84,2112
45,99201,509,47.663905,-117.434823,Spokane,Washington,11265,4247.05,2173
46,98008,425,47.609325,-122.115212,Bellevue,Washington,23522,4218.06,2192
47,98031,253,47.387469,-122.196352,Kent,Washington,64214,4109.74,2261
48,98034,425,47.718103,-122.204126,Kirkland,Washington,40380,4097.71,2270
49,99203,509,47.629550,-117.403247,Spokane,Washington,21010,4074.66,2287
50,98002,253,47.307068,-122.215480,Auburn,Washington,30815,4053.55,2305
51,98465,253,47.247431,-122.527999,Tacoma,Washington,6564,4038.56,2312
52,98404,253,47.208981,-122.411638,Tacoma,Washington,30679,3975.67,2349
53,98467,253,47.203437,-122.541380,University Place,Washington,15165,3932.79,2369
54,98664,360,45.621101,-122.577522,Vancouver,Washington,20403,3880.89,2406
55,98056,425,47.515043,-122.184539,Renton,Washington,24261,3842.73,2444
56,98026,425,47.832194,-122.332864,Edmonds,Washington,34456,3835.62,2454
57,98683,360,45.603287,-122.510170,Vancouver,Washington,28210,3816.61,2468
58,98033,425,47.677747,-122.186771,Kirkland,Washington,30393,3756.89,2517
59,98037,425,47.853983,-122.276947,Lynnwood,Washington,44026,3735.95,2535
60,98407,253,47.288485,-122.511426,Tacoma,Washington,20523,3723.55,2546
61,98466,253,47.222699,-122.543195,Tacoma,Washington,24598,3710.79,2554
62,98225,360,48.765045,-122.492381,Bellingham,Washington,42414,3566.10,2698
63,98661,360,45.640067,-122.625018,Vancouver,Washington,36868,3514.21,2737
64,98040,206,47.562356,-122.226514,Mercer Island,Washington,22036,3488.10,2756
65,98003,253,47.307713,-122.315773,Federal Way,Washington,42255,3478.65,2763
66,98020,425,47.801197,-122.371957,Edmonds,Washington,18141,3424.58,2803
67,98036,425,47.809699,-122.280399,Lynnwood,Washington,33705,3412.24,2809
68,98684,360,45.630243,-122.520383,Vancouver,Washington,20868,3360.25,2856
69,98166,206,47.453288,-122.348794,Seattle,Washington,20302,3343.00,2864
70,98028,425,47.754724,-122.244486,Kenmore,Washington,18165,3329.05,2880
71,98168,206,47.490416,-122.300202,Seattle,Washington,30198,3295.07,2920
72,98006,425,47.557366,-122.147538,Bellevue,Washington,35332,3280.05,2945
73,98011,425,47.753885,-122.201357,Bothell,Washington,26380,3246.23,2983
74,99202,509,47.657156,-117.378870,Spokane,Washington,19801,3242.68,2988
75,98235,999,48.460985,-122.233908,Clearlake,Washington,95,3235.44,2996
76,98663,360,45.654667,-122.662337,Vancouver,Washington,14152,3224.63,3004
77,98177,206,47.746168,-122.367867,Seattle,Washington,18920,3188.91,3028
78,98499,253,47.168693,-122.503347,Lakewood,Washington,28959,3157.44,3049
79,99336,509,46.214005,-119.183953,Kennewick,Washington,40820,3094.38,3104
80,98004,425,47.619919,-122.203093,Bellevue,Washington,22650,3055.73,3145
81,98409,253,47.210957,-122.481577,Tacoma,Washington,21988,3016.35,3182
82,98203,425,47.946398,-122.233601,Everett,Washington,31626,3000.37,3197
83,98498,253,47.159792,-122.557823,Lakewood,Washington,28894,2947.27,3266
84,98208,425,47.900198,-122.187044,Everett,Washington,45498,2869.21,3357
85,98148,206,47.442609,-122.322164,Seattle,Washington,9519,2828.62,3402
86,98385,360,47.138965,-122.095838,South Prairie,Washington,182,2776.35,3463
87,98108,206,47.534868,-122.305792,Seattle,Washington,21223,2763.51,3480
88,98503,360,47.022088,-122.797280,Lacey,Washington,32466,2762.58,3481
89,98310,360,47.596239,-122.621078,Bremerton,Washington,18718,2745.18,3496
90,98353,360,47.553842,-122.545320,Manchester,Washington,122,2713.93,3530
91,98052,425,47.681360,-122.120930,Redmond,Washington,50249,2662.21,3593
92,98422,253,47.287300,-122.388350,Tacoma,Washington,19726,2643.23,3612
93,98934,509,46.983262,-120.416916,Kittitas,Washington,479,2633.48,3626
94,99001,509,47.642200,-117.591346,Airway Heights,Washington,1328,2543.31,3717
95,98354,253,47.251760,-122.312708,Milton,Washington,5678,2479.92,3796
96,98012,425,47.841169,-122.199069,Bothell,Washington,38397,2464.09,3814
97,98270,360,48.060672,-122.146662,Marysville,Washington,34724,2439.85,3845
98,98055,425,47.461422,-122.211562,Renton,Washington,26953,2424.26,3864
99,98311,360,47.626834,-122.643449,Bremerton,Washington,23582,2424.17,3865
101,98685,360,45.714979,-122.692760,Vancouver,Washington,21148,2274.66,4061
102,98445,253,47.142818,-122.410635,Tacoma,Washington,22412,2264.83,4072
103,98188,206,47.450308,-122.280575,Seattle,Washington,22583,2252.39,4086
104,98005,425,47.619367,-122.168725,Bellevue,Washington,17089,2106.22,4291
105,98039,425,47.626035,-122.233707,Medina,Washington,3050,2073.19,4348
106,98021,425,47.792404,-122.205320,Bothell,Washington,20391,2026.67,4413
107,98047,253,47.275498,-122.242843,Pacific,Washington,5174,2022.36,4418
108,98373,253,47.145083,-122.324153,Puyallup,Washington,16922,1793.47,4776
109,98275,425,47.911976,-122.294858,Mukilteo,Washington,19093,1756.58,4823
110,98374,253,47.133850,-122.252608,Puyallup,Washington,29098,1746.50,4841
111,99124,509,48.000431,-118.952286,Elmer City,Washington,148,1736.86,4859
112,98032,253,47.391119,-122.259365,Kent,Washington,28778,1726.83,4878
113,99216,509,47.675073,-117.198385,Spokane,Washington,21576,1708.99,4901
114,98662,360,45.690218,-122.577364,Vancouver,Washington,23772,1703.47,4909
115,98058,425,47.438656,-122.122643,Renton,Washington,37481,1689.15,4933
116,98371,253,47.199448,-122.323541,Puyallup,Washington,20215,1626.32,5029
117,98372,253,47.211092,-122.276350,Puyallup,Washington,20928,1564.21,5136
118,99151,509,48.664290,-118.064106,Marcus,Washington,115,1548.91,5164
119,98375,253,47.103783,-122.322978,Puyallup,Washington,14052,1531.54,5197
120,99206,509,47.629603,-117.258914,Spokane,Washington,31711,1467.26,5304
121,98682,360,45.673827,-122.480111,Vancouver,Washington,42975,1414.87,5399
122,98001,253,47.313069,-122.268414,Auburn,Washington,25771,1408.91,5410
123,98644,999,46.329863,-124.052600,Seaview,Washington,516,1408.84,5411
124,99324,509,46.044882,-118.406146,College Place,Washington,8455,1382.80,5465
125,98392,360,47.731451,-122.562941,Suquamish,Washington,2362,1350.85,5527
126,98686,360,45.723390,-122.624708,Vancouver,Washington,13540,1331.98,5570
127,99212,509,47.660576,-117.310940,Spokane,Washington,18347,1328.03,5575
128,98366,360,47.531483,-122.578693,Port Orchard,Washington,31594,1313.53,5608
129,98342,360,47.750503,-122.534238,Indianola,Washington,721,1299.15,5645
130,98042,253,47.356933,-122.110325,Kent,Washington,38023,1217.79,5839
131,98539,999,46.637019,-123.279465,Doty,Washington,184,1172.03,5928
132,98443,253,47.208753,-122.372463,Tacoma,Washington,5593,1163.95,5950
133,98029,425,47.578444,-122.013924,Issaquah,Washington,28427,1147.44,5982
134,99037,999,47.621245,-117.191953,Veradale,Washington,11963,1135.76,6003
135,99218,509,47.759546,-117.423770,Spokane,Washington,13039,1132.33,6011
136,99020,999,47.563277,-117.496954,Marshall,Washington,51,1118.43,6036
137,98383,360,47.666040,-122.709809,Silverdale,Washington,19298,1103.17,6068
138,98439,253,47.131315,-122.495883,Lakewood,Washington,6794,1100.65,6073
139,98059,425,47.499676,-122.113291,Renton,Washington,27993,1095.11,6095
140,98565,360,46.584123,-122.911843,Napavine,Washington,499,1042.09,6221
141,98335,253,47.299337,-122.615253,Gig Harbor,Washington,22953,1028.49,6253
142,98053,425,47.655058,-122.025817,Redmond,Washington,31203,966.00,6429
143,98501,360,46.979425,-122.875253,Olympia,Washington,33049,874.68,6666
144,98072,425,47.748322,-122.088067,Woodinville,Washington,35196,870.89,6675
145,98388,253,47.141205,-122.621391,Steilacoom,Washington,6278,861.56,6703
146,98390,253,47.184490,-122.183275,Sumner,Washington,45264,840.40,6756
147,98446,253,47.131879,-122.375825,Tacoma,Washington,9178,827.21,6804
148,99223,509,47.589407,-117.344623,Spokane,Washington,25222,821.43,6826
149,98424,253,47.236657,-122.351299,Tacoma,Washington,4836,817.75,6834
150,98821,999,47.536587,-120.552085,Dryden,Washington,243,802.88,6876
151,98345,360,47.698622,-122.623850,Keyport,Washington,403,790.19,6924
152,99352,509,46.308815,-119.303713,Richland,Washington,38753,764.98,7023
153,98506,360,47.098985,-122.865598,Olympia,Washington,17406,763.26,7028
154,99208,509,47.782370,-117.455191,Spokane,Washington,34581,734.97,7126
155,98110,206,47.653444,-122.543694,Bainbridge Island,Washington,20308,733.77,7130
156,98205,425,47.989747,-122.131869,Everett,Washington,17896,688.10,7308
157,98038,425,47.394181,-122.003412,Maple Valley,Washington,22590,682.11,7329
158,98364,999,47.855439,-122.595728,Port Gamble,Washington,102,666.90,7394
159,98315,360,47.722257,-122.714126,Silverdale,Washington,7253,655.77,7439
160,98092,253,47.291033,-122.136900,Auburn,Washington,25470,650.05,7462
161,98258,425,48.051977,-122.052246,Lake Stevens,Washington,16491,645.70,7475
162,98332,253,47.362106,-122.604795,Gig Harbor,Washington,13130,625.97,7557
163,98660,360,45.707104,-122.741115,Vancouver,Washington,10019,589.95,7718
164,98277,360,48.321710,-122.635612,Oak Harbor,Washington,36676,589.74,7719
165,98387,253,47.045421,-122.432025,Spanaway,Washington,35899,571.40,7792
166,98296,360,47.839066,-122.101113,Snohomish,Washington,19475,547.07,7915
167,98516,360,47.103431,-122.799455,Olympia,Washington,14453,544.19,7938
168,98333,253,47.246709,-122.624901,Fox Island,Washington,2803,537.17,7968
169,98595,360,46.883903,-124.107620,Westport,Washington,2811,513.70,8093
170,98271,360,48.086107,-122.235909,Marysville,Washington,23330,510.05,8121
171,98312,360,47.580629,-122.781737,Bremerton,Washington,31968,490.02,8219
172,98502,360,47.080318,-123.043500,Olympia,Washington,26142,468.30,8353
173,98527,360,46.625953,-123.956961,Bay Center,Washington,217,467.56,8357
174,98607,360,45.641722,-122.391331,Camas,Washington,18115,454.20,8443
176,98370,360,47.753840,-122.626814,Poulsbo,Washington,25267,442.81,8505
177,99353,509,46.319033,-119.377314,West Richland,Washington,9294,442.49,8508
178,98632,360,46.204995,-123.062761,Longview,Washington,47202,437.79,8545
179,98027,425,47.505912,-121.975139,Issaquah,Washington,22219,423.04,8666
180,98943,509,47.184690,-120.964846,South Cle Elum,Washington,470,402.84,8792
181,98321,360,47.150590,-122.061871,Buckley,Washington,14652,399.77,8814
182,98233,360,48.500949,-122.345587,Burlington,Washington,12521,396.10,8834
183,99102,509,46.798447,-117.258256,Albion,Washington,563,392.71,8862
184,98338,360,47.034316,-122.276854,Graham,Washington,20694,385.62,8919
185,98513,360,46.980602,-122.726487,Olympia,Washington,24030,364.80,9094
186,98329,253,47.380330,-122.727077,Gig Harbor,Washington,9257,362.65,9107
187,98327,999,47.090373,-122.661868,Dupont,Washington,2173,359.38,9136
188,98221,360,48.503236,-122.650373,Anacortes,Washington,18771,343.13,9269
189,98359,999,47.423265,-122.575264,Olalla,Washington,3927,331.16,9366
190,98226,360,48.749468,-122.444545,Bellingham,Washington,56465,322.93,9451
191,98908,509,46.635423,-120.745033,Yakima,Washington,32380,306.32,9617
192,98604,360,45.795345,-122.497875,Battle Ground,Washington,24572,304.07,9648
193,98433,253,47.058096,-122.624550,Tacoma,Washington,19645,297.57,9721
194,98273,360,48.402754,-122.376148,Mount Vernon,Washington,25217,293.81,9761
195,98367,360,47.457353,-122.702904,Port Orchard,Washington,24502,292.11,9778
196,98290,360,47.948649,-122.003016,Snohomish,Washington,29394,290.84,9792
197,98930,509,46.269119,-119.897062,Grandview,Washington,12919,284.77,9852
198,98154,206,47.606211,-122.333792,Seattle,Washington,1,283.15,9874
199,98164,206,47.605962,-122.332029,Seattle,Washington,1,282.59,9883
200,98340,360,47.902850,-122.561261,Hansville,Washington,1980,281.07,9897
201,99027,999,47.722182,-117.148006,Otis Orchards,Washington,6506,278.39,9933
202,98070,206,47.412192,-122.472554,Vashon,Washington,10123,274.15,9985
203,98346,360,47.821069,-122.525526,Kingston,Washington,8278,274.08,9987
204,98281,360,48.984669,-123.059496,Point Roberts,Washington,1308,267.49,10053
205,98264,360,48.950253,-122.459792,Lynden,Washington,16795,266.04,10078
206,98230,360,48.949569,-122.717921,Blaine,Washington,10743,263.43,10117
207,98817,509,47.787961,-120.001940,Chelan Falls,Washington,348,261.02,10142
208,98248,360,48.865370,-122.622684,Ferndale,Washington,18131,255.14,10235
209,98801,509,47.412675,-120.342082,Wenatchee,Washington,36551,254.67,10241
210,99217,509,47.740564,-117.274568,Spokane,Washington,11267,254.60,10242
211,98923,509,46.666071,-120.717833,Cowiche,Washington,1564,250.02,10303
212,99016,999,47.607880,-117.139712,Greenacres,Washington,7009,247.39,10349
213,98019,425,47.742238,-121.930946,Duvall,Washington,8193,246.36,10364
214,98292,360,48.218113,-122.360923,Stanwood,Washington,31532,238.27,10458
215,98569,360,47.009146,-124.149393,Ocean Shores,Washington,4230,238.06,10461
216,98368,360,48.110129,-122.821169,Port Townsend,Washington,12818,237.95,10464
217,98010,360,47.324563,-121.989478,Black Diamond,Washington,4426,236.59,10481
218,98249,360,48.026183,-122.551103,Freeland,Washington,3690,224.53,10659
219,98257,360,48.405670,-122.511898,La Conner,Washington,3606,223.74,10672
220,98236,360,47.961930,-122.411311,Clinton,Washington,5720,222.96,10684
221,98272,360,47.848649,-121.895402,Monroe,Washington,23347,222.92,10685
222,98571,360,47.225117,-124.198210,Pacific Beach,Washington,478,222.48,10691
223,99019,509,47.642805,-117.079512,Liberty Lake,Washington,5370,218.99,10748
224,98642,360,45.798685,-122.694197,Ridgefield,Washington,12493,218.22,10762
225,98606,360,45.728165,-122.448942,Brush Prairie,Washington,8395,213.71,10821
226,98524,360,47.367929,-122.851977,Allyn,Washington,1424,210.31,10892
227,98640,360,46.542667,-124.036849,Ocean Park,Washington,3811,209.64,10903
228,98802,509,47.490631,-120.198813,East Wenatchee,Washington,23179,204.71,10986
229,98339,999,47.992830,-122.734913,Port Hadlock,Washington,3498,203.72,11009
230,98134,206,47.577676,-122.335954,Seattle,Washington,636,190.66,11241
231,98520,360,46.948438,-123.844210,Aberdeen,Washington,21662,190.03,11252
232,98239,360,48.196497,-122.657954,Coupeville,Washington,5834,188.63,11278
233,98260,360,48.033231,-122.453900,Langley,Washington,4878,186.24,11344
234,98022,360,47.203014,-121.957325,Enumclaw,Washington,21661,185.21,11370
235,99337,509,46.095034,-119.084863,Kennewick,Washington,25215,180.36,11463
236,98617,509,45.625192,-121.169345,Dallesport,Washington,956,178.87,11506
237,98065,425,47.546930,-121.799057,Snoqualmie,Washington,3822,178.42,11517
238,98394,253,47.319076,-122.780872,Vaughn,Washington,786,178.12,11526
239,98349,999,47.275684,-122.776773,Lakebay,Washington,3875,175.86,11583
240,98626,360,46.125222,-122.784032,Kelso,Washington,22549,175.49,11591
241,98382,360,48.062363,-123.092401,Sequim,Washington,21547,173.61,11632
242,98671,360,45.614425,-122.238465,Washougal,Washington,15085,171.95,11674
243,99338,509,46.176075,-119.274432,Kennewick,Washington,7614,168.70,11748
244,98629,360,45.876604,-122.619180,La Center,Washington,7105,168.46,11755
245,98512,360,46.981344,-123.061570,Olympia,Washington,24173,165.46,11817
246,98303,253,47.178043,-122.688918,Anderson Island,Washington,2416,165.27,11824
247,98396,360,47.116940,-122.026464,Wilkeson,Washington,402,164.91,11832
248,98531,360,46.735829,-122.946126,Centralia,Washington,21842,158.42,11992
249,98253,999,48.092397,-122.576537,Greenbank,Washington,1413,158.16,11995
250,98580,253,46.941284,-122.472323,Roy,Washington,9250,157.01,12023
251,99403,509,46.364165,-117.249547,Clarkston,Washington,18621,155.19,12074
252,99005,999,47.843866,-117.359835,Colbert,Washington,6694,146.51,12281
253,98014,425,47.659398,-121.893484,Carnation,Washington,6894,142.19,12421
254,98631,360,46.377455,-124.019393,Long Beach,Washington,3411,142.01,12424
255,98932,509,46.328018,-120.157228,Granger,Washington,4182,141.89,12427
256,98944,509,46.409620,-119.936676,Sunnyside,Washington,20108,141.07,12453
257,98274,360,48.340923,-122.176113,Mount Vernon,Washington,13477,138.59,12528
258,98024,425,47.582104,-121.876202,Fall City,Washington,4787,136.85,12585
259,98953,509,46.427027,-120.233693,Zillah,Washington,6079,136.51,12598
260,98597,360,46.862174,-122.507304,Yelm,Washington,14356,135.88,12618
261,98358,999,48.031999,-122.684007,Nordland,Washington,837,132.82,12711
262,98901,509,46.677182,-120.330547,Yakima,Washington,28724,132.64,12715
263,99224,509,47.650388,-117.526399,Spokane,Washington,16084,130.28,12797
264,99362,509,46.091205,-118.328418,Walla Walla,Washington,38023,126.20,12951
265,98294,360,47.838377,-121.766185,Sultan,Washington,5621,124.83,12992
266,98247,360,48.908884,-122.310917,Everson,Washington,8162,124.00,13019
267,98240,360,48.956676,-122.621393,Custer,Washington,2785,123.41,13038
268,99163,509,46.716242,-117.209557,Pullman,Washington,26196,122.38,13070
269,98903,509,46.543437,-120.774264,Yakima,Washington,13522,121.58,13095
270,98836,999,47.470973,-120.413030,Monitor,Washington,324,119.19,13189
271,98224,360,47.760645,-121.473033,Baring,Washington,202,118.65,13215
272,99026,999,47.805876,-117.615545,Nine Mile Falls,Washington,7500,117.07,13274
273,99025,999,47.780756,-117.089377,Newman Lake,Washington,4743,116.17,13311
274,99021,509,47.837605,-117.191022,Mead,Washington,8533,115.35,13347
275,98223,360,48.179601,-121.977036,Arlington,Washington,33838,114.19,13397
276,98351,253,47.199661,-122.774258,Longbranch,Washington,1065,113.17,13432
277,98250,360,48.550909,-123.106186,Friday Harbor,Washington,6894,111.79,13493
278,98951,509,46.456028,-120.513604,Wapato,Washington,13570,110.96,13537
279,98674,360,45.951267,-122.665541,Woodland,Washington,9065,110.22,13569
280,98579,360,46.789675,-123.131803,Rochester,Washington,9793,110.04,13576
281,98811,999,47.730261,-120.367606,Ardenvoir,Washington,44,109.08,13623
282,98576,360,46.872078,-122.677144,Rainier,Washington,3303,107.23,13702
283,98528,360,47.446368,-122.886829,Belfair,Washington,7860,107.14,13706
284,99022,509,47.606742,-117.700972,Medical Lake,Washington,7304,106.24,13759
285,98584,360,47.210605,-123.158424,Shelton,Washington,31214,105.42,13796
286,98624,360,46.316961,-124.013422,Ilwaco,Washington,1337,105.00,13813
287,98421,253,47.257939,-122.401802,Tacoma,Washington,603,100.34,14013
288,98942,509,46.789693,-120.639917,Selah,Washington,15328,100.00,14031
289,98284,999,48.533806,-122.093599,Sedro Woolley,Washington,22940,98.20,14144
290,98245,999,48.665065,-122.931935,Eastsound,Washington,3217,96.68,14230
291,98557,999,47.046547,-123.268606,Mccleary,Washington,2776,94.39,14341
292,98625,360,46.019957,-122.758278,Kalama,Washington,4483,91.33,14518
293,98262,999,48.674357,-122.646705,Lummi Island,Washington,812,89.44,14646
294,98675,360,45.844137,-122.377009,Yacolt,Washington,4986,89.39,14652
295,98365,360,47.894453,-122.698767,Port Ludlow,Washington,3563,88.32,14715
296,98362,360,47.940158,-123.395678,Port Angeles,Washington,21274,87.39,14776
297,98673,509,45.660565,-120.954087,Wishram,Washington,213,86.89,14804
298,98947,509,46.691825,-120.788859,Tieton,Washington,2599,86.44,14844
299,98611,360,46.310160,-122.894657,Castle Rock,Washington,8317,83.74,15014
300,98547,360,46.783949,-124.035956,Grayland,Washington,1642,83.69,15018
301,98645,999,46.329666,-122.779002,Silverlake,Washington,1240,81.75,15146
302,99301,509,46.377467,-118.957561,Pasco,Washington,40905,78.38,15370
303,98243,999,48.620140,-123.022775,Deer Harbor,Washington,141,77.48,15444
304,98532,360,46.631772,-123.050814,Chehalis,Washington,20211,76.46,15515
305,98530,360,46.782250,-122.802660,Bucoda,Washington,551,75.53,15590
306,98380,360,47.565604,-122.910502,Seabeck,Washington,3412,74.50,15669
307,98589,360,46.834659,-122.822312,Tenino,Washington,6496,73.01,15786
308,98261,999,48.482500,-122.883954,Lopez Island,Washington,2179,72.90,15794
309,98350,999,47.903863,-124.602687,La Push,Washington,371,71.93,15874
310,98593,360,46.412673,-123.012823,Vader,Washington,1067,69.80,16076
311,98238,360,48.315267,-122.351498,Conway,Washington,70,69.71,16085
312,98295,360,48.958114,-122.117603,Sumas,Washington,4826,69.62,16095
313,98941,509,47.244781,-120.974261,Roslyn,Washington,997,68.42,16202
314,98948,509,46.306575,-120.356787,Toppenish,Washington,13262,68.33,16212
315,98815,509,47.518225,-120.486254,Cashmere,Washington,7778,68.10,16232
316,98045,425,47.463289,-121.498930,North Bend,Washington,13717,66.56,16360
317,99123,509,47.841945,-119.134482,Electric City,Washington,924,65.28,16479
318,98328,360,46.862461,-122.261652,Eatonville,Washington,8785,64.09,16576
319,98592,360,47.327750,-123.056149,Union,Washington,1281,63.93,16595
320,98330,360,46.759076,-122.169796,Elbe,Washington,63,63.42,16648
321,98232,999,48.563534,-122.412710,Bow,Washington,3553,63.07,16691
322,98847,999,47.529837,-120.597908,Peshastin,Washington,1508,63.00,16699
323,98837,509,47.174136,-119.287942,Moses Lake,Washington,32400,62.99,16700
324,98581,360,46.369609,-123.071611,Ryderwood,Washington,422,61.71,16835
325,99003,999,47.917122,-117.274929,Chattaroy,Washington,4493,61.11,16893
326,98546,360,47.327011,-122.925173,Grapeview,Washington,2256,60.33,16975
327,98280,999,48.602487,-122.876547,Orcas,Washington,378,60.07,17000
328,98601,360,45.933373,-122.453150,Amboy,Washington,2327,60.04,17004
329,98251,360,47.912329,-121.606833,Gold Bar,Washington,4181,58.23,17183
330,98582,999,46.523682,-122.625740,Salkum,Washington,379,58.10,17194
331,99320,509,46.251649,-119.493004,Benton City,Washington,8286,57.57,17246
332,98360,360,47.005370,-122.092359,Orting,Washington,7524,57.38,17274
333,99006,509,47.967251,-117.501268,Deer Park,Washington,9163,57.13,17303
334,98596,360,46.500752,-122.930905,Winlock,Washington,6567,56.95,17327
335,98381,360,48.293046,-124.438704,Sekiu,Washington,1484,56.43,17376
336,98051,425,47.346210,-121.881291,Ravensdale,Washington,2881,56.23,17398
337,98587,360,47.324195,-124.222000,Taholah,Washington,900,53.64,17708
338,98325,999,47.969797,-122.785818,Chimacum,Washington,1348,53.26,17751
339,98550,360,47.112596,-123.923008,Hoquiam,Washington,11733,51.80,17932
340,98938,509,46.376837,-120.094444,Outlook,Washington,1992,51.39,17990
341,98926,509,47.018385,-120.476046,Ellensburg,Washington,24800,50.07,18153
342,98648,509,45.698273,-121.878750,Stevenson,Washington,2856,49.89,18173
343,98541,360,47.057121,-123.405793,Elma,Washington,9163,46.62,18644
344,98570,360,46.594576,-122.678494,Onalaska,Washington,3576,46.61,18645
345,98933,509,46.407375,-120.648527,Harrah,Washington,1199,46.21,18730
346,99149,509,47.216305,-117.456155,Malden,Washington,218,45.73,18815
347,99004,509,47.420062,-117.631165,Cheney,Washington,14407,43.11,19227
348,98542,999,46.518987,-122.722600,Ethel,Washington,530,39.91,19703
349,98936,509,46.517388,-120.234792,Moxee,Washington,3458,39.70,19743
350,98831,509,47.991845,-120.125315,Manson,Washington,3178,39.60,19765
351,98585,999,46.568779,-122.501232,Silver Creek,Washington,558,39.02,19836
352,98279,999,48.655328,-122.807470,Olga,Washington,745,38.76,19877
353,98591,360,46.444323,-122.778557,Toledo,Washington,2997,38.64,19892
354,98612,360,46.212243,-123.320506,Cathlamet,Washington,2551,38.57,19902
355,99009,999,48.026086,-117.252446,Elk,Washington,3560,37.66,20048
356,99329,509,46.109126,-118.149747,Dixie,Washington,231,37.36,20108
357,98533,999,46.588620,-122.531453,Cinebar,Washington,517,36.51,20253
358,98857,509,46.989083,-119.063999,Warden,Washington,3724,36.43,20271
359,98823,509,47.305421,-119.677215,Ephrata,Washington,9897,36.34,20288
360,99349,509,46.725894,-119.780480,Mattawa,Washington,5564,36.28,20298
361,98672,509,45.843655,-121.448223,White Salmon,Washington,5088,35.81,20406
362,98605,509,45.776892,-121.665459,Bingen,Washington,1186,35.44,20473
363,98588,999,47.439540,-123.040239,Tahuya,Washington,1599,35.41,20478
364,98651,999,45.763029,-121.594111,Underwood,Washington,976,35.21,20505
365,98563,360,47.095494,-123.590880,Montesano,Washington,7380,35.20,20506
366,98572,360,46.596173,-123.316956,Pe Ell,Washington,865,34.61,20611
367,98641,999,46.562265,-124.028893,Oysterville,Washington,48,34.46,20639
368,98564,360,46.492351,-122.466667,Mossyrock,Washington,2240,33.98,20722
369,98828,999,47.307933,-120.164825,Malaga,Washington,1896,33.70,20779
370,99323,509,46.190789,-118.872864,Burbank,Washington,3629,33.09,20919
371,98363,360,47.964707,-123.813787,Port Angeles,Washington,12167,31.94,21152
372,99036,999,47.522702,-117.269884,Valleyford,Washington,950,30.83,21401
373,98357,360,48.333425,-124.634935,Neah Bay,Washington,1356,30.35,21506
374,98639,509,45.663887,-121.966772,North Bonneville,Washington,467,30.33,21509
375,98286,999,48.572745,-122.957430,Shaw Island,Washington,235,30.32,21510
376,99033,509,47.222802,-117.105396,Tekoa,Washington,931,30.11,21561
377,99110,509,48.018791,-117.573233,Clayton,Washington,1329,29.74,21652
378,98614,360,46.286325,-123.915936,Chinook,Washington,556,29.51,21706
379,98562,360,47.258807,-124.206908,Moclips,Washington,192,28.66,21887
380,99156,509,48.155778,-117.206754,Newport,Washington,7073,28.15,21995
381,98535,360,47.132663,-124.132132,Copalis Beach,Washington,489,28.10,22007
382,98220,360,48.688159,-122.215143,Acme,Washington,648,27.07,22252
383,98252,360,48.061797,-121.714468,Granite Falls,Washington,6552,27.05,22254
384,98610,509,45.832258,-121.968019,Carson,Washington,2747,26.71,22334
385,99344,509,46.833925,-119.146790,Othello,Washington,13726,26.67,22346
386,98841,509,48.379699,-119.289234,Omak,Washington,8927,26.50,22385
387,99148,509,48.112677,-117.588077,Loon Lake,Washington,2001,26.26,22430
388,99116,509,48.014782,-118.935774,Coulee Dam,Washington,1587,26.09,22472
389,99350,509,46.142719,-119.701751,Prosser,Washington,11399,25.32,22690
390,98304,360,46.776327,-122.011107,Ashford,Washington,794,24.71,22818
391,98848,509,47.146756,-119.842981,Quincy,Washington,9824,24.10,22959
392,98843,999,47.746568,-120.055099,Orondo,Washington,1556,23.68,23067
393,98555,999,47.515343,-123.073057,Lilliwaup,Washington,476,23.54,23102
394,98851,509,47.438789,-119.410359,Soap Lake,Washington,3759,23.45,23118
395,98577,360,46.655936,-123.626968,Raymond,Washington,6457,23.30,23150
396,98297,999,48.700506,-123.028733,Waldron,Washington,104,22.85,23271
397,99023,999,47.546529,-117.175558,Mica,Washington,356,22.85,23272
398,98813,509,47.989020,-119.599725,Bridgeport,Washington,2348,22.16,23471
399,98586,360,46.548964,-123.857992,South Bend,Washington,2257,21.91,23537
400,98568,360,46.827251,-123.320218,Oakville,Washington,2347,21.71,23597
401,98237,360,48.521734,-121.718028,Concrete,Washington,2911,21.69,23602
402,98850,509,47.396587,-120.068299,Rock Island,Washington,1814,21.68,23606
403,98812,509,48.121770,-119.761206,Brewster,Washington,5327,21.53,23650
404,98946,509,47.079955,-120.763124,Thorp,Washington,461,20.52,23938
405,98356,360,46.563541,-122.309262,Morton,Washington,2158,20.26,24009
406,99321,999,46.860418,-119.857169,Beverly,Washington,620,19.57,24200
407,99114,509,48.655198,-117.735834,Colville,Washington,12359,18.71,24482
408,98935,509,46.136137,-120.032279,Mabton,Washington,3885,18.34,24593
409,99161,509,46.903033,-117.139126,Palouse,Washington,1454,18.14,24660
410,99181,509,48.153277,-117.750775,Valley,Washington,1870,18.13,24663
411,98376,360,47.842496,-122.838654,Quilcene,Washington,1767,18.05,24689
412,99150,509,48.795844,-118.568901,Malo,Washington,275,17.89,24731
413,99343,509,46.596939,-119.162490,Mesa,Washington,3086,17.51,24849
414,98537,360,46.826087,-123.583438,Cosmopolis,Washington,1793,17.50,24853
415,98952,509,46.367864,-120.764000,White Swan,Washington,2684,17.39,24891
416,98244,360,48.848185,-122.063276,Deming,Washington,2339,17.32,24915
417,98620,509,45.845875,-120.750903,Goldendale,Washington,6936,17.18,24963
418,98844,509,48.913780,-119.274127,Oroville,Washington,4501,17.12,24987
419,99152,509,48.889071,-117.371674,Metaline,Washington,199,16.66,25117
420,99109,509,48.274737,-117.723079,Chewelah,Washington,4382,16.46,25182
421,98548,360,47.549895,-123.233568,Hoodsport,Washington,1766,16.31,25233
422,98336,999,46.568989,-122.112192,Glenoma,Washington,1198,16.31,25237
423,99357,509,46.910395,-119.700388,Royal City,Washington,3746,16.08,25305
424,98068,509,47.435960,-121.369011,Snoqualmie Pass,Washington,206,15.99,25335
425,98603,999,45.982514,-122.388262,Ariel,Washington,732,15.63,25462
426,98241,360,48.250061,-121.559140,Darrington,Washington,1953,15.61,25467
427,98331,360,47.907183,-124.415646,Forks,Washington,6220,15.50,25502
428,98649,999,46.345017,-122.639922,Toutle,Washington,735,15.32,25579
429,98922,509,47.195379,-120.945061,Cle Elum,Washington,4597,15.10,25665
430,98635,509,45.749002,-121.185487,Lyle,Washington,2193,14.91,25723
431,99326,509,46.668891,-118.840344,Connell,Washington,3680,14.79,25753
432,98856,509,48.353876,-120.091137,Twisp,Washington,2182,14.75,25767
433,99101,509,48.317995,-117.938592,Addy,Washington,1295,14.52,25837
434,99111,509,46.848116,-117.454849,Colfax,Washington,4209,14.48,25850
435,98650,509,45.982164,-121.538549,Trout Lake,Washington,779,14.23,25931
436,99013,999,47.860588,-117.818494,Ford,Washington,1016,14.14,25953
437,99031,509,47.428951,-117.360635,Spangle,Washington,942,13.93,26018
438,99126,999,48.730806,-117.957219,Evans,Washington,748,13.58,26123
439,98840,509,48.280783,-119.546978,Okanogan,Washington,4808,13.33,26187
440,99133,509,48.020704,-119.054157,Grand Coulee,Washington,1643,13.31,26193
441,98816,509,48.122045,-120.617476,Chelan,Washington,6170,13.25,26208
442,98628,509,45.879400,-121.130937,Klickitat,Washington,298,13.11,26261
443,98590,360,46.760519,-123.963223,Tokeland,Washington,435,13.10,26264
444,98320,360,47.718634,-122.992631,Brinnon,Washington,1197,13.04,26287
445,99141,509,48.751183,-118.134014,Kettle Falls,Washington,5167,12.96,26320
446,98829,509,48.302475,-119.753709,Malott,Washington,562,12.92,26335
447,99030,509,47.476380,-117.104077,Rockford,Washington,848,12.30,26553
448,99040,999,47.876159,-117.990782,Wellpinit,Washington,930,12.14,26614
449,98619,999,46.001091,-121.281497,Glenwood,Washington,522,11.93,26701
450,99034,999,47.882826,-117.745390,Tumtum,Washington,210,11.84,26725
451,98643,360,46.295441,-123.619706,Rosburg,Washington,395,11.66,26784
452,99157,509,48.929215,-117.798823,Northport,Washington,683,11.36,26907
453,98638,360,46.394046,-123.761307,Naselle,Washington,1370,10.97,27065
454,99173,509,48.040751,-117.859675,Springdale,Washington,1253,10.74,27151
455,99029,509,47.693841,-117.831006,Reardan,Washington,1341,10.68,27167
456,99012,509,47.386107,-117.197355,Fairfield,Washington,981,10.52,27226
457,99130,509,47.000855,-117.198379,Garfield,Washington,889,10.17,27330
458,98575,999,47.492318,-123.731331,Quinault,Washington,191,10.06,27378
459,98538,999,46.482859,-123.100776,Curtis,Washington,312,10.00,27400
460,98846,509,48.030365,-120.014009,Pateros,Washington,1005,9.99,27406
461,99180,999,48.285589,-117.306730,Usk,Washington,765,9.51,27591
462,98647,999,46.315246,-123.401355,Skamokawa,Washington,425,9.35,27647
463,99139,509,48.732179,-117.358713,Ione,Washington,1187,9.08,27741
464,98222,999,48.565071,-122.792647,Blakely Island,Washington,64,9.05,27752
465,99330,999,46.492312,-119.021033,Eltopia,Washington,807,9.03,27761
466,99167,999,48.409105,-118.111545,Rice,Washington,580,8.98,27783
467,98616,999,46.087943,-122.266703,Cougar,Washington,96,8.89,27816
468,98855,509,48.691023,-119.328642,Tonasket,Washington,5469,8.84,27831
469,98377,999,46.499823,-121.677200,Randle,Washington,2043,8.36,27996
470,99179,509,46.494979,-117.125923,Uniontown,Washington,499,7.97,28127
471,98950,509,46.920336,-119.996672,Vantage,Washington,170,7.94,28137
472,99160,509,48.807446,-118.199598,Orient,Washington,115,7.75,28188
473,99361,509,46.237841,-118.145763,Waitsburg,Washington,1929,7.75,28190
474,98621,360,46.343035,-123.559855,Grays River,Washington,245,7.67,28213
475,99328,509,46.316552,-117.926754,Dayton,Washington,3806,7.61,28238
476,99113,509,46.584000,-117.179640,Colton,Washington,729,7.57,28259
477,99131,999,48.283336,-118.103073,Gifford,Washington,188,7.55,28269
478,99166,509,48.646520,-118.716638,Republic,Washington,2955,7.32,28345
479,99363,509,46.056211,-118.893574,Wallula,Washington,235,7.26,28370
480,99158,509,47.130498,-117.249184,Oakesdale,Washington,608,7.22,28383
481,98834,509,48.120309,-120.066445,Methow,Washington,262,7.20,28392
482,98355,360,46.702820,-122.039541,Mineral,Washington,634,7.16,28407
483,99170,509,47.264281,-117.398121,Rosalia,Washington,1218,7.15,28411
484,98560,999,47.271524,-123.448226,Matlock,Washington,155,7.15,28412
485,98305,999,48.056293,-124.301240,Beaver,Washington,407,7.03,28451
486,98323,360,47.042645,-121.828774,Carbonado,Washington,719,6.99,28465
487,98536,999,47.194976,-124.104372,Copalis Crossing,Washington,257,6.92,28496
488,98602,999,45.859293,-121.288307,Appleton,Washington,195,6.85,28532
489,98849,509,48.540990,-119.409523,Riverside,Washington,950,6.66,28606
490,99155,509,48.165055,-119.051363,Nespelem,Washington,1281,6.60,28631
491,98826,509,47.677154,-120.930410,Leavenworth,Washington,6586,6.53,28657
492,99119,509,48.515346,-117.414658,Cusick,Washington,1139,6.49,28673
493,98552,360,47.352540,-123.892592,Humptulips,Washington,610,6.48,28678
494,99018,509,47.293986,-117.132359,Latah,Washington,270,6.25,28752
495,99122,509,47.674684,-118.187715,Davenport,Washington,3272,6.23,28760
496,98256,360,47.822643,-121.406198,Index,Washington,523,6.05,28819
497,99360,509,46.098933,-118.678149,Touchet,Washington,1171,6.04,28822
498,98937,509,46.733955,-121.274154,Naches,Washington,3355,5.77,28923
499,98526,360,47.473894,-124.001776,Amanda Park,Washington,430,5.76,28925
501,98361,360,46.538771,-121.504767,Packwood,Washington,1209,5.65,28970
502,99118,509,48.902290,-118.650671,Curlew,Washington,1165,5.57,28992
503,99129,999,48.014957,-118.193094,Fruitland,Washington,751,5.53,29003
504,99185,509,47.748187,-118.678152,Wilbur,Washington,1405,5.52,29010
505,98670,999,45.858198,-121.153060,Wahkiacus,Washington,107,5.33,29082
506,98822,509,47.900973,-120.547315,Entiat,Washington,1874,5.00,29205
507,99008,999,47.506598,-117.900900,Edwall,Washington,707,4.87,29254
508,99402,509,46.198184,-117.148485,Asotin,Washington,1709,4.76,29304
509,99125,509,46.963970,-117.766079,Endicott,Washington,887,4.56,29364
510,98025,425,47.429256,-121.887337,Hobart,Washington,133,4.54,29375
511,98613,509,45.743949,-120.965143,Centerville,Washington,489,4.49,29393
512,99137,999,48.147862,-118.115216,Hunters,Washington,306,4.47,29401
513,99117,509,47.738480,-118.493248,Creston,Washington,548,4.41,29427
514,99121,509,48.977591,-118.463240,Danville,Washington,137,4.39,29435
515,98326,360,48.179870,-124.411486,Clallam Bay,Washington,550,4.36,29444
516,99128,509,47.097950,-117.081344,Farmington,Washington,374,4.29,29470
517,99176,999,47.102921,-117.411346,Thornton,Washington,214,4.13,29544
518,99347,509,46.504166,-117.547544,Pomeroy,Washington,2450,4.10,29560
519,99335,509,46.689633,-118.494286,Kahlotus,Washington,288,4.00,29605
520,99138,509,48.249734,-118.334561,Inchelium,Washington,1173,3.85,29674
521,99171,999,47.098248,-117.653890,Saint John,Washington,1072,3.84,29678
522,99169,509,47.080111,-118.372804,Ritzville,Washington,2534,3.81,29693
523,98819,509,48.585401,-119.827200,Conconully,Washington,256,3.80,29697
524,98862,509,48.471180,-120.471379,Winthrop,Washington,1916,3.69,29741
525,99348,509,46.377168,-118.474684,Prescott,Washington,1699,3.49,29843
526,98940,509,47.477982,-121.084918,Ronald,Washington,524,3.39,29893
527,98858,509,47.670807,-119.888540,Waterville,Washington,1659,3.35,29908
528,98853,999,47.400025,-119.286995,Stratford,Washington,56,3.32,29920
529,98860,509,47.488577,-119.139819,Wilson Creek,Washington,257,2.98,30090
530,99032,509,47.274403,-117.989955,Sprague,Washington,710,2.85,30152
531,99159,509,47.323629,-118.749182,Odessa,Washington,1645,2.82,30166
532,99134,509,47.454343,-118.342435,Harrington,Washington,637,2.77,30190
533,99341,509,46.912435,-118.639665,Lind,Washington,998,2.74,30203
534,99115,509,47.662777,-119.438201,Coulee City,Washington,1133,2.73,30207
535,99153,509,48.910890,-117.165805,Metaline Falls,Washington,440,2.55,30307
536,98832,999,47.309890,-119.046527,Marlin,Washington,318,2.54,30312
537,98925,509,47.361084,-121.249759,Easton,Washington,588,2.42,30379
538,99017,509,47.184129,-117.886758,Lamont,Washington,221,2.39,30393
539,99371,509,46.815818,-118.331159,Washtucna,Washington,419,2.37,30404
540,98814,999,48.241631,-120.195712,Carlton,Washington,567,2.14,30529
541,99346,999,45.964295,-119.379908,Plymouth,Washington,268,2.11,30542
542,99143,999,46.736450,-117.909558,Lacrosse,Washington,766,1.96,30632
543,99140,509,48.096113,-118.728147,Keller,Washington,439,1.94,30648
544,99103,509,47.753508,-118.949806,Almira,Washington,577,1.90,30683
545,99359,509,46.510216,-118.194986,Starbuck,Washington,72,1.80,30735
546,98859,999,48.797934,-118.956371,Wauconda,Washington,226,1.79,30741
547,99345,999,45.941592,-119.689159,Paterson,Washington,222,1.78,30749
548,98845,999,47.429329,-119.890887,Palisades,Washington,95,1.74,30779
549,99135,509,47.630485,-119.109048,Hartline,Washington,243,1.63,30854
550,98288,360,47.614940,-121.417749,Skykomish,Washington,433,1.63,30857
551,98827,509,48.868980,-119.720455,Loomis,Washington,437,1.60,30878
552,98830,509,47.918879,-119.487973,Mansfield,Washington,498,1.54,30907
553,99154,999,47.373718,-118.364699,Mohler,Washington,34,1.43,30963
554,98267,360,48.401646,-121.292255,Marblemount,Washington,582,1.41,30977
555,99401,999,46.053358,-117.286726,Anatone,Washington,221,1.40,30983
556,99322,509,45.941486,-120.196954,Bickleton,Washington,245,1.33,31024
557,99136,999,46.656700,-117.959434,Hay,Washington,48,1.23,31085
558,99146,509,48.957294,-118.280382,Laurier,Washington,44,1.18,31114
559,99356,509,45.845700,-120.283997,Roosevelt,Washington,175,1.15,31134
560,98283,360,48.731429,-121.472545,Rockport,Washington,378,0.70,31381
561,99105,999,46.870311,-118.080007,Benge,Washington,57,0.69,31382
562,98852,999,48.431977,-120.815494,Stehekin,Washington,100,0.44,31545
